Video_Nome,Frame,Cotovelo_Dir,Cotovelo_Esq,Ombro_Dir,Ombro_Esq
band_pull_apart.mp4,10,83.57,122.32,21.41,29.11
band_pull_apart.mp4,20,84.16,121.96,21.91,27.45
band_pull_apart.mp4,30,83.92,120.75,20.71,26.92
band_pull_apart.mp4,40,83.28,120.74,21.47,28.92
band_pull_apart.mp4,50,86.19,125.61,20.6,32.2
band_pull_apart.mp4,60,85.5,125.88,22.79,34.77
band_pull_apart.mp4,70,86.74,119.59,33.01,34.42
band_pull_apart.mp4,80,95.45,161.35,61.12,71.87
band_pull_apart.mp4,90,104.01,173.5,76.83,83.58
band_pull_apart.mp4,100,107.34,174.43,81.11,101.41
band_pull_apart.mp4,110,113.81,175.6,80.65,111.07
band_pull_apart.mp4,120,110.7,172.76,81.5,99.4
band_pull_apart.mp4,130,112.58,171.15,83.86,99.86
band_pull_apart.mp4,140,91.85,154.91,75.43,101.83
band_pull_apart.mp4,150,85.39,147.36,67.07,105.56
band_pull_apart.mp4,160,97.63,148.49,64.16,107.11
band_pull_apart.mp4,170,86.27,144.1,65.14,102.76
band_pull_apart.mp4,180,100.23,147.86,64.68,104.75
band_pull_apart.mp4,190,114.85,148.7,64.74,105.93
band_pull_apart.mp4,200,141.1,150.07,64.54,105.27
band_pull_apart.mp4,210,141.99,147.11,66.34,100.97
band_pull_apart.mp4,220,147.61,145.25,66.75,100.19
band_pull_apart.mp4,230,161.56,148.92,69.84,103.25
band_pull_apart.mp4,240,166.87,148.62,70.65,103.06
band_pull_apart.mp4,250,133.83,146.92,63.74,102.41
band_pull_apart.mp4,260,83.5,137.76,63.04,98.69
band_pull_apart.mp4,270,84.7,141.1,71.26,100.04
band_pull_apart.mp4,280,89.91,149.27,73.54,103.95
band_pull_apart.mp4,290,105.01,169.41,82.73,103.13
band_pull_apart.mp4,300,106.11,173.92,79.79,108.27
band_pull_apart.mp4,310,113.06,174.11,81.88,105.16
band_pull_apart.mp4,320,96.93,163.01,76.2,98.49
band_pull_apart.mp4,330,87.88,144.87,66.94,99.16
band_pull_apart.mp4,340,82.63,137.24,67.28,94.11
band_pull_apart.mp4,350,94.35,139.92,65.4,94.97
band_pull_apart.mp4,360,114.78,139.85,62.66,97.01
band_pull_apart.mp4,370,137.48,141.19,68.01,96.75
band_pull_apart.mp4,380,148.33,143.7,69.33,98.0
band_pull_apart.mp4,390,157.39,143.87,70.73,97.52
band_pull_apart.mp4,400,164.27,146.03,72.82,99.09
band_pull_apart.mp4,410,167.63,147.83,74.19,99.83
band_pull_apart.mp4,420,166.51,146.73,73.15,99.53
band_pull_apart.mp4,430,168.94,147.04,74.71,98.79
band_pull_apart.mp4,440,160.82,143.17,71.8,96.69
band_pull_apart.mp4,450,133.7,143.89,72.13,96.88
band_pull_apart.mp4,460,95.1,141.33,66.72,96.71
band_pull_apart.mp4,470,93.21,141.1,65.78,95.88
band_pull_apart.mp4,480,84.15,137.45,69.34,90.51
band_pull_apart.mp4,490,94.01,163.57,78.55,92.95
band_pull_apart.mp4,500,112.3,172.58,79.13,100.8
band_pull_apart.mp4,510,106.14,171.47,78.59,106.06
band_pull_apart.mp4,520,108.33,172.91,78.1,102.13
band_pull_apart.mp4,530,92.72,151.18,79.53,90.69
band_pull_apart.mp4,540,83.24,142.19,68.98,96.89
band_pull_apart.mp4,550,85.17,139.9,65.24,96.38
band_pull_apart.mp4,560,94.89,141.62,63.97,96.62
band_pull_apart.mp4,570,87.81,140.62,60.86,96.72
band_pull_apart.mp4,580,105.89,141.57,64.72,94.01
band_pull_apart.mp4,590,138.46,142.75,66.8,95.62
band_pull_apart.mp4,600,155.52,145.59,73.37,96.66
band_pull_apart.mp4,610,165.29,146.71,74.1,99.26
band_pull_apart.mp4,620,165.09,145.71,71.69,98.83
band_pull_apart.mp4,630,163.53,145.37,69.3,98.53
band_pull_apart.mp4,640,115.97,143.11,66.29,97.0
band_pull_apart.mp4,650,83.49,135.52,66.78,92.84
band_pull_apart.mp4,660,90.09,139.12,71.47,91.83
band_pull_apart.mp4,670,97.4,149.52,78.52,88.02
band_pull_apart.mp4,680,110.42,173.43,78.11,103.43
band_pull_apart.mp4,690,111.92,172.82,78.59,102.41
band_pull_apart.mp4,700,109.93,173.68,79.76,101.27
band_pull_apart.mp4,710,97.08,163.87,78.87,97.2
band_pull_apart.mp4,720,84.63,138.72,69.14,93.3
band_pull_apart.mp4,730,86.57,138.28,62.73,95.27
band_pull_apart.mp4,740,88.53,132.96,63.83,92.66
band_pull_apart.mp4,750,81.72,133.55,63.82,91.81
band_pull_apart.mp4,760,81.18,133.21,66.85,89.73
band_pull_apart.mp4,770,118.1,141.12,66.41,93.74
band_pull_apart.mp4,780,148.5,142.92,70.4,97.4
band_pull_apart.mp4,790,160.59,143.29,73.67,95.77
band_pull_apart.mp4,800,171.78,143.44,75.87,96.48
band_pull_apart.mp4,810,169.0,146.15,71.87,100.11
band_pull_apart.mp4,820,151.2,143.74,67.09,98.57
band_pull_apart.mp4,830,87.48,134.9,64.72,91.83
band_pull_apart.mp4,840,84.81,139.31,72.39,90.48
band_pull_apart.mp4,850,102.5,169.27,82.58,93.95
band_pull_apart.mp4,860,108.43,172.82,78.58,99.04
band_pull_apart.mp4,870,103.07,175.19,82.18,101.0
band_pull_apart.mp4,880,107.63,173.89,77.52,104.89
band_pull_apart.mp4,890,107.08,172.31,78.78,100.6
band_pull_apart.mp4,900,88.18,157.17,70.82,101.25
band_pull_apart.mp4,910,84.14,143.6,65.05,98.37
band_pull_apart.mp4,920,90.84,139.97,59.09,97.15
band_pull_apart.mp4,930,130.0,145.08,62.42,100.6
band_pull_apart.mp4,940,120.16,141.03,63.46,96.94
band_pull_apart.mp4,950,158.5,144.15,71.5,99.15
band_pull_apart.mp4,960,153.29,139.73,72.32,95.6
band_pull_apart.mp4,970,148.91,134.86,72.79,92.71
band_pull_apart.mp4,980,163.01,140.36,73.31,96.81
band_pull_apart.mp4,990,166.74,144.28,73.02,100.22
band_pull_apart.mp4,1000,156.2,147.14,64.86,103.76
band_pull_apart.mp4,1010,81.8,138.87,65.77,97.54
band_pull_apart.mp4,1020,88.21,142.1,70.38,95.73
band_pull_apart.mp4,1030,98.85,166.95,83.75,94.82
band_pull_apart.mp4,1040,103.29,172.32,80.56,103.35
band_pull_apart.mp4,1050,97.97,167.13,76.28,82.37
band_pull_apart.mp4,1060,100.22,167.5,61.54,80.12
band_pull_apart.mp4,1070,84.52,133.25,50.81,50.38
band_pull_apart.mp4,1080,83.99,112.66,28.55,34.38
band_pull_apart.mp4,1090,81.79,114.04,23.72,29.95
band_pull_apart.mp4,1100,83.24,119.36,26.34,28.72
band_pull_apart.mp4,1110,86.42,123.92,31.61,26.16
band_pull_apart.mp4,1120,86.18,121.57,26.32,24.81
band_pull_apart.mp4,1130,85.92,119.34,24.33,25.78
band_pull_apart.mp4,1140,85.73,120.63,25.13,25.83
band_pull_apart.mp4,1150,83.93,120.13,23.93,25.79
band_pull_apart.mp4,1160,86.54,119.6,24.67,26.13
band_pull_apart.mp4,1170,85.93,117.6,23.44,25.76
barbell_dead_row.mp4,10,82.42,106.54,25.75,23.54
barbell_dead_row.mp4,20,83.27,109.2,29.82,24.45
barbell_dead_row.mp4,30,83.88,106.32,22.93,25.05
barbell_dead_row.mp4,40,82.25,107.88,27.98,24.72
barbell_dead_row.mp4,50,83.85,108.17,27.23,25.14
barbell_dead_row.mp4,60,83.03,109.31,29.93,23.97
barbell_dead_row.mp4,70,83.83,111.45,24.45,27.13
barbell_dead_row.mp4,80,85.83,112.26,33.46,23.87
barbell_dead_row.mp4,90,82.78,106.03,18.38,23.37
barbell_dead_row.mp4,100,82.1,117.3,16.13,42.62
barbell_dead_row.mp4,110,79.32,130.61,30.32,77.63
barbell_dead_row.mp4,130,117.44,144.33,94.98,122.81
barbell_dead_row.mp4,140,97.98,151.81,74.02,124.55
barbell_dead_row.mp4,150,128.91,154.37,106.91,134.25
barbell_dead_row.mp4,160,112.15,154.82,89.39,125.78
barbell_dead_row.mp4,170,111.24,163.87,87.65,130.54
barbell_dead_row.mp4,180,116.8,145.53,88.73,114.6
barbell_dead_row.mp4,190,135.28,131.2,102.68,114.8
barbell_dead_row.mp4,220,127.39,153.43,76.29,109.39
barbell_dead_row.mp4,230,123.17,154.97,75.56,102.45
barbell_dead_row.mp4,240,85.77,125.6,41.79,82.04
barbell_dead_row.mp4,250,56.47,81.66,39.59,49.83
barbell_dead_row.mp4,260,160.28,141.85,103.66,103.22
barbell_dead_row.mp4,270,158.09,147.09,100.75,105.95
barbell_dead_row.mp4,280,158.55,148.76,117.36,118.36
barbell_dead_row.mp4,290,142.53,141.18,111.36,117.71
barbell_dead_row.mp4,300,80.06,73.37,43.16,59.15
barbell_dead_row.mp4,310,126.32,94.9,26.52,34.17
barbell_dead_row.mp4,320,67.28,102.33,28.03,64.49
barbell_dead_row.mp4,330,84.73,125.59,43.12,78.48
barbell_dead_row.mp4,340,85.01,138.09,40.02,89.01
barbell_dead_row.mp4,350,117.33,156.01,65.6,106.88
barbell_dead_row.mp4,360,175.1,141.69,19.82,42.09
barbell_dead_row.mp4,370,72.76,128.52,60.54,114.26
barbell_dead_row.mp4,380,105.65,139.12,74.4,96.91
barbell_dead_row.mp4,390,110.49,152.95,79.64,111.19
barbell_dead_row.mp4,400,104.94,143.33,77.1,106.68
barbell_dead_row.mp4,410,120.97,152.3,99.24,131.37
barbell_dead_row.mp4,420,128.8,143.31,91.18,99.14
barbell_dead_row.mp4,430,131.73,156.87,72.58,101.76
barbell_dead_row.mp4,440,99.51,141.21,47.45,86.95
barbell_dead_row.mp4,450,66.91,95.41,24.99,56.43
barbell_dead_row.mp4,460,70.22,103.39,57.99,79.24
barbell_dead_row.mp4,470,160.3,145.43,91.6,86.75
barbell_dead_row.mp4,480,166.08,144.96,104.95,96.82
barbell_dead_row.mp4,490,162.13,142.43,104.45,93.83
barbell_dead_row.mp4,500,160.71,145.72,125.21,117.44
barbell_dead_row.mp4,510,150.54,142.69,117.9,115.95
barbell_dead_row.mp4,520,48.96,71.85,43.77,45.57
barbell_dead_row.mp4,530,65.35,92.97,25.43,36.12
barbell_dead_row.mp4,540,76.14,115.16,36.65,77.65
barbell_dead_row.mp4,550,85.25,135.94,37.58,86.7
barbell_dead_row.mp4,560,101.26,123.49,50.99,62.42
barbell_dead_row.mp4,570,135.69,145.92,91.16,100.23
barbell_dead_row.mp4,580,115.16,123.38,81.01,98.41
barbell_dead_row.mp4,590,127.13,109.15,18.56,47.87
barbell_dead_row.mp4,600,155.06,136.6,11.48,25.82
barbell_dead_row.mp4,610,132.99,155.19,111.35,139.1
barbell_dead_row.mp4,620,150.63,170.03,109.54,115.38
barbell_dead_row.mp4,630,82.08,129.89,43.56,84.46
barbell_dead_row.mp4,640,86.82,83.7,29.73,36.72
barbell_dead_row.mp4,650,163.14,145.66,138.43,129.92
barbell_dead_row.mp4,660,166.07,160.66,97.57,97.55
barbell_dead_row.mp4,670,162.01,160.57,99.76,96.94
barbell_dead_row.mp4,680,155.24,153.17,111.8,109.07
barbell_dead_row.mp4,690,161.3,148.44,108.76,108.87
barbell_dead_row.mp4,700,162.81,145.38,133.07,129.54
barbell_dead_row.mp4,710,150.16,113.9,28.89,30.19
barbell_dead_row.mp4,720,147.21,120.99,20.4,29.25
barbell_dead_row.mp4,730,100.04,121.86,19.4,34.88
barbell_dead_row.mp4,740,83.03,122.86,45.48,78.71
barbell_dead_row.mp4,750,138.8,150.43,79.73,108.66
barbell_dead_row.mp4,760,157.52,147.83,91.44,99.08
barbell_dead_row.mp4,770,174.23,140.8,15.87,45.74
barbell_dead_row.mp4,780,110.86,118.92,60.9,78.91
barbell_dead_row.mp4,790,172.81,144.49,17.21,30.01
barbell_dead_row.mp4,810,172.36,129.8,47.61,105.57
barbell_dead_row.mp4,820,84.98,135.14,42.77,92.27
barbell_dead_row.mp4,830,78.76,89.67,27.65,48.0
barbell_dead_row.mp4,840,154.31,142.81,129.8,124.4
barbell_dead_row.mp4,850,153.28,151.31,114.57,113.23
barbell_dead_row.mp4,860,155.31,158.25,94.27,93.05
barbell_dead_row.mp4,870,162.99,169.77,94.34,88.84
barbell_dead_row.mp4,880,158.0,161.66,95.24,90.29
barbell_dead_row.mp4,890,153.3,155.19,89.0,88.47
barbell_dead_row.mp4,900,158.25,150.29,124.66,122.18
barbell_dead_row.mp4,910,134.7,61.38,37.8,44.31
barbell_dead_row.mp4,920,135.64,119.63,27.32,27.39
barbell_dead_row.mp4,930,111.11,114.0,20.53,30.12
barbell_dead_row.mp4,940,76.41,96.88,23.87,59.91
barbell_dead_row.mp4,950,78.1,125.78,35.9,84.7
barbell_dead_row.mp4,960,125.89,155.59,68.23,105.32
barbell_dead_row.mp4,970,136.59,132.1,74.73,102.18
barbell_dead_row.mp4,980,105.4,110.37,74.95,80.28
barbell_dead_row.mp4,990,130.38,123.47,73.43,103.58
barbell_dead_row.mp4,1000,116.56,138.45,90.91,121.91
barbell_dead_row.mp4,1010,125.35,112.41,74.9,74.37
barbell_dead_row.mp4,1020,126.46,150.11,71.7,101.43
barbell_dead_row.mp4,1030,83.24,120.79,38.82,80.72
barbell_dead_row.mp4,1040,65.49,81.76,30.3,45.44
barbell_dead_row.mp4,1050,156.03,147.57,128.5,124.64
barbell_dead_row.mp4,1060,162.24,161.79,100.37,99.48
barbell_dead_row.mp4,1070,158.44,169.17,100.73,102.02
barbell_dead_row.mp4,1080,159.41,163.09,100.93,101.63
barbell_dead_row.mp4,1090,154.56,164.96,90.41,92.46
barbell_dead_row.mp4,1100,160.97,160.2,93.81,94.82
barbell_dead_row.mp4,1110,159.82,147.41,118.73,118.18
barbell_dead_row.mp4,1120,72.66,69.21,33.4,48.88
barbell_dead_row.mp4,1130,93.15,102.2,20.63,34.65
barbell_dead_row.mp4,1140,71.13,99.76,32.71,67.86
barbell_dead_row.mp4,1150,87.87,128.21,45.82,83.69
barbell_dead_row.mp4,1160,130.44,146.23,77.58,107.92
barbell_dead_row.mp4,1170,131.21,147.19,95.4,109.45
barbell_dead_row.mp4,1180,121.69,157.59,28.55,50.17
barbell_dead_row.mp4,1190,112.13,142.64,89.06,118.04
barbell_dead_row.mp4,1200,116.54,114.89,80.24,87.78
barbell_dead_row.mp4,1210,110.34,108.98,69.27,82.06
barbell_dead_row.mp4,1220,130.62,134.85,46.05,88.83
barbell_dead_row.mp4,1230,81.77,128.32,41.47,92.61
barbell_dead_row.mp4,1240,116.51,105.57,23.13,35.98
barbell_dead_row.mp4,1250,161.55,144.6,136.9,131.56
barbell_dead_row.mp4,1260,166.17,171.1,93.67,93.7
barbell_dead_row.mp4,1270,162.09,172.96,89.32,89.91
barbell_dead_row.mp4,1280,162.49,172.14,94.96,94.67
barbell_dead_row.mp4,1290,163.78,172.87,87.6,93.85
barbell_dead_row.mp4,1300,155.64,148.32,77.09,79.57
barbell_dead_row.mp4,1310,133.1,120.54,82.39,88.34
barbell_dead_row.mp4,1320,75.3,84.21,24.19,34.9
barbell_dead_row.mp4,1330,71.46,104.06,22.94,70.8
barbell_dead_row.mp4,1340,76.72,129.77,32.3,80.97
barbell_dead_row.mp4,1350,140.02,129.71,80.7,99.74
barbell_dead_row.mp4,1360,100.39,133.0,65.62,95.98
barbell_dead_row.mp4,1370,98.87,126.47,75.0,96.1
barbell_dead_row.mp4,1380,105.31,130.14,71.33,96.5
barbell_dead_row.mp4,1390,105.17,134.65,80.81,106.8
barbell_dead_row.mp4,1400,114.86,133.39,84.11,101.69
barbell_dead_row.mp4,1410,99.76,144.42,71.94,105.71
barbell_dead_row.mp4,1430,82.22,129.77,36.76,83.75
barbell_dead_row.mp4,1440,78.57,111.21,27.44,31.78
barbell_dead_row.mp4,1450,156.85,146.43,121.43,120.21
barbell_dead_row.mp4,1460,162.26,164.89,100.74,98.58
barbell_dead_row.mp4,1470,162.12,173.72,100.44,101.59
barbell_dead_row.mp4,1480,162.74,170.96,101.22,100.14
barbell_dead_row.mp4,1490,165.74,173.34,101.71,99.28
barbell_dead_row.mp4,1500,163.36,167.91,97.93,96.39
barbell_dead_row.mp4,1510,156.54,155.62,96.75,101.03
barbell_dead_row.mp4,1520,162.75,147.39,132.17,127.71
barbell_dead_row.mp4,1530,161.09,124.45,26.48,25.89
barbell_dead_row.mp4,1540,99.04,90.96,18.65,44.94
barbell_dead_row.mp4,1550,86.37,111.99,18.3,63.35
barbell_dead_row.mp4,1560,74.13,138.45,26.5,84.6
barbell_dead_row.mp4,1570,111.88,153.87,61.31,106.58
barbell_dead_row.mp4,1580,124.82,154.87,93.87,103.91
barbell_dead_row.mp4,1590,120.67,118.76,86.25,89.56
barbell_dead_row.mp4,1600,107.4,124.6,76.44,91.93
barbell_dead_row.mp4,1610,101.77,124.56,75.33,90.89
barbell_dead_row.mp4,1620,110.3,153.32,82.81,128.19
barbell_dead_row.mp4,1630,122.97,157.26,21.82,30.33
barbell_dead_row.mp4,1640,120.84,97.1,19.69,68.09
barbell_dead_row.mp4,1650,119.11,147.88,17.27,34.83
barbell_dead_row.mp4,1660,102.13,120.92,74.66,90.67
barbell_dead_row.mp4,1670,105.46,132.95,75.65,88.28
barbell_dead_row.mp4,1680,112.22,148.43,84.82,113.06
barbell_dead_row.mp4,1690,177.82,173.96,40.76,19.17
barbell_dead_row.mp4,1700,83.7,139.86,36.11,86.35
barbell_dead_row.mp4,1710,74.92,121.63,26.06,60.86
barbell_dead_row.mp4,1720,71.85,106.56,9.72,33.14
barbell_dead_row.mp4,1730,84.12,109.8,16.41,28.79
barbell_dead_row.mp4,1740,87.99,110.29,23.17,21.9
barbell_dead_row.mp4,1750,86.96,107.89,20.18,23.3
barbell_dead_row.mp4,1760,86.17,109.18,20.53,23.34
barbell_dead_row.mp4,1770,85.85,104.87,16.39,21.49
barbell_dead_row.mp4,1780,87.0,104.82,14.96,21.34
barbell_row.mp4,10,85.09,105.49,15.62,22.45
barbell_row.mp4,20,86.49,106.06,15.42,22.39
barbell_row.mp4,30,86.95,105.95,14.91,22.72
barbell_row.mp4,40,88.56,107.69,17.78,22.48
barbell_row.mp4,50,90.56,105.14,13.89,20.97
barbell_row.mp4,60,90.45,105.73,11.01,22.37
barbell_row.mp4,70,87.22,104.33,12.42,22.15
barbell_row.mp4,80,73.57,105.32,9.35,31.42
barbell_row.mp4,90,72.0,121.88,20.13,61.22
barbell_row.mp4,100,81.04,135.94,24.7,76.79
barbell_row.mp4,110,117.56,154.1,68.91,100.92
barbell_row.mp4,130,115.7,123.17,83.0,83.91
barbell_row.mp4,150,127.19,119.89,93.19,90.72
barbell_row.mp4,160,98.28,133.38,73.32,116.95
barbell_row.mp4,170,52.78,97.86,25.44,84.72
barbell_row.mp4,180,111.3,143.98,88.64,115.81
barbell_row.mp4,190,120.41,141.32,92.43,116.65
barbell_row.mp4,200,160.0,140.61,55.46,121.69
barbell_row.mp4,220,125.9,148.13,81.74,93.57
barbell_row.mp4,230,134.45,153.23,78.12,102.3
barbell_row.mp4,240,152.23,158.7,79.71,98.32
barbell_row.mp4,250,120.69,138.35,50.05,104.84
barbell_row.mp4,260,143.33,154.57,99.89,109.4
barbell_row.mp4,270,92.36,119.07,42.15,93.55
barbell_row.mp4,280,96.79,123.37,24.4,40.39
barbell_row.mp4,290,174.89,135.98,14.36,27.81
barbell_row.mp4,300,173.78,137.18,10.87,28.67
barbell_row.mp4,310,177.14,135.82,9.85,25.59
barbell_row.mp4,320,175.62,145.86,10.83,21.9
barbell_row.mp4,330,176.68,143.01,9.47,24.07
barbell_row.mp4,340,175.61,144.9,12.17,23.74
barbell_row.mp4,350,167.87,130.74,14.49,27.7
barbell_row.mp4,360,74.44,122.64,40.91,59.38
barbell_row.mp4,370,93.42,141.24,42.96,90.21
barbell_row.mp4,380,100.88,130.82,51.8,84.05
barbell_row.mp4,390,109.57,144.81,58.14,89.28
barbell_row.mp4,400,121.02,157.31,69.0,98.99
barbell_row.mp4,410,124.28,155.11,74.57,100.27
barbell_row.mp4,420,127.28,156.61,79.18,102.87
barbell_row.mp4,430,103.5,144.8,55.82,93.72
barbell_row.mp4,440,80.02,132.2,44.07,60.99
barbell_row.mp4,450,163.55,118.68,17.23,38.21
barbell_row.mp4,460,175.73,144.58,10.52,22.02
barbell_row.mp4,470,174.09,137.83,13.32,26.07
barbell_row.mp4,480,175.64,142.84,10.42,22.47
barbell_row.mp4,490,170.64,145.37,12.39,23.2
barbell_row.mp4,500,169.38,142.9,12.75,22.69
barbell_row.mp4,510,168.44,141.6,13.92,23.47
barbell_row.mp4,520,166.98,138.9,12.97,23.62
barbell_row.mp4,530,155.19,121.92,14.08,30.37
barbell_row.mp4,540,87.35,122.32,32.13,77.92
barbell_row.mp4,550,87.11,126.98,41.99,79.73
barbell_row.mp4,560,106.8,139.59,58.71,88.84
barbell_row.mp4,570,104.81,139.06,55.87,87.86
barbell_row.mp4,580,111.37,143.21,58.16,89.8
barbell_row.mp4,590,105.63,142.49,57.09,93.97
barbell_row.mp4,600,98.11,136.26,53.67,96.1
barbell_row.mp4,610,77.92,125.07,26.9,37.3
barbell_row.mp4,620,175.94,126.96,16.33,34.74
barbell_row.mp4,630,176.61,149.49,1.97,22.55
barbell_row.mp4,640,175.69,140.04,4.2,27.45
barbell_row.mp4,650,178.08,143.89,7.62,24.68
barbell_row.mp4,660,172.82,147.88,9.96,21.95
barbell_row.mp4,670,177.56,146.59,5.82,23.07
barbell_row.mp4,680,175.74,140.57,11.62,24.6
barbell_row.mp4,690,167.95,136.6,11.74,22.62
barbell_row.mp4,700,79.42,127.93,43.15,89.96
barbell_row.mp4,710,87.35,130.46,40.89,88.24
barbell_row.mp4,720,95.96,132.77,48.49,84.2
barbell_row.mp4,730,114.45,150.72,63.39,96.48
barbell_row.mp4,740,117.51,148.98,67.7,96.32
barbell_row.mp4,750,125.55,153.56,73.62,102.16
barbell_row.mp4,760,103.09,138.82,54.32,94.68
barbell_row.mp4,770,98.73,127.88,48.23,105.13
barbell_row.mp4,780,177.93,140.22,10.8,28.59
barbell_row.mp4,790,165.08,125.52,3.35,48.05
barbell_row.mp4,800,168.87,142.65,13.17,23.07
barbell_row.mp4,810,174.23,136.33,12.37,26.52
barbell_row.mp4,820,174.8,144.68,9.37,23.41
barbell_row.mp4,830,176.63,139.55,13.01,26.94
barbell_row.mp4,840,171.61,140.96,12.05,22.41
barbell_row.mp4,850,156.53,130.13,13.64,26.7
barbell_row.mp4,860,84.71,127.12,33.0,76.36
barbell_row.mp4,870,91.11,134.72,45.75,85.99
barbell_row.mp4,880,116.79,146.59,65.39,95.97
barbell_row.mp4,890,103.76,144.91,53.88,88.25
barbell_row.mp4,900,132.89,154.83,81.46,102.21
barbell_row.mp4,910,109.79,135.16,60.69,88.95
barbell_row.mp4,920,86.19,115.95,34.08,71.5
barbell_row.mp4,930,158.47,127.61,16.01,32.3
barbell_row.mp4,940,173.72,138.09,13.75,25.84
barbell_row.mp4,950,176.19,84.64,10.03,62.35
barbell_row.mp4,960,175.21,137.43,11.33,27.3
barbell_row.mp4,970,171.46,143.68,10.8,24.55
barbell_row.mp4,980,174.77,125.01,9.54,34.65
barbell_row.mp4,990,177.59,145.23,15.0,22.33
barbell_row.mp4,1000,165.22,121.39,12.55,35.48
barbell_row.mp4,1010,84.91,117.61,43.83,83.75
barbell_row.mp4,1020,86.47,135.55,40.28,88.49
barbell_row.mp4,1030,108.45,140.33,63.3,94.05
barbell_row.mp4,1040,131.88,154.62,84.86,106.29
barbell_row.mp4,1050,131.49,148.13,85.01,100.28
barbell_row.mp4,1060,136.46,148.91,93.22,101.03
barbell_row.mp4,1070,85.04,122.1,55.11,61.05
barbell_row.mp4,1080,171.78,150.47,13.74,18.97
barbell_row.mp4,1090,178.79,136.39,12.94,28.87
barbell_row.mp4,1100,175.52,141.25,10.7,26.36
barbell_row.mp4,1110,175.27,140.71,10.59,25.29
barbell_row.mp4,1120,173.15,95.92,8.24,49.11
barbell_row.mp4,1130,171.08,119.68,9.1,38.63
barbell_row.mp4,1140,162.59,127.5,13.92,25.99
barbell_row.mp4,1150,80.53,120.31,34.5,82.71
barbell_row.mp4,1160,98.71,140.86,49.43,92.6
barbell_row.mp4,1170,138.37,155.32,91.73,103.47
barbell_row.mp4,1190,159.84,179.63,4.21,11.03
barbell_row.mp4,1200,154.16,155.88,12.29,10.84
barbell_row.mp4,1210,169.09,113.36,20.71,32.81
barbell_row.mp4,1220,78.2,155.12,79.65,151.01
barbell_row.mp4,1230,112.96,120.55,77.58,100.01
barbell_row.mp4,1240,109.53,135.1,81.94,93.84
barbell_row.mp4,1250,66.96,139.3,35.31,132.71
barbell_row.mp4,1280,67.11,97.0,24.76,81.37
barbell_row.mp4,1290,161.94,135.62,18.06,33.86
barbell_row.mp4,1300,175.15,152.44,14.85,15.71
barbell_row.mp4,1310,119.4,123.57,80.05,96.65
barbell_row.mp4,1320,132.61,131.8,93.89,87.87
barbell_row.mp4,1330,99.78,138.77,49.9,87.69
barbell_row.mp4,1340,82.58,125.59,32.9,68.57
barbell_row.mp4,1350,73.22,115.75,14.16,44.39
barbell_row.mp4,1360,75.57,104.43,8.74,32.21
barbell_row.mp4,1370,82.96,111.76,12.66,32.34
barbell_row.mp4,1380,88.38,107.85,10.74,27.07
barbell_row.mp4,1390,89.59,109.98,15.2,25.35
barbell_row.mp4,1400,89.2,104.6,14.99,20.57
barbell_row.mp4,1410,89.71,100.97,10.16,21.12
barbell_row.mp4,1420,88.78,100.44,11.42,19.86
barbell_row.mp4,1430,87.31,101.94,11.64,21.28
barbell_row.mp4,1440,87.76,102.57,10.93,20.95
barbell_row.mp4,1450,89.14,103.03,11.01,21.25
barbell_row.mp4,1460,88.75,103.95,14.0,21.13
barbell_shrug.mp4,10,96.93,79.11,21.34,14.98
barbell_shrug.mp4,20,98.45,79.81,22.15,14.98
barbell_shrug.mp4,30,99.05,77.12,24.05,14.81
barbell_shrug.mp4,40,98.63,78.39,23.06,14.85
barbell_shrug.mp4,50,98.75,75.96,24.97,13.7
barbell_shrug.mp4,60,104.59,75.58,26.46,15.38
barbell_shrug.mp4,70,112.3,76.39,37.18,15.19
barbell_shrug.mp4,80,131.82,84.81,55.46,23.53
barbell_shrug.mp4,90,147.25,94.4,75.16,32.87
barbell_shrug.mp4,100,149.93,100.56,105.89,45.84
barbell_shrug.mp4,110,157.17,106.39,127.66,69.31
barbell_shrug.mp4,120,156.03,124.44,111.95,89.4
barbell_shrug.mp4,130,164.41,118.02,113.96,85.63
barbell_shrug.mp4,140,147.47,121.57,108.05,95.71
barbell_shrug.mp4,150,146.25,109.84,108.84,84.69
barbell_shrug.mp4,160,132.96,109.2,96.95,85.33
barbell_shrug.mp4,170,165.78,114.33,130.31,83.95
barbell_shrug.mp4,180,158.93,118.51,133.12,78.68
barbell_shrug.mp4,190,144.8,114.73,93.83,38.94
barbell_shrug.mp4,200,140.45,90.7,77.98,28.4
barbell_shrug.mp4,210,129.62,91.76,63.38,31.33
barbell_shrug.mp4,220,129.77,83.74,50.93,19.8
barbell_shrug.mp4,230,131.79,83.43,48.97,18.64
barbell_shrug.mp4,240,134.51,83.74,50.78,17.54
barbell_shrug.mp4,250,123.52,77.95,39.64,20.64
barbell_shrug.mp4,260,127.61,78.55,33.42,41.43
barbell_shrug.mp4,270,126.93,75.42,34.32,40.51
barbell_shrug.mp4,280,123.42,78.0,28.91,41.98
barbell_shrug.mp4,290,122.15,78.86,22.68,40.98
barbell_shrug.mp4,300,124.68,79.62,29.98,33.81
barbell_shrug.mp4,310,122.43,77.45,35.1,24.3
barbell_shrug.mp4,320,123.84,77.17,40.09,17.38
barbell_shrug.mp4,330,126.46,78.37,42.32,14.93
barbell_shrug.mp4,340,133.26,80.66,46.65,16.61
barbell_shrug.mp4,350,139.65,85.09,50.68,16.1
barbell_shrug.mp4,360,134.08,82.09,47.57,15.6
barbell_shrug.mp4,370,126.24,79.22,39.93,16.91
barbell_shrug.mp4,380,119.85,77.52,31.8,28.72
barbell_shrug.mp4,390,126.2,76.3,29.49,43.13
barbell_shrug.mp4,400,125.65,76.71,29.81,36.82
barbell_shrug.mp4,410,121.93,76.57,26.94,35.74
barbell_shrug.mp4,420,125.98,78.18,30.14,35.45
barbell_shrug.mp4,430,125.74,77.99,33.92,31.58
barbell_shrug.mp4,440,124.68,77.64,36.52,25.09
barbell_shrug.mp4,450,129.92,80.57,42.92,18.5
barbell_shrug.mp4,460,131.43,81.63,42.61,17.08
barbell_shrug.mp4,470,132.75,81.72,44.38,15.63
barbell_shrug.mp4,480,128.09,82.19,43.92,14.81
barbell_shrug.mp4,490,122.31,82.41,38.56,15.39
barbell_shrug.mp4,500,121.57,82.31,34.09,21.23
barbell_shrug.mp4,510,119.98,75.39,29.41,33.58
barbell_shrug.mp4,520,119.55,75.8,26.15,38.25
barbell_shrug.mp4,530,124.18,76.04,27.05,44.12
barbell_shrug.mp4,540,119.97,75.49,26.57,40.17
barbell_shrug.mp4,550,120.74,75.89,30.24,34.04
barbell_shrug.mp4,560,128.42,75.37,34.99,33.57
barbell_shrug.mp4,570,129.36,77.46,41.49,23.48
barbell_shrug.mp4,580,131.73,78.83,45.81,18.32
barbell_shrug.mp4,590,124.38,80.71,39.01,15.58
barbell_shrug.mp4,600,128.23,82.09,40.5,14.35
barbell_shrug.mp4,610,125.44,82.16,41.42,13.69
barbell_shrug.mp4,620,122.53,83.05,37.04,15.64
barbell_shrug.mp4,630,123.57,80.93,39.63,16.7
barbell_shrug.mp4,640,122.26,76.16,37.94,24.36
barbell_shrug.mp4,650,121.07,79.27,27.48,32.91
barbell_shrug.mp4,660,130.78,77.34,32.23,44.11
barbell_shrug.mp4,670,129.69,78.11,30.11,41.46
barbell_shrug.mp4,680,130.27,75.5,34.05,39.05
barbell_shrug.mp4,690,128.15,74.18,37.42,34.71
barbell_shrug.mp4,700,125.04,78.73,36.28,26.79
barbell_shrug.mp4,710,127.64,78.16,42.08,19.14
barbell_shrug.mp4,720,127.93,78.21,42.7,16.97
barbell_shrug.mp4,730,126.49,80.97,39.63,15.59
barbell_shrug.mp4,740,127.87,80.84,44.11,15.47
barbell_shrug.mp4,750,126.43,81.17,42.45,13.06
barbell_shrug.mp4,760,126.47,82.34,40.22,14.92
barbell_shrug.mp4,770,123.49,79.72,36.39,20.81
barbell_shrug.mp4,780,124.5,79.01,28.46,37.24
barbell_shrug.mp4,790,127.52,79.03,27.51,40.74
barbell_shrug.mp4,800,123.41,80.12,24.74,37.92
barbell_shrug.mp4,810,124.86,77.13,26.39,41.26
barbell_shrug.mp4,820,122.85,75.81,27.61,36.57
barbell_shrug.mp4,830,126.67,75.67,31.99,35.76
barbell_shrug.mp4,840,126.95,75.95,36.75,30.67
barbell_shrug.mp4,850,128.08,77.16,40.53,20.53
barbell_shrug.mp4,860,127.66,80.0,40.36,17.29
barbell_shrug.mp4,870,125.12,82.25,40.05,15.3
barbell_shrug.mp4,880,122.36,81.51,40.04,14.22
barbell_shrug.mp4,890,125.79,84.25,41.26,15.19
barbell_shrug.mp4,900,122.39,81.32,37.01,15.68
barbell_shrug.mp4,910,121.46,77.8,33.81,23.35
barbell_shrug.mp4,920,122.0,79.99,23.13,39.19
barbell_shrug.mp4,930,122.48,80.39,22.65,40.87
barbell_shrug.mp4,940,123.43,78.08,25.44,39.42
barbell_shrug.mp4,950,130.71,79.76,30.84,39.01
barbell_shrug.mp4,960,128.02,79.67,31.58,34.98
barbell_shrug.mp4,970,126.76,74.55,33.14,35.98
barbell_shrug.mp4,980,129.4,75.48,39.16,28.35
barbell_shrug.mp4,990,121.76,75.42,34.14,22.92
barbell_shrug.mp4,1000,127.66,77.81,41.8,17.68
barbell_shrug.mp4,1010,123.1,79.71,38.71,16.8
barbell_shrug.mp4,1020,125.32,79.61,42.31,14.19
barbell_shrug.mp4,1030,129.79,82.13,45.61,15.27
barbell_shrug.mp4,1040,128.24,89.09,48.44,20.05
barbell_shrug.mp4,1050,130.83,89.54,64.71,32.71
barbell_shrug.mp4,1060,151.83,100.28,91.96,28.25
barbell_shrug.mp4,1070,166.59,104.37,126.54,55.6
barbell_shrug.mp4,1080,144.11,125.3,142.47,86.44
barbell_shrug.mp4,1090,153.47,122.66,146.45,93.15
barbell_shrug.mp4,1100,159.83,102.58,131.81,70.55
barbell_shrug.mp4,1110,162.35,111.1,130.73,70.4
barbell_shrug.mp4,1120,167.78,106.97,134.12,71.48
barbell_shrug.mp4,1130,161.42,132.72,99.43,99.69
barbell_shrug.mp4,1140,165.56,106.11,120.91,60.76
barbell_shrug.mp4,1150,155.9,109.65,116.85,69.11
barbell_shrug.mp4,1160,151.95,104.49,122.64,50.03
barbell_shrug.mp4,1170,138.26,108.28,78.18,22.4
barbell_shrug.mp4,1180,122.35,80.74,61.86,23.63
barbell_shrug.mp4,1190,122.02,85.82,38.91,19.85
barbell_shrug.mp4,1200,120.3,79.87,49.56,12.7
barbell_shrug.mp4,1210,118.89,81.07,39.64,13.8
barbell_shrug.mp4,1220,117.02,78.49,35.7,16.27
barbell_shrug.mp4,1230,111.7,80.4,29.64,15.08
barbell_shrug.mp4,1240,113.63,81.43,32.79,11.53
barbell_shrug.mp4,1250,111.7,80.5,31.84,11.75
barbell_shrug.mp4,1260,114.49,80.43,36.23,11.56
burpees.mp4,10,84.9,132.6,21.59,30.73
burpees.mp4,20,86.12,127.99,17.57,29.18
burpees.mp4,30,86.13,129.63,19.96,30.1
burpees.mp4,40,86.72,129.75,19.76,29.31
burpees.mp4,50,85.37,130.17,21.97,29.3
burpees.mp4,60,84.91,129.08,19.13,29.43
burpees.mp4,70,83.9,134.26,16.36,35.67
burpees.mp4,80,77.26,126.86,20.32,54.53
burpees.mp4,90,89.14,142.44,37.64,89.74
burpees.mp4,100,159.02,154.68,116.26,35.58
burpees.mp4,120,113.4,138.33,96.13,111.0
burpees.mp4,130,88.24,134.35,75.71,116.0
burpees.mp4,140,84.04,157.36,66.15,121.97
burpees.mp4,150,88.45,158.46,69.41,122.83
burpees.mp4,160,100.38,153.76,76.48,119.1
burpees.mp4,170,100.74,146.18,83.54,122.39
burpees.mp4,180,109.85,153.72,57.34,108.52
burpees.mp4,190,95.0,145.91,48.94,117.97
burpees.mp4,200,147.72,104.53,20.85,86.33
burpees.mp4,210,131.81,83.33,28.27,87.62
burpees.mp4,220,151.71,106.36,21.12,70.56
burpees.mp4,230,161.68,115.0,26.32,107.48
burpees.mp4,250,91.32,151.66,49.61,114.56
burpees.mp4,260,94.57,163.43,77.04,134.1
burpees.mp4,270,111.92,126.39,72.11,90.0
burpees.mp4,280,150.3,159.17,97.96,112.3
burpees.mp4,290,137.07,157.39,83.33,101.68
burpees.mp4,300,80.03,113.94,17.5,46.06
burpees.mp4,310,82.0,105.77,15.36,19.85
burpees.mp4,320,81.75,99.99,12.2,27.35
burpees.mp4,330,85.14,139.46,24.34,62.99
burpees.mp4,340,100.98,149.59,48.18,86.91
burpees.mp4,350,142.63,159.24,97.5,119.16
burpees.mp4,360,149.21,153.57,102.17,118.38
burpees.mp4,370,106.09,111.7,79.27,91.18
burpees.mp4,380,104.46,148.94,88.19,127.94
burpees.mp4,390,87.77,157.43,71.59,119.76
burpees.mp4,400,92.19,146.77,48.99,113.31
burpees.mp4,410,104.14,150.49,62.01,113.79
burpees.mp4,420,134.27,105.02,28.66,85.51
burpees.mp4,430,144.82,93.87,24.73,77.63
burpees.mp4,440,142.33,92.41,19.97,93.71
burpees.mp4,450,135.87,112.87,23.43,93.01
burpees.mp4,460,95.28,152.63,52.69,107.65
burpees.mp4,470,79.44,150.43,54.55,126.18
burpees.mp4,480,94.43,161.65,76.66,132.04
burpees.mp4,500,162.78,159.27,108.09,115.24
burpees.mp4,510,137.98,158.99,82.83,104.56
burpees.mp4,520,83.18,124.01,25.81,59.94
burpees.mp4,530,75.77,113.96,10.94,26.04
burpees.mp4,540,78.29,114.24,15.15,35.92
burpees.mp4,550,80.4,105.73,19.27,19.48
burpees.mp4,560,85.14,99.96,11.58,22.54
burpees.mp4,570,89.24,121.28,22.11,48.47
burpees.mp4,580,84.4,128.93,23.69,52.78
burpees.mp4,590,105.61,156.37,60.76,102.76
burpees.mp4,600,149.54,127.77,108.0,99.61
burpees.mp4,630,83.4,159.67,64.1,135.53
burpees.mp4,640,87.31,138.47,60.85,110.23
burpees.mp4,650,165.12,111.59,18.37,64.12
burpees.mp4,660,169.02,131.33,19.68,51.43
burpees.mp4,670,104.06,146.07,50.86,108.16
burpees.mp4,680,129.86,107.09,31.22,97.82
burpees.mp4,690,145.72,131.53,20.6,96.85
burpees.mp4,700,154.22,112.73,20.03,87.26
burpees.mp4,710,155.59,118.13,12.13,98.02
burpees.mp4,720,152.06,134.81,23.83,74.79
burpees.mp4,730,121.71,147.86,59.71,118.09
burpees.mp4,740,99.23,158.6,61.81,116.59
burpees.mp4,750,84.08,157.64,66.55,128.57
burpees.mp4,780,155.28,165.31,102.12,114.3
burpees.mp4,790,119.29,159.71,58.09,93.02
burpees.mp4,800,77.36,109.17,11.69,39.49
burpees.mp4,810,86.52,111.1,8.2,27.47
burpees.mp4,820,84.03,125.59,20.54,51.14
burpees.mp4,830,84.35,109.83,14.44,28.63
burpees.mp4,840,84.07,104.1,14.8,19.56
burpees.mp4,850,82.85,104.19,11.11,29.25
burpees.mp4,860,86.94,111.93,11.3,25.76
burpees.mp4,870,80.58,111.35,12.38,22.98
burpees.mp4,880,80.74,122.66,27.41,56.02
burpees.mp4,890,114.28,159.39,68.76,101.17
burpees.mp4,900,172.17,158.68,108.77,117.27
burpees.mp4,910,167.02,162.47,97.67,98.17
burpees.mp4,920,106.57,112.28,80.22,88.45
burpees.mp4,930,86.14,155.47,66.38,125.58
burpees.mp4,940,88.66,152.87,72.96,111.36
burpees.mp4,950,97.44,131.57,65.3,101.55
burpees.mp4,960,98.39,144.47,54.95,107.61
burpees.mp4,970,95.79,144.68,61.15,109.58
burpees.mp4,980,105.01,151.08,53.32,109.77
burpees.mp4,990,128.86,114.2,28.35,102.06
burpees.mp4,1000,144.97,96.68,22.87,69.05
burpees.mp4,1010,141.77,102.76,26.25,42.43
burpees.mp4,1020,152.35,99.04,23.55,61.7
burpees.mp4,1030,146.73,98.17,23.18,102.67
burpees.mp4,1040,100.95,141.45,57.86,108.96
burpees.mp4,1050,120.04,158.6,58.46,94.69
burpees.mp4,1060,85.73,166.4,61.41,137.58
burpees.mp4,1070,83.3,161.93,68.31,130.48
burpees.mp4,1080,151.58,175.04,9.97,13.65
burpees.mp4,1090,157.38,154.72,105.47,114.48
burpees.mp4,1100,136.6,161.84,75.71,97.15
burpees.mp4,1110,89.6,140.55,27.39,66.52
burpees.mp4,1120,89.58,138.22,25.32,64.52
burpees.mp4,1130,78.91,100.16,15.2,23.5
burpees.mp4,1140,81.96,100.58,15.01,20.08
burpees.mp4,1150,83.78,110.07,12.89,30.97
burpees.mp4,1160,79.52,114.93,11.27,28.95
burpees.mp4,1170,75.47,113.94,5.59,29.59
burpees.mp4,1180,86.84,127.95,34.0,63.9
burpees.mp4,1190,111.42,171.68,69.92,115.46
burpees.mp4,1200,167.67,172.97,117.24,127.97
burpees.mp4,1210,139.92,154.2,89.88,104.73
burpees.mp4,1220,97.84,126.98,77.15,113.0
burpees.mp4,1230,121.26,130.98,104.14,115.09
burpees.mp4,1240,82.11,155.14,60.78,121.61
burpees.mp4,1250,92.22,153.29,54.7,113.21
burpees.mp4,1260,160.56,165.51,138.41,120.6
burpees.mp4,1270,105.29,158.5,58.62,108.11
burpees.mp4,1280,95.27,142.59,63.04,111.15
burpees.mp4,1290,97.46,148.91,57.05,106.37
burpees.mp4,1300,85.53,143.76,47.02,109.58
burpees.mp4,1310,155.12,144.25,18.2,56.84
burpees.mp4,1320,140.63,91.79,29.83,60.39
burpees.mp4,1330,139.95,108.57,25.46,44.81
burpees.mp4,1340,143.63,110.06,31.45,56.72
burpees.mp4,1350,137.98,123.27,27.88,108.42
burpees.mp4,1360,124.29,145.7,68.37,121.94
burpees.mp4,1370,100.75,153.63,62.04,107.44
burpees.mp4,1380,81.95,150.48,65.83,126.89
burpees.mp4,1400,131.06,166.32,84.0,116.11
burpees.mp4,1410,139.02,163.24,88.16,103.82
burpees.mp4,1420,87.97,140.2,25.27,66.76
burpees.mp4,1430,78.63,128.64,3.83,38.97
burpees.mp4,1440,76.31,122.45,17.51,43.73
burpees.mp4,1450,77.47,104.12,26.22,21.32
burpees.mp4,1460,77.33,103.19,18.91,25.28
burpees.mp4,1470,84.51,125.98,10.72,47.85
burpees.mp4,1480,84.01,112.91,10.73,22.89
burpees.mp4,1490,82.25,109.17,10.44,25.36
burpees.mp4,1500,78.57,113.56,17.77,26.34
burpees.mp4,1510,79.24,116.53,18.63,23.54
burpees.mp4,1520,80.26,129.5,25.58,30.3
burpees.mp4,1530,81.97,126.57,21.76,29.95
burpees.mp4,1540,77.16,121.04,20.18,29.01
burpees.mp4,1550,79.95,113.18,16.7,25.1
burpees.mp4,1560,82.31,115.25,18.07,28.18
burpees.mp4,1570,79.76,120.92,20.07,32.37
burpees.mp4,1580,85.96,118.29,22.93,26.52
burpees.mp4,1590,86.5,112.86,16.18,25.19
burpees.mp4,1600,84.14,114.67,20.76,27.1
clean_and_press.mp4,10,88.63,122.61,21.12,25.92
clean_and_press.mp4,20,88.44,121.67,17.87,25.48
clean_and_press.mp4,30,88.1,119.15,15.18,25.14
clean_and_press.mp4,40,87.9,121.62,16.73,25.95
clean_and_press.mp4,50,90.03,118.12,13.21,25.91
clean_and_press.mp4,60,88.42,122.62,15.62,26.41
clean_and_press.mp4,70,84.21,123.22,22.19,26.42
clean_and_press.mp4,80,87.45,127.54,16.11,31.68
clean_and_press.mp4,90,82.43,128.35,10.67,38.53
clean_and_press.mp4,100,89.37,133.6,31.97,63.04
clean_and_press.mp4,110,84.57,147.5,30.7,86.29
clean_and_press.mp4,120,92.78,159.98,50.12,104.66
clean_and_press.mp4,130,100.28,145.12,63.93,76.55
clean_and_press.mp4,140,94.28,135.44,57.67,54.77
clean_and_press.mp4,150,108.99,152.39,68.22,68.12
clean_and_press.mp4,160,103.55,157.02,62.04,108.03
clean_and_press.mp4,170,81.24,131.63,34.08,95.89
clean_and_press.mp4,180,131.43,136.22,95.8,110.04
clean_and_press.mp4,190,139.41,148.64,100.38,114.09
clean_and_press.mp4,200,130.71,143.55,94.82,120.96
clean_and_press.mp4,210,138.46,150.28,89.26,112.48
clean_and_press.mp4,220,105.55,141.13,68.13,101.38
clean_and_press.mp4,230,135.81,158.39,110.48,114.42
clean_and_press.mp4,240,134.2,153.2,134.6,123.15
clean_and_press.mp4,250,147.02,155.79,160.99,159.72
clean_and_press.mp4,260,145.91,154.95,148.02,164.56
clean_and_press.mp4,270,159.68,155.17,170.72,164.13
clean_and_press.mp4,280,120.09,157.58,149.25,130.87
clean_and_press.mp4,290,145.6,159.75,102.26,108.43
clean_and_press.mp4,300,130.25,133.48,66.72,83.65
clean_and_press.mp4,310,135.79,137.68,67.47,74.16
clean_and_press.mp4,320,138.91,141.6,75.02,76.32
clean_and_press.mp4,330,138.76,134.25,72.43,83.34
clean_and_press.mp4,340,96.7,103.28,44.69,56.91
clean_and_press.mp4,350,66.75,94.91,18.66,38.99
clean_and_press.mp4,360,77.88,132.14,33.09,81.59
clean_and_press.mp4,370,80.5,132.91,31.55,77.23
clean_and_press.mp4,380,61.08,167.84,41.29,106.16
clean_and_press.mp4,390,99.48,158.0,83.87,129.24
clean_and_press.mp4,400,97.95,131.49,68.99,86.13
clean_and_press.mp4,410,119.2,134.38,83.0,103.88
clean_and_press.mp4,420,103.24,161.49,60.66,108.62
clean_and_press.mp4,430,88.98,147.1,40.79,89.29
clean_and_press.mp4,440,87.73,118.33,7.86,51.53
clean_and_press.mp4,450,131.45,132.93,79.56,97.49
clean_and_press.mp4,460,122.36,141.13,73.82,99.4
clean_and_press.mp4,470,118.29,142.95,87.38,122.73
clean_and_press.mp4,480,117.06,146.1,89.22,126.31
clean_and_press.mp4,490,139.42,140.75,84.1,97.53
clean_and_press.mp4,500,64.02,146.16,68.47,101.51
clean_and_press.mp4,510,79.97,163.69,104.84,120.35
clean_and_press.mp4,520,123.11,155.97,123.4,114.33
clean_and_press.mp4,530,153.91,153.97,160.4,171.22
clean_and_press.mp4,540,161.19,153.62,168.3,164.84
clean_and_press.mp4,550,157.1,147.27,161.9,170.34
clean_and_press.mp4,560,107.71,146.89,142.33,117.96
clean_and_press.mp4,570,77.67,156.24,109.49,106.07
clean_and_press.mp4,580,132.76,137.83,67.59,81.58
clean_and_press.mp4,590,135.83,136.34,61.49,76.89
clean_and_press.mp4,600,135.59,138.24,68.98,78.75
clean_and_press.mp4,610,142.66,141.63,72.89,80.91
clean_and_press.mp4,620,138.54,133.08,68.33,79.39
clean_and_press.mp4,630,130.12,128.75,68.33,82.27
clean_and_press.mp4,640,144.24,113.34,21.98,18.15
clean_and_press.mp4,650,88.85,113.48,16.62,53.7
clean_and_press.mp4,660,172.68,152.8,114.61,107.12
clean_and_press.mp4,670,97.14,157.11,56.44,105.31
clean_and_press.mp4,680,119.66,139.11,84.71,103.19
clean_and_press.mp4,690,125.19,137.58,90.78,99.34
clean_and_press.mp4,700,119.44,144.89,83.47,99.6
clean_and_press.mp4,710,99.86,166.15,49.56,99.17
clean_and_press.mp4,720,85.81,132.94,37.37,82.87
clean_and_press.mp4,730,112.05,129.44,53.95,90.08
clean_and_press.mp4,740,139.25,140.15,89.98,98.27
clean_and_press.mp4,750,139.98,140.17,88.09,108.32
clean_and_press.mp4,760,137.74,140.45,90.57,112.34
clean_and_press.mp4,770,133.34,142.55,79.56,103.0
clean_and_press.mp4,780,111.08,156.97,101.66,115.02
clean_and_press.mp4,790,128.85,152.11,119.05,115.7
clean_and_press.mp4,800,158.07,158.42,163.21,174.81
clean_and_press.mp4,810,155.98,159.52,153.34,173.23
clean_and_press.mp4,820,148.95,156.51,150.09,173.22
clean_and_press.mp4,830,160.2,157.02,164.42,173.21
clean_and_press.mp4,840,97.71,150.83,132.91,114.94
clean_and_press.mp4,850,127.46,154.09,82.18,102.45
clean_and_press.mp4,860,138.8,139.31,71.8,86.57
clean_and_press.mp4,870,135.15,134.24,73.33,83.09
clean_and_press.mp4,880,141.11,143.41,78.96,81.19
clean_and_press.mp4,890,142.9,133.63,61.69,76.63
clean_and_press.mp4,900,107.96,109.8,44.67,50.11
clean_and_press.mp4,910,74.52,103.26,23.8,40.15
clean_and_press.mp4,920,77.2,120.33,21.61,55.07
clean_and_press.mp4,930,80.14,127.03,30.6,70.62
clean_and_press.mp4,940,85.15,151.57,31.49,90.0
clean_and_press.mp4,950,130.1,162.83,72.0,102.58
clean_and_press.mp4,960,123.81,156.81,81.01,93.79
clean_and_press.mp4,970,156.12,168.01,61.55,29.98
clean_and_press.mp4,980,134.21,139.18,37.39,52.43
clean_and_press.mp4,990,128.26,156.72,86.61,100.75
clean_and_press.mp4,1000,73.53,125.16,27.97,74.94
clean_and_press.mp4,1010,127.77,131.06,77.53,91.74
clean_and_press.mp4,1020,115.39,139.75,76.77,111.9
clean_and_press.mp4,1030,131.08,138.95,84.98,107.63
clean_and_press.mp4,1040,105.52,140.69,62.88,107.13
clean_and_press.mp4,1050,116.29,142.04,72.16,103.29
clean_and_press.mp4,1060,81.79,162.63,106.21,116.94
clean_and_press.mp4,1070,124.95,158.11,125.42,112.01
clean_and_press.mp4,1080,144.33,161.23,154.22,168.95
clean_and_press.mp4,1090,158.79,161.12,156.08,176.44
clean_and_press.mp4,1100,163.67,164.67,163.21,172.06
clean_and_press.mp4,1110,140.88,159.97,145.35,169.88
clean_and_press.mp4,1120,105.28,162.56,137.12,110.7
clean_and_press.mp4,1130,114.41,164.06,100.92,111.3
clean_and_press.mp4,1140,116.42,141.02,71.59,87.47
clean_and_press.mp4,1150,133.69,135.27,61.48,70.76
clean_and_press.mp4,1160,140.2,138.52,65.02,71.38
clean_and_press.mp4,1170,139.39,136.01,54.17,71.65
clean_and_press.mp4,1180,124.36,121.56,47.53,61.82
clean_and_press.mp4,1190,65.37,92.0,15.63,43.48
clean_and_press.mp4,1200,80.29,122.99,31.93,69.76
clean_and_press.mp4,1210,77.45,125.51,28.29,72.02
clean_and_press.mp4,1220,103.72,162.11,54.67,102.24
clean_and_press.mp4,1230,111.41,151.12,55.02,68.22
clean_and_press.mp4,1240,96.04,123.58,64.75,71.48
clean_and_press.mp4,1250,106.16,146.06,60.1,81.44
clean_and_press.mp4,1260,108.69,130.43,78.84,95.13
clean_and_press.mp4,1270,117.53,153.36,76.71,84.26
clean_and_press.mp4,1280,86.25,133.68,40.56,84.03
clean_and_press.mp4,1290,135.99,144.53,102.37,117.62
clean_and_press.mp4,1300,133.82,141.99,101.31,113.5
clean_and_press.mp4,1310,139.7,138.26,99.35,114.23
clean_and_press.mp4,1320,134.2,143.85,85.39,111.72
clean_and_press.mp4,1330,81.41,146.41,73.74,105.95
clean_and_press.mp4,1340,132.85,163.23,110.19,114.68
clean_and_press.mp4,1350,123.59,162.33,132.79,119.26
clean_and_press.mp4,1360,137.16,154.28,144.68,167.18
clean_and_press.mp4,1370,163.09,157.34,161.57,174.56
clean_and_press.mp4,1380,143.41,159.0,140.64,170.25
clean_and_press.mp4,1390,146.05,156.86,155.52,163.63
clean_and_press.mp4,1400,102.66,152.26,136.78,114.74
clean_and_press.mp4,1410,130.11,156.96,91.18,107.76
clean_and_press.mp4,1420,137.31,138.07,66.29,80.14
clean_and_press.mp4,1430,138.22,139.26,68.8,75.78
clean_and_press.mp4,1440,139.67,138.28,64.55,66.91
clean_and_press.mp4,1450,135.88,131.32,64.37,67.18
clean_and_press.mp4,1460,81.25,96.94,36.91,47.28
clean_and_press.mp4,1470,79.51,102.43,19.88,34.63
clean_and_press.mp4,1480,75.89,112.71,13.79,41.31
clean_and_press.mp4,1490,82.56,122.16,25.17,51.86
clean_and_press.mp4,1500,84.95,125.83,35.51,65.85
clean_and_press.mp4,1510,94.99,153.08,38.13,92.52
clean_and_press.mp4,1520,161.58,162.09,11.96,99.74
clean_and_press.mp4,1530,119.55,155.4,80.63,103.0
clean_and_press.mp4,1540,168.33,153.07,106.65,107.62
clean_and_press.mp4,1550,87.86,143.8,40.94,90.93
clean_and_press.mp4,1560,143.93,146.49,119.34,123.85
clean_and_press.mp4,1570,126.91,150.68,90.78,116.51
clean_and_press.mp4,1580,133.6,141.43,96.89,119.66
clean_and_press.mp4,1590,133.12,144.78,88.78,114.7
clean_and_press.mp4,1600,132.54,139.38,85.26,109.89
clean_and_press.mp4,1610,98.99,153.71,88.12,111.21
clean_and_press.mp4,1620,126.8,167.13,112.31,113.5
clean_and_press.mp4,1630,126.87,166.32,130.75,125.98
clean_and_press.mp4,1640,135.9,156.27,155.88,155.8
clean_and_press.mp4,1650,163.25,158.71,165.19,177.87
clean_and_press.mp4,1660,160.96,155.12,168.46,174.7
clean_and_press.mp4,1670,154.98,152.35,168.09,171.54
clean_and_press.mp4,1680,108.5,156.57,147.62,122.04
clean_and_press.mp4,1690,145.47,164.22,98.01,112.4
clean_and_press.mp4,1700,138.45,138.46,60.03,76.37
clean_and_press.mp4,1710,135.48,134.74,63.2,72.24
clean_and_press.mp4,1720,140.43,138.02,67.97,71.39
clean_and_press.mp4,1730,141.56,134.22,57.43,69.96
clean_and_press.mp4,1740,80.84,102.78,31.99,44.7
clean_and_press.mp4,1750,72.38,110.78,17.23,47.15
clean_and_press.mp4,1760,81.08,121.91,26.81,56.19
clean_and_press.mp4,1770,86.08,129.96,35.35,70.36
clean_and_press.mp4,1780,82.44,128.8,31.1,69.84
clean_and_press.mp4,1790,114.34,165.24,63.77,104.3
clean_and_press.mp4,1800,144.11,162.56,94.02,82.33
clean_and_press.mp4,1810,159.84,148.88,108.79,111.12
clean_and_press.mp4,1820,86.38,153.59,39.29,99.69
clean_and_press.mp4,1830,95.72,124.81,58.95,88.16
clean_and_press.mp4,1840,138.35,148.37,100.05,116.33
clean_and_press.mp4,1850,117.33,143.88,87.12,122.97
clean_and_press.mp4,1860,103.23,148.49,74.92,122.34
clean_and_press.mp4,1870,76.3,142.57,64.81,102.51
clean_and_press.mp4,1880,76.15,163.78,102.96,113.62
clean_and_press.mp4,1890,124.84,165.71,129.92,119.35
clean_and_press.mp4,1900,131.35,158.13,155.89,138.08
clean_and_press.mp4,1910,157.95,155.71,159.18,169.95
clean_and_press.mp4,1920,151.93,155.5,156.33,168.84
clean_and_press.mp4,1930,128.86,152.3,155.77,133.07
clean_and_press.mp4,1940,93.16,165.62,132.25,114.98
clean_and_press.mp4,1950,94.49,161.14,93.36,109.46
clean_and_press.mp4,1960,132.02,139.68,58.64,80.74
clean_and_press.mp4,1970,132.46,129.34,57.71,72.35
clean_and_press.mp4,1980,131.19,127.33,68.09,86.88
clean_and_press.mp4,1990,144.0,141.03,80.15,81.46
clean_and_press.mp4,2000,113.93,122.15,55.9,69.75
clean_and_press.mp4,2010,69.38,103.83,18.33,46.01
clean_and_press.mp4,2020,83.63,129.57,26.39,58.56
clean_and_press.mp4,2030,73.5,145.28,27.19,83.36
clean_and_press.mp4,2040,100.77,158.6,56.51,107.94
clean_and_press.mp4,2050,149.63,156.38,34.54,17.7
clean_and_press.mp4,2060,133.11,152.45,92.4,114.89
clean_and_press.mp4,2070,89.44,139.79,39.07,84.1
clean_and_press.mp4,2080,88.18,144.65,32.07,69.77
clean_and_press.mp4,2090,76.6,131.4,17.92,36.66
clean_and_press.mp4,2100,78.31,128.74,18.55,40.51
clean_and_press.mp4,2110,79.73,119.17,18.5,29.53
clean_and_press.mp4,2120,84.2,122.65,22.66,29.09
clean_and_press.mp4,2130,85.17,118.29,19.46,23.68
clean_and_press.mp4,2140,85.65,119.24,18.01,22.55
clean_and_press.mp4,2150,84.6,123.22,19.56,23.36
clean_and_press.mp4,2160,85.5,124.31,18.84,26.34
clean_and_press.mp4,2170,85.7,127.3,18.7,27.36
clean_and_press.mp4,2180,85.37,131.55,16.01,24.48
clean_and_press.mp4,2190,86.12,124.46,15.79,24.39
clean_and_press.mp4,2200,84.97,128.32,20.03,24.42
clean_and_press.mp4,2210,86.51,125.19,19.24,26.32
deadlift.mp4,10,86.95,115.21,18.76,28.66
deadlift.mp4,20,88.43,116.51,22.9,26.92
deadlift.mp4,30,88.05,114.7,20.41,27.21
deadlift.mp4,40,89.87,118.12,20.37,29.13
deadlift.mp4,50,87.39,113.55,21.14,25.92
deadlift.mp4,60,89.23,114.69,20.36,25.75
deadlift.mp4,70,87.99,112.25,19.66,25.52
deadlift.mp4,80,87.0,111.29,22.78,23.31
deadlift.mp4,90,87.13,112.34,21.16,24.21
deadlift.mp4,100,87.5,114.32,22.09,25.31
deadlift.mp4,110,83.4,111.92,19.08,25.38
deadlift.mp4,120,81.6,114.44,11.9,33.85
deadlift.mp4,130,87.0,125.83,33.4,60.5
deadlift.mp4,140,84.77,140.77,35.77,86.65
deadlift.mp4,150,121.42,130.17,89.57,96.46
deadlift.mp4,170,112.49,135.47,86.26,106.23
deadlift.mp4,180,124.41,137.77,92.48,122.39
deadlift.mp4,190,103.37,137.46,73.72,109.71
deadlift.mp4,200,107.43,151.52,77.71,126.91
deadlift.mp4,210,112.67,139.54,28.23,44.95
deadlift.mp4,220,153.59,159.19,29.81,34.49
deadlift.mp4,230,135.97,140.07,87.88,120.83
deadlift.mp4,250,115.13,158.74,66.77,99.87
deadlift.mp4,260,97.79,143.55,51.83,93.2
deadlift.mp4,270,104.42,144.47,49.87,74.05
deadlift.mp4,280,92.27,144.54,33.71,63.39
deadlift.mp4,290,81.66,130.2,20.73,49.23
deadlift.mp4,300,82.66,118.73,18.0,41.32
deadlift.mp4,310,84.9,114.0,18.31,36.25
deadlift.mp4,320,88.3,118.51,19.39,40.3
deadlift.mp4,330,87.08,116.21,17.78,40.4
deadlift.mp4,340,87.97,119.46,18.33,43.57
deadlift.mp4,350,88.41,117.57,17.44,40.08
deadlift.mp4,360,85.92,114.21,16.13,38.98
deadlift.mp4,370,89.56,115.62,17.32,38.98
deadlift.mp4,380,84.66,117.68,19.47,39.26
deadlift.mp4,390,87.47,125.03,20.82,43.49
deadlift.mp4,400,97.99,145.44,42.99,72.54
deadlift.mp4,410,110.49,148.64,62.33,89.9
deadlift.mp4,420,118.96,155.15,70.41,97.55
deadlift.mp4,430,114.41,158.13,66.73,100.56
deadlift.mp4,440,127.73,155.0,81.78,111.02
deadlift.mp4,450,127.86,133.04,86.95,94.94
deadlift.mp4,460,171.19,132.22,9.28,47.93
deadlift.mp4,470,169.0,99.34,10.59,63.63
deadlift.mp4,490,129.33,148.95,82.32,107.98
deadlift.mp4,500,115.06,159.75,63.43,100.4
deadlift.mp4,510,99.96,146.84,52.45,93.01
deadlift.mp4,520,102.29,149.03,45.95,74.63
deadlift.mp4,530,91.42,152.52,30.42,64.92
deadlift.mp4,540,85.78,119.69,18.56,37.92
deadlift.mp4,550,86.19,115.32,17.08,35.58
deadlift.mp4,560,85.1,116.06,17.82,38.29
deadlift.mp4,570,86.09,125.92,20.67,45.53
deadlift.mp4,580,88.52,123.23,19.32,43.4
deadlift.mp4,590,85.87,115.57,18.0,36.64
deadlift.mp4,600,87.75,117.18,16.5,39.06
deadlift.mp4,610,88.72,115.71,15.83,39.56
deadlift.mp4,620,88.08,118.77,16.94,43.67
deadlift.mp4,630,88.17,117.35,16.69,39.62
deadlift.mp4,640,87.05,114.47,17.73,36.31
deadlift.mp4,650,85.44,123.13,21.46,45.55
deadlift.mp4,660,93.67,143.63,40.76,74.38
deadlift.mp4,670,93.29,146.92,46.35,91.29
deadlift.mp4,680,103.8,157.8,56.58,98.59
deadlift.mp4,690,127.86,164.26,77.01,112.94
deadlift.mp4,700,107.53,130.26,62.22,92.2
deadlift.mp4,710,102.09,123.17,76.77,84.29
deadlift.mp4,720,127.23,140.64,105.07,127.5
deadlift.mp4,730,159.19,125.89,15.84,39.03
deadlift.mp4,740,165.14,118.82,13.22,44.36
deadlift.mp4,750,129.75,155.59,80.11,99.49
deadlift.mp4,760,93.35,144.07,46.67,89.85
deadlift.mp4,770,93.74,143.54,40.77,79.68
deadlift.mp4,780,85.22,143.19,30.31,65.49
deadlift.mp4,790,82.7,120.62,17.86,43.4
deadlift.mp4,800,84.08,119.03,19.26,38.96
deadlift.mp4,810,85.42,122.2,19.84,43.4
deadlift.mp4,820,86.35,125.93,19.49,46.28
deadlift.mp4,830,85.43,118.97,19.18,38.54
deadlift.mp4,840,84.57,121.61,26.98,37.62
deadlift.mp4,850,84.58,122.32,24.02,40.81
deadlift.mp4,860,85.19,119.14,21.63,38.44
deadlift.mp4,870,85.07,122.29,23.34,40.66
deadlift.mp4,880,84.21,113.18,17.95,35.53
deadlift.mp4,890,81.24,119.48,20.77,36.8
deadlift.mp4,900,79.25,123.87,16.57,42.49
deadlift.mp4,910,89.24,141.06,31.58,61.21
deadlift.mp4,920,96.41,143.84,49.19,87.34
deadlift.mp4,930,111.71,152.27,60.41,99.48
deadlift.mp4,950,134.58,140.76,115.21,124.04
deadlift.mp4,960,125.63,115.53,104.04,104.01
deadlift.mp4,970,119.53,109.0,67.15,95.39
deadlift.mp4,980,119.1,138.63,71.51,106.41
deadlift.mp4,990,110.16,154.71,60.5,97.7
deadlift.mp4,1000,100.19,143.38,52.57,87.88
deadlift.mp4,1010,89.54,144.52,37.0,73.7
deadlift.mp4,1020,79.71,118.95,16.58,39.35
deadlift.mp4,1030,82.51,111.71,17.88,33.22
deadlift.mp4,1040,85.04,113.4,17.21,35.74
deadlift.mp4,1050,85.13,116.34,19.85,38.12
deadlift.mp4,1060,86.46,119.39,17.7,39.48
deadlift.mp4,1070,85.86,122.01,17.94,41.0
deadlift.mp4,1080,86.24,117.77,21.54,36.27
deadlift.mp4,1090,83.29,116.56,22.06,36.56
deadlift.mp4,1100,85.75,125.29,22.1,42.18
deadlift.mp4,1110,85.97,120.83,22.67,39.04
deadlift.mp4,1120,84.8,115.15,14.27,38.84
deadlift.mp4,1130,85.02,115.31,16.97,37.75
deadlift.mp4,1140,80.7,118.64,14.44,37.25
deadlift.mp4,1150,86.79,137.49,27.93,62.61
deadlift.mp4,1160,91.5,140.24,38.44,76.73
deadlift.mp4,1170,106.43,158.76,58.12,100.24
deadlift.mp4,1180,130.81,162.01,70.27,102.84
deadlift.mp4,1190,128.71,108.64,87.53,79.53
deadlift.mp4,1200,101.86,131.26,77.52,111.23
deadlift.mp4,1210,57.66,147.69,45.26,125.39
deadlift.mp4,1220,54.07,87.29,11.48,69.92
deadlift.mp4,1230,125.56,155.77,78.91,108.16
deadlift.mp4,1240,94.19,150.7,46.32,94.61
deadlift.mp4,1250,96.71,139.75,43.24,73.3
deadlift.mp4,1260,83.09,139.01,29.42,66.02
deadlift.mp4,1270,83.06,122.16,15.95,44.35
deadlift.mp4,1280,83.13,113.64,17.49,34.08
deadlift.mp4,1290,83.55,113.7,17.66,36.82
deadlift.mp4,1300,87.03,117.79,15.96,40.56
deadlift.mp4,1310,85.9,119.99,18.61,41.44
deadlift.mp4,1320,85.98,119.23,18.32,40.19
deadlift.mp4,1330,84.64,119.2,17.61,40.65
deadlift.mp4,1340,87.04,120.53,17.52,40.56
deadlift.mp4,1350,85.48,119.91,17.97,40.98
deadlift.mp4,1360,84.24,118.35,19.01,37.65
deadlift.mp4,1370,86.94,119.92,17.89,38.2
deadlift.mp4,1380,86.68,115.31,15.37,36.44
deadlift.mp4,1390,85.53,114.96,16.87,35.89
deadlift.mp4,1400,84.09,113.64,16.31,35.02
deadlift.mp4,1410,81.0,120.68,15.66,38.18
deadlift.mp4,1420,86.73,142.11,27.1,63.64
deadlift.mp4,1430,91.81,141.71,39.42,78.85
deadlift.mp4,1440,102.99,154.71,53.59,96.32
deadlift.mp4,1450,124.13,157.16,64.1,100.1
deadlift.mp4,1460,124.33,139.69,101.86,117.59
deadlift.mp4,1470,124.37,150.24,103.06,128.88
deadlift.mp4,1480,139.83,143.31,122.3,135.86
deadlift.mp4,1490,171.15,129.21,13.65,50.32
deadlift.mp4,1500,120.76,157.1,70.82,104.27
deadlift.mp4,1510,90.79,140.97,44.43,88.28
deadlift.mp4,1520,93.63,136.71,37.82,62.95
deadlift.mp4,1530,82.85,129.82,20.0,51.24
deadlift.mp4,1540,83.6,109.74,16.49,29.09
deadlift.mp4,1550,85.52,116.97,15.38,40.49
deadlift.mp4,1560,83.76,115.62,14.88,41.31
deadlift.mp4,1570,87.32,118.8,14.07,40.83
deadlift.mp4,1580,85.64,111.67,14.32,34.45
deadlift.mp4,1590,86.23,121.3,18.04,40.93
deadlift.mp4,1600,84.84,117.74,17.93,36.24
deadlift.mp4,1610,84.84,116.79,17.34,36.62
deadlift.mp4,1620,86.99,112.07,14.91,35.87
deadlift.mp4,1630,86.26,107.91,18.17,27.24
deadlift.mp4,1640,76.43,112.34,13.47,37.8
deadlift.mp4,1650,84.87,131.39,28.18,58.96
deadlift.mp4,1660,88.42,136.25,34.55,68.97
deadlift.mp4,1670,92.97,144.58,43.85,88.52
deadlift.mp4,1680,111.19,155.92,60.9,101.25
deadlift.mp4,1690,139.38,146.42,79.03,103.56
deadlift.mp4,1700,116.48,146.61,73.11,114.12
deadlift.mp4,1740,145.43,148.58,91.83,102.05
deadlift.mp4,1750,97.9,143.46,51.13,93.47
deadlift.mp4,1760,100.5,140.35,47.06,71.75
deadlift.mp4,1770,87.9,138.88,31.3,67.43
deadlift.mp4,1780,82.9,112.78,15.36,37.13
deadlift.mp4,1790,85.94,116.08,16.41,38.93
deadlift.mp4,1800,88.39,119.01,15.82,41.98
deadlift.mp4,1810,86.19,118.51,16.16,39.99
deadlift.mp4,1820,85.2,120.46,19.41,41.41
deadlift.mp4,1830,85.63,122.7,17.73,43.88
deadlift.mp4,1840,86.12,121.9,18.47,42.08
deadlift.mp4,1850,84.76,115.42,16.59,37.93
deadlift.mp4,1860,84.23,114.95,17.31,37.4
deadlift.mp4,1870,83.79,113.43,15.18,38.05
deadlift.mp4,1880,83.94,111.39,17.1,34.6
deadlift.mp4,1890,81.06,108.21,15.52,33.62
deadlift.mp4,1900,86.11,136.01,28.56,60.55
deadlift.mp4,1910,83.55,139.7,35.69,86.96
deadlift.mp4,1920,113.71,158.13,61.76,98.96
deadlift.mp4,1930,142.19,142.37,106.06,114.74
deadlift.mp4,1940,113.0,100.54,65.74,71.57
deadlift.mp4,1970,170.74,148.35,16.99,35.64
deadlift.mp4,1980,168.33,141.12,16.29,38.85
deadlift.mp4,2000,117.26,133.04,97.98,120.46
deadlift.mp4,2010,134.0,158.41,98.66,114.86
deadlift.mp4,2020,103.39,141.55,56.48,90.67
deadlift.mp4,2030,81.71,142.5,33.54,90.22
deadlift.mp4,2040,80.53,124.0,30.89,63.62
deadlift.mp4,2050,77.74,109.0,14.4,38.48
deadlift.mp4,2060,86.35,104.12,11.51,26.94
deadlift.mp4,2070,84.63,108.43,17.5,25.55
deadlift.mp4,2080,85.1,111.67,24.51,23.1
deadlift.mp4,2090,85.77,112.36,23.08,25.48
deadlift.mp4,2100,87.73,109.23,20.13,22.41
deadlift.mp4,2110,85.73,113.67,26.79,26.11
deadlift.mp4,2120,85.44,105.09,18.44,22.8
deadlift.mp4,2130,87.41,106.78,20.14,22.14
diamond_pushup.mp4,10,163.39,135.93,20.38,21.24
diamond_pushup.mp4,20,166.6,132.83,20.22,22.15
diamond_pushup.mp4,30,165.29,134.71,20.02,21.1
diamond_pushup.mp4,40,166.15,135.36,19.91,20.18
diamond_pushup.mp4,50,163.69,134.84,19.06,20.82
diamond_pushup.mp4,60,165.71,131.55,19.15,22.93
diamond_pushup.mp4,70,166.02,132.54,19.32,20.48
diamond_pushup.mp4,80,171.33,130.38,19.68,26.32
diamond_pushup.mp4,90,168.53,132.86,18.84,18.87
diamond_pushup.mp4,100,169.71,142.06,30.37,32.92
diamond_pushup.mp4,110,169.58,159.5,16.85,18.41
diamond_pushup.mp4,120,169.68,158.4,9.85,20.66
diamond_pushup.mp4,130,168.82,158.18,58.51,41.51
diamond_pushup.mp4,140,168.18,169.04,64.17,43.23
diamond_pushup.mp4,150,169.59,168.19,51.53,35.41
diamond_pushup.mp4,160,164.76,162.54,58.63,41.68
diamond_pushup.mp4,200,166.9,156.29,25.98,39.28
diamond_pushup.mp4,210,164.81,156.17,44.34,49.84
diamond_pushup.mp4,220,140.55,110.74,98.76,79.43
diamond_pushup.mp4,230,153.6,126.99,64.78,89.88
diamond_pushup.mp4,240,152.44,144.82,58.12,34.53
diamond_pushup.mp4,250,166.41,154.86,32.83,37.78
diamond_pushup.mp4,260,163.16,118.25,23.92,38.69
diamond_pushup.mp4,270,158.88,136.06,38.01,32.98
diamond_pushup.mp4,280,154.33,102.04,69.4,40.83
diamond_pushup.mp4,290,164.97,105.18,37.56,34.2
diamond_pushup.mp4,300,152.45,111.33,57.39,38.08
diamond_pushup.mp4,310,153.72,137.94,51.25,24.58
diamond_pushup.mp4,320,151.54,94.77,86.33,55.55
diamond_pushup.mp4,340,130.3,92.13,91.68,51.21
diamond_pushup.mp4,350,135.69,159.1,134.52,32.26
diamond_pushup.mp4,360,130.97,96.5,20.58,27.5
diamond_pushup.mp4,370,141.16,88.3,127.34,64.87
diamond_pushup.mp4,380,170.72,148.16,12.25,26.59
diamond_pushup.mp4,390,143.75,169.27,30.27,21.69
diamond_pushup.mp4,400,156.58,150.29,28.16,24.73
diamond_pushup.mp4,410,160.45,145.28,27.15,26.62
diamond_pushup.mp4,420,162.03,149.2,28.67,25.63
diamond_pushup.mp4,430,138.14,169.45,106.46,168.78
diamond_pushup.mp4,440,139.91,84.2,77.67,41.57
diamond_pushup.mp4,450,151.48,68.81,139.08,33.06
diamond_pushup.mp4,460,72.17,142.21,70.84,8.31
diamond_pushup.mp4,470,160.51,63.91,30.38,36.69
diamond_pushup.mp4,480,147.39,97.62,32.66,45.87
diamond_pushup.mp4,490,124.56,156.52,45.73,26.75
diamond_pushup.mp4,500,160.59,166.97,18.23,15.85
diamond_pushup.mp4,510,157.12,146.04,28.74,23.94
diamond_pushup.mp4,520,151.98,128.62,44.73,28.33
diamond_pushup.mp4,530,159.59,141.61,35.95,26.94
diamond_pushup.mp4,540,140.09,104.71,77.55,33.98
diamond_pushup.mp4,550,152.31,88.45,66.82,53.32
diamond_pushup.mp4,560,132.95,87.08,92.11,59.26
diamond_pushup.mp4,570,43.71,53.14,37.24,24.78
diamond_pushup.mp4,580,76.65,53.37,37.75,11.81
diamond_pushup.mp4,590,149.94,87.92,51.1,54.38
diamond_pushup.mp4,600,116.81,135.58,44.63,27.88
diamond_pushup.mp4,610,136.0,152.46,41.46,30.31
diamond_pushup.mp4,620,152.77,167.27,52.81,19.64
diamond_pushup.mp4,630,159.31,148.96,29.96,26.5
diamond_pushup.mp4,640,157.99,148.55,29.24,29.26
diamond_pushup.mp4,650,158.3,147.08,31.7,22.65
diamond_pushup.mp4,660,151.49,161.19,37.37,17.15
diamond_pushup.mp4,670,137.08,166.26,27.42,26.71
diamond_pushup.mp4,680,160.83,107.97,23.35,21.01
diamond_pushup.mp4,690,123.27,51.82,110.63,36.96
diamond_pushup.mp4,700,157.5,144.95,16.62,3.27
diamond_pushup.mp4,710,143.78,121.23,133.12,111.35
diamond_pushup.mp4,720,166.07,168.45,26.72,23.68
diamond_pushup.mp4,730,126.67,100.53,37.22,39.07
diamond_pushup.mp4,740,158.63,167.7,22.47,15.27
diamond_pushup.mp4,750,144.91,143.45,38.49,31.3
diamond_pushup.mp4,760,153.55,148.19,35.42,25.32
diamond_pushup.mp4,770,147.96,141.38,41.25,26.22
diamond_pushup.mp4,780,141.34,173.26,41.3,18.49
diamond_pushup.mp4,790,161.99,125.98,22.6,33.74
diamond_pushup.mp4,800,92.81,121.71,61.85,19.05
diamond_pushup.mp4,810,156.47,151.2,161.45,45.61
diamond_pushup.mp4,820,139.07,160.13,151.74,43.64
diamond_pushup.mp4,830,141.42,66.73,131.72,45.75
diamond_pushup.mp4,840,142.95,156.93,26.54,32.49
diamond_pushup.mp4,850,159.29,161.12,15.41,25.85
diamond_pushup.mp4,860,154.86,160.12,26.66,21.46
diamond_pushup.mp4,870,160.17,146.72,27.01,25.39
diamond_pushup.mp4,880,160.56,147.42,79.94,28.93
diamond_pushup.mp4,890,154.84,159.3,72.7,36.98
diamond_pushup.mp4,900,131.09,90.87,83.97,60.36
diamond_pushup.mp4,910,153.72,171.68,54.55,59.62
diamond_pushup.mp4,920,173.27,175.08,28.11,24.2
diamond_pushup.mp4,950,172.72,168.66,56.93,33.7
diamond_pushup.mp4,960,166.45,145.55,51.08,48.77
diamond_pushup.mp4,970,169.92,136.13,105.4,32.61
diamond_pushup.mp4,980,164.13,129.74,14.48,25.36
diamond_pushup.mp4,990,170.52,139.37,54.4,47.86
diamond_pushup.mp4,1000,166.62,132.07,23.62,22.35
diamond_pushup.mp4,1010,160.91,133.5,18.27,19.89
diamond_pushup.mp4,1020,162.46,134.66,24.68,20.19
diamond_pushup.mp4,1030,159.09,142.48,22.55,19.27
diamond_pushup.mp4,1040,163.51,142.91,20.9,20.14
diamond_pushup.mp4,1050,161.17,143.17,24.47,22.51
diamond_pushup.mp4,1060,163.98,142.05,23.77,20.24
diamond_pushup.mp4,1070,159.66,142.58,23.31,20.6
diamond_pushup.mp4,1080,164.18,141.6,22.54,19.86
drag_curl.mp4,10,160.06,139.27,19.65,17.85
drag_curl.mp4,20,159.95,139.3,19.32,15.94
drag_curl.mp4,30,160.95,139.04,17.4,18.09
drag_curl.mp4,40,163.83,138.72,18.83,18.2
drag_curl.mp4,50,164.99,137.77,18.92,19.5
drag_curl.mp4,60,163.62,137.89,19.11,17.44
drag_curl.mp4,70,161.92,142.03,19.21,16.91
drag_curl.mp4,80,164.56,140.61,18.5,18.96
drag_curl.mp4,90,163.96,139.42,18.72,16.88
drag_curl.mp4,100,162.85,140.29,19.36,20.83
drag_curl.mp4,110,159.75,125.96,15.16,31.21
drag_curl.mp4,120,128.59,107.12,101.28,33.4
drag_curl.mp4,130,170.58,162.18,16.56,16.28
drag_curl.mp4,140,172.43,171.53,11.23,27.02
drag_curl.mp4,150,161.36,139.9,70.74,54.54
drag_curl.mp4,160,163.0,172.24,41.06,49.32
drag_curl.mp4,170,167.5,167.23,54.61,39.94
drag_curl.mp4,180,146.62,152.66,97.89,47.62
drag_curl.mp4,190,165.48,173.84,37.41,37.77
drag_curl.mp4,200,163.98,155.61,20.69,37.16
drag_curl.mp4,210,154.79,160.65,67.39,47.85
drag_curl.mp4,220,161.42,146.01,53.16,41.2
drag_curl.mp4,230,168.78,145.68,24.21,28.68
drag_curl.mp4,240,144.63,123.96,52.69,34.61
drag_curl.mp4,250,137.09,104.92,77.25,35.52
drag_curl.mp4,260,136.55,119.38,99.32,56.61
drag_curl.mp4,270,148.61,133.97,93.79,57.77
drag_curl.mp4,280,144.01,120.85,82.58,35.47
drag_curl.mp4,290,146.76,132.25,84.09,56.31
drag_curl.mp4,300,133.5,117.42,87.57,48.34
drag_curl.mp4,310,130.72,130.53,79.54,59.03
drag_curl.mp4,320,129.61,122.8,77.02,50.81
drag_curl.mp4,330,132.65,123.5,90.73,54.71
drag_curl.mp4,340,134.42,126.66,88.26,50.26
drag_curl.mp4,350,138.29,129.22,94.53,67.3
drag_curl.mp4,360,136.15,124.71,89.5,64.18
drag_curl.mp4,370,148.02,125.36,93.85,62.78
drag_curl.mp4,380,151.97,120.21,79.23,26.4
drag_curl.mp4,390,152.83,120.34,52.94,20.78
drag_curl.mp4,400,166.5,125.81,9.69,24.27
drag_curl.mp4,410,153.69,118.54,36.33,21.67
drag_curl.mp4,420,155.34,123.61,29.72,25.02
drag_curl.mp4,430,153.58,123.4,59.69,32.9
drag_curl.mp4,440,147.04,107.99,92.3,10.35
drag_curl.mp4,450,147.04,124.73,99.23,23.92
drag_curl.mp4,460,148.21,102.31,96.16,13.88
drag_curl.mp4,470,147.16,116.6,103.33,51.5
drag_curl.mp4,480,136.24,116.88,97.52,52.59
drag_curl.mp4,490,130.25,116.64,80.79,43.71
drag_curl.mp4,500,127.27,114.34,75.07,48.32
drag_curl.mp4,510,128.72,114.46,79.53,51.25
drag_curl.mp4,520,126.85,109.13,74.68,36.63
drag_curl.mp4,530,129.96,111.57,78.41,33.78
drag_curl.mp4,540,129.67,109.74,89.8,40.46
drag_curl.mp4,550,137.11,119.62,88.62,52.44
drag_curl.mp4,560,147.55,118.29,81.74,46.76
drag_curl.mp4,570,149.17,116.26,91.76,39.98
drag_curl.mp4,580,145.47,117.25,76.69,40.06
drag_curl.mp4,590,147.56,108.6,105.8,26.13
drag_curl.mp4,600,147.36,108.97,99.77,20.8
drag_curl.mp4,610,146.5,109.38,98.12,24.27
drag_curl.mp4,620,144.38,108.66,95.6,45.76
drag_curl.mp4,630,151.68,103.5,97.38,28.26
drag_curl.mp4,640,138.08,118.81,53.15,16.26
drag_curl.mp4,650,141.46,111.14,78.52,14.59
drag_curl.mp4,660,136.1,107.11,87.81,42.51
drag_curl.mp4,670,131.75,129.49,97.21,69.61
drag_curl.mp4,680,127.07,115.66,99.72,73.82
drag_curl.mp4,690,128.12,126.13,96.63,80.65
drag_curl.mp4,700,127.74,115.25,99.19,71.89
drag_curl.mp4,710,134.76,130.25,91.91,64.24
drag_curl.mp4,720,132.18,123.29,97.0,65.3
drag_curl.mp4,730,133.97,119.66,94.7,60.16
drag_curl.mp4,740,144.66,122.15,90.06,64.73
drag_curl.mp4,750,146.62,113.66,86.17,46.22
drag_curl.mp4,760,148.05,118.37,67.38,37.15
drag_curl.mp4,770,149.57,121.2,64.08,29.45
drag_curl.mp4,780,146.53,116.34,56.67,19.04
drag_curl.mp4,790,149.68,113.89,76.93,20.77
drag_curl.mp4,800,149.53,115.14,70.91,20.05
drag_curl.mp4,810,148.48,120.84,44.96,25.89
drag_curl.mp4,820,151.68,122.77,52.05,12.81
drag_curl.mp4,830,152.27,120.56,61.93,23.14
drag_curl.mp4,840,154.29,120.26,68.68,24.51
drag_curl.mp4,850,150.49,124.15,73.77,38.94
drag_curl.mp4,860,139.17,128.21,91.26,70.0
drag_curl.mp4,870,132.59,132.45,88.06,67.55
drag_curl.mp4,880,130.49,132.71,86.17,72.29
drag_curl.mp4,890,133.67,133.25,88.43,65.3
drag_curl.mp4,900,133.46,134.32,92.3,69.36
drag_curl.mp4,910,135.67,137.77,93.03,74.53
drag_curl.mp4,920,135.17,117.67,99.27,62.42
drag_curl.mp4,930,142.0,119.19,87.25,55.98
drag_curl.mp4,940,143.57,117.12,91.93,47.53
drag_curl.mp4,950,147.0,117.3,53.34,25.22
drag_curl.mp4,960,149.88,120.05,43.09,22.83
drag_curl.mp4,970,152.71,124.28,21.11,21.4
drag_curl.mp4,980,155.2,112.8,62.54,18.27
drag_curl.mp4,990,150.69,112.92,64.58,26.15
drag_curl.mp4,1000,145.13,112.97,45.94,24.4
drag_curl.mp4,1010,143.9,117.57,73.4,32.44
drag_curl.mp4,1020,152.97,109.92,104.54,48.88
drag_curl.mp4,1030,149.67,126.25,92.22,57.98
drag_curl.mp4,1040,144.63,118.45,95.86,50.87
drag_curl.mp4,1050,134.32,116.41,97.72,68.33
drag_curl.mp4,1060,130.56,125.76,95.23,73.04
drag_curl.mp4,1070,130.18,127.04,95.25,76.15
drag_curl.mp4,1080,132.35,128.7,92.82,67.8
drag_curl.mp4,1090,133.77,132.09,91.81,65.54
drag_curl.mp4,1100,135.06,120.46,95.43,68.53
drag_curl.mp4,1110,145.68,110.01,82.5,45.69
drag_curl.mp4,1120,144.97,113.86,82.95,33.9
drag_curl.mp4,1130,158.45,126.64,34.74,15.1
drag_curl.mp4,1140,161.91,129.75,29.38,24.14
drag_curl.mp4,1150,161.79,130.04,6.26,19.49
drag_curl.mp4,1160,157.63,129.8,5.44,21.33
drag_curl.mp4,1170,156.19,127.39,6.25,23.46
drag_curl.mp4,1180,162.2,130.69,7.23,21.93
drag_curl.mp4,1190,144.61,115.84,75.93,19.97
drag_curl.mp4,1200,149.74,123.21,83.97,45.2
drag_curl.mp4,1210,144.95,127.9,76.63,47.15
drag_curl.mp4,1220,143.84,122.61,92.64,55.37
drag_curl.mp4,1230,129.07,109.17,93.5,62.7
drag_curl.mp4,1240,131.82,128.34,75.54,47.25
drag_curl.mp4,1250,131.91,130.2,82.0,62.73
drag_curl.mp4,1260,130.84,128.55,94.96,77.55
drag_curl.mp4,1270,131.54,124.43,92.76,64.18
drag_curl.mp4,1280,133.38,125.13,92.91,65.91
drag_curl.mp4,1290,140.84,116.47,90.46,60.68
drag_curl.mp4,1300,146.65,112.05,80.45,31.72
drag_curl.mp4,1310,147.69,118.63,64.97,21.05
drag_curl.mp4,1320,145.61,122.0,49.56,30.11
drag_curl.mp4,1330,147.55,121.41,43.29,18.59
drag_curl.mp4,1340,151.6,120.93,22.21,23.81
drag_curl.mp4,1350,155.34,118.03,31.45,26.18
drag_curl.mp4,1360,148.59,115.71,49.89,19.22
drag_curl.mp4,1370,143.7,108.67,94.32,33.83
drag_curl.mp4,1380,152.79,87.39,103.52,14.11
drag_curl.mp4,1390,151.44,80.16,109.55,9.09
drag_curl.mp4,1400,151.92,121.36,107.08,60.65
drag_curl.mp4,1410,140.69,124.83,93.46,60.63
drag_curl.mp4,1420,132.67,120.0,88.72,49.16
drag_curl.mp4,1430,130.48,117.5,86.24,54.46
drag_curl.mp4,1440,124.46,116.26,75.99,52.66
drag_curl.mp4,1450,127.18,105.68,88.87,51.57
drag_curl.mp4,1460,133.26,114.76,88.43,48.93
drag_curl.mp4,1470,137.8,122.71,94.87,63.93
drag_curl.mp4,1480,141.69,121.0,83.38,41.27
drag_curl.mp4,1490,149.37,110.78,94.99,27.47
drag_curl.mp4,1500,145.97,109.98,81.18,23.69
drag_curl.mp4,1510,146.75,115.95,80.97,20.38
drag_curl.mp4,1520,151.44,119.41,40.27,20.38
drag_curl.mp4,1530,139.71,116.62,72.38,48.6
drag_curl.mp4,1540,148.98,122.01,94.26,63.12
drag_curl.mp4,1550,145.64,125.51,92.99,61.03
drag_curl.mp4,1560,143.75,127.41,95.42,68.94
drag_curl.mp4,1570,137.17,130.42,96.65,79.98
drag_curl.mp4,1580,132.06,120.93,95.14,60.61
drag_curl.mp4,1590,128.01,126.77,76.02,58.09
drag_curl.mp4,1600,126.01,119.15,74.31,50.86
drag_curl.mp4,1610,128.96,125.15,79.8,57.26
drag_curl.mp4,1620,130.97,117.68,83.73,50.65
drag_curl.mp4,1630,132.04,114.37,81.8,35.1
drag_curl.mp4,1640,142.94,125.18,86.41,60.57
drag_curl.mp4,1650,144.38,116.65,74.05,26.71
drag_curl.mp4,1660,147.57,111.91,60.8,18.48
drag_curl.mp4,1670,147.94,116.57,43.42,25.72
drag_curl.mp4,1680,152.65,125.26,15.69,19.22
drag_curl.mp4,1690,155.47,126.45,7.85,22.38
drag_curl.mp4,1700,142.63,116.4,81.21,44.46
drag_curl.mp4,1710,145.06,120.4,85.91,41.46
drag_curl.mp4,1720,139.29,122.51,103.61,74.44
drag_curl.mp4,1730,137.15,125.8,89.32,58.67
drag_curl.mp4,1740,139.77,130.96,94.93,72.33
drag_curl.mp4,1750,133.52,120.83,92.55,54.03
drag_curl.mp4,1760,132.86,126.38,85.72,51.39
drag_curl.mp4,1770,128.19,117.11,81.32,52.32
drag_curl.mp4,1780,127.08,112.1,83.1,47.49
drag_curl.mp4,1790,130.49,121.71,83.14,51.65
drag_curl.mp4,1800,134.13,128.24,94.79,62.05
drag_curl.mp4,1810,138.65,113.11,91.53,45.64
drag_curl.mp4,1820,148.14,117.65,74.85,18.48
drag_curl.mp4,1830,151.84,118.55,36.75,17.79
drag_curl.mp4,1840,155.08,128.17,11.7,20.77
drag_curl.mp4,1850,148.33,118.85,58.33,19.77
drag_curl.mp4,1860,145.81,102.66,115.76,36.2
drag_curl.mp4,1870,130.38,110.71,85.74,32.3
drag_curl.mp4,1880,154.21,131.61,29.96,29.92
drag_curl.mp4,1890,159.48,138.99,51.75,36.88
drag_curl.mp4,1900,167.63,163.04,57.39,31.59
drag_curl.mp4,1910,160.62,154.29,61.89,41.66
drag_curl.mp4,1920,167.28,163.78,46.38,35.45
drag_curl.mp4,1930,161.63,170.94,62.4,33.82
drag_curl.mp4,1940,179.4,175.02,54.18,42.54
drag_curl.mp4,1950,160.2,169.48,65.63,38.26
drag_curl.mp4,1960,162.45,163.81,51.61,35.04
drag_curl.mp4,1970,157.52,154.59,55.55,44.73
drag_curl.mp4,1980,162.4,160.94,50.12,32.07
drag_curl.mp4,1990,162.38,155.42,40.37,25.47
drag_curl.mp4,2000,163.67,156.27,38.3,21.82
drag_curl.mp4,2010,150.8,123.09,72.13,39.17
drag_curl.mp4,2020,159.76,138.65,31.66,57.05
drag_curl.mp4,2030,156.85,138.78,33.14,33.69
drag_curl.mp4,2040,154.31,132.46,24.19,29.9
drag_curl.mp4,2050,154.94,137.9,23.1,23.4
drag_curl.mp4,2060,158.31,137.07,23.01,23.1
drag_curl.mp4,2070,160.35,137.54,24.69,22.18
drag_curl.mp4,2080,158.93,138.38,26.31,21.67
drag_curl.mp4,2090,160.17,140.5,22.97,22.37
dumbbell_biceps_curls.mp4,10,114.84,82.09,28.74,11.28
dumbbell_biceps_curls.mp4,20,115.18,81.79,30.91,10.89
dumbbell_biceps_curls.mp4,30,114.57,81.3,29.99,11.18
dumbbell_biceps_curls.mp4,40,113.13,80.77,29.6,11.03
dumbbell_biceps_curls.mp4,50,112.45,80.46,26.97,11.13
dumbbell_biceps_curls.mp4,60,116.11,80.91,27.41,12.82
dumbbell_biceps_curls.mp4,70,111.65,83.3,27.85,11.91
dumbbell_biceps_curls.mp4,80,114.71,81.08,28.94,12.83
dumbbell_biceps_curls.mp4,90,111.15,79.41,29.14,12.81
dumbbell_biceps_curls.mp4,100,110.62,71.85,31.77,12.69
dumbbell_biceps_curls.mp4,110,142.53,93.53,53.89,9.87
dumbbell_biceps_curls.mp4,120,137.28,100.73,74.17,33.57
dumbbell_biceps_curls.mp4,130,129.82,107.85,77.23,48.78
dumbbell_biceps_curls.mp4,140,134.91,111.04,87.76,52.25
dumbbell_biceps_curls.mp4,150,136.13,115.55,76.58,41.25
dumbbell_biceps_curls.mp4,160,135.65,126.52,73.49,53.94
dumbbell_biceps_curls.mp4,170,133.66,123.65,74.75,56.25
dumbbell_biceps_curls.mp4,180,135.11,108.89,82.04,46.49
dumbbell_biceps_curls.mp4,190,141.24,98.44,69.06,24.29
dumbbell_biceps_curls.mp4,200,109.19,68.52,28.19,16.67
dumbbell_biceps_curls.mp4,210,116.84,76.22,31.49,11.81
dumbbell_biceps_curls.mp4,220,118.72,80.1,34.8,10.49
dumbbell_biceps_curls.mp4,230,117.73,81.83,32.45,11.01
dumbbell_biceps_curls.mp4,240,117.29,79.45,32.35,9.35
dumbbell_biceps_curls.mp4,250,111.08,74.49,27.99,10.97
dumbbell_biceps_curls.mp4,260,140.51,92.89,55.25,7.04
dumbbell_biceps_curls.mp4,270,136.71,95.46,78.15,32.26
dumbbell_biceps_curls.mp4,280,133.5,115.29,82.89,56.13
dumbbell_biceps_curls.mp4,290,136.17,124.78,68.13,44.04
dumbbell_biceps_curls.mp4,300,134.22,126.24,71.39,54.29
dumbbell_biceps_curls.mp4,310,134.46,124.37,70.63,52.73
dumbbell_biceps_curls.mp4,320,134.35,105.34,79.62,38.94
dumbbell_biceps_curls.mp4,330,130.6,82.24,79.66,24.46
dumbbell_biceps_curls.mp4,340,147.2,75.95,76.08,13.58
dumbbell_biceps_curls.mp4,350,114.26,71.19,37.36,15.79
dumbbell_biceps_curls.mp4,360,110.93,74.59,31.43,11.24
dumbbell_biceps_curls.mp4,370,117.58,79.17,34.15,11.03
dumbbell_biceps_curls.mp4,380,121.41,81.1,35.17,11.28
dumbbell_biceps_curls.mp4,390,117.06,76.66,33.37,10.8
dumbbell_biceps_curls.mp4,400,110.37,71.21,34.16,13.27
dumbbell_biceps_curls.mp4,410,147.22,92.04,68.08,6.99
dumbbell_biceps_curls.mp4,420,132.15,96.36,83.1,37.73
dumbbell_biceps_curls.mp4,430,135.84,112.07,76.86,39.73
dumbbell_biceps_curls.mp4,440,134.37,116.18,72.66,42.15
dumbbell_biceps_curls.mp4,450,132.78,126.85,66.89,53.49
dumbbell_biceps_curls.mp4,460,135.24,121.47,69.21,45.41
dumbbell_biceps_curls.mp4,470,133.74,111.25,79.99,50.53
dumbbell_biceps_curls.mp4,480,139.78,81.62,72.92,8.29
dumbbell_biceps_curls.mp4,490,125.03,67.29,50.14,18.62
dumbbell_biceps_curls.mp4,500,113.11,75.0,31.96,10.11
dumbbell_biceps_curls.mp4,510,121.36,79.05,34.08,11.59
dumbbell_biceps_curls.mp4,520,116.2,79.27,32.93,9.27
dumbbell_biceps_curls.mp4,530,119.58,80.88,32.69,10.46
dumbbell_biceps_curls.mp4,540,118.14,77.94,35.11,9.54
dumbbell_biceps_curls.mp4,550,111.02,71.35,33.04,11.59
dumbbell_biceps_curls.mp4,560,143.02,81.72,65.92,9.44
dumbbell_biceps_curls.mp4,570,137.53,87.92,69.49,15.6
dumbbell_biceps_curls.mp4,580,134.27,108.79,79.51,44.4
dumbbell_biceps_curls.mp4,590,137.38,121.05,71.47,45.49
dumbbell_biceps_curls.mp4,600,136.19,117.92,77.28,53.07
dumbbell_biceps_curls.mp4,610,136.39,130.48,63.66,53.7
dumbbell_biceps_curls.mp4,620,134.03,118.18,74.7,51.25
dumbbell_biceps_curls.mp4,630,131.8,105.67,76.01,43.13
dumbbell_biceps_curls.mp4,640,141.59,98.81,65.55,19.66
dumbbell_biceps_curls.mp4,650,119.17,71.01,39.77,18.22
dumbbell_biceps_curls.mp4,660,115.22,75.0,31.34,12.64
dumbbell_biceps_curls.mp4,670,116.33,81.53,31.72,10.13
dumbbell_biceps_curls.mp4,680,115.99,81.68,28.63,9.25
dumbbell_biceps_curls.mp4,690,118.88,79.2,33.31,9.71
dumbbell_biceps_curls.mp4,700,118.11,72.11,36.83,13.02
dumbbell_biceps_curls.mp4,710,143.03,102.52,65.63,19.17
dumbbell_biceps_curls.mp4,720,125.64,93.49,80.24,35.74
dumbbell_biceps_curls.mp4,730,128.14,110.07,77.33,46.59
dumbbell_biceps_curls.mp4,740,133.35,113.63,73.16,42.26
dumbbell_biceps_curls.mp4,750,133.62,120.04,79.98,55.9
dumbbell_biceps_curls.mp4,760,132.89,116.09,80.13,55.67
dumbbell_biceps_curls.mp4,770,131.98,108.28,77.36,40.81
dumbbell_biceps_curls.mp4,780,125.38,97.32,75.6,38.35
dumbbell_biceps_curls.mp4,790,146.16,86.66,71.65,8.38
dumbbell_biceps_curls.mp4,800,105.65,67.61,29.47,12.55
dumbbell_biceps_curls.mp4,810,112.45,74.42,31.15,11.91
dumbbell_biceps_curls.mp4,820,110.18,78.65,25.25,13.22
dumbbell_biceps_curls.mp4,830,111.94,81.21,26.9,10.78
dumbbell_biceps_curls.mp4,840,113.6,79.4,29.25,10.82
dumbbell_biceps_curls.mp4,850,112.52,79.98,28.54,10.59
dumbbell_biceps_curls.mp4,860,117.03,79.17,29.77,11.62
dumbbell_biceps_curls.mp4,870,113.26,79.45,27.09,11.06
dumbbell_biceps_curls.mp4,880,111.43,78.27,29.27,9.97
dumbbell_biceps_curls.mp4,890,112.87,79.61,28.19,11.16
dumbbell_biceps_curls.mp4,900,118.6,78.38,31.5,12.05
dumbbell_biceps_curls.mp4,910,117.41,80.18,33.26,10.18
dumbbell_curl_trifecta.mp4,10,84.6,119.95,22.96,28.07
dumbbell_curl_trifecta.mp4,20,85.26,117.19,21.28,26.51
dumbbell_curl_trifecta.mp4,30,86.04,115.03,18.45,25.93
dumbbell_curl_trifecta.mp4,40,86.43,118.13,20.76,25.1
dumbbell_curl_trifecta.mp4,50,82.91,115.76,24.26,27.26
dumbbell_curl_trifecta.mp4,60,80.52,115.23,26.64,47.87
dumbbell_curl_trifecta.mp4,70,78.35,128.92,22.25,79.54
dumbbell_curl_trifecta.mp4,80,86.56,138.26,22.79,91.76
dumbbell_curl_trifecta.mp4,90,97.21,141.46,30.74,87.59
dumbbell_curl_trifecta.mp4,100,93.96,138.86,37.6,84.56
dumbbell_curl_trifecta.mp4,110,93.86,139.6,38.6,84.19
dumbbell_curl_trifecta.mp4,120,94.12,140.5,34.18,87.24
dumbbell_curl_trifecta.mp4,130,96.11,145.62,27.59,88.39
dumbbell_curl_trifecta.mp4,140,83.84,137.87,27.61,86.54
dumbbell_curl_trifecta.mp4,150,79.96,130.79,21.35,79.05
dumbbell_curl_trifecta.mp4,160,79.17,118.67,24.02,51.21
dumbbell_curl_trifecta.mp4,170,82.19,118.62,25.41,33.07
dumbbell_curl_trifecta.mp4,180,85.7,119.52,24.05,28.67
dumbbell_curl_trifecta.mp4,190,85.25,116.34,21.4,28.96
dumbbell_curl_trifecta.mp4,200,81.13,117.23,30.03,26.04
dumbbell_curl_trifecta.mp4,210,136.4,113.42,65.39,22.56
dumbbell_curl_trifecta.mp4,220,137.72,123.31,84.77,21.18
dumbbell_curl_trifecta.mp4,230,140.16,135.51,81.08,21.2
dumbbell_curl_trifecta.mp4,240,140.86,136.96,80.55,20.81
dumbbell_curl_trifecta.mp4,250,140.76,141.25,83.32,21.31
dumbbell_curl_trifecta.mp4,260,140.9,135.77,79.64,20.47
dumbbell_curl_trifecta.mp4,270,139.96,130.82,84.86,20.83
dumbbell_curl_trifecta.mp4,280,136.28,116.13,85.07,19.67
dumbbell_curl_trifecta.mp4,290,136.96,114.02,57.29,21.12
dumbbell_curl_trifecta.mp4,300,83.46,108.09,20.13,21.82
dumbbell_curl_trifecta.mp4,310,84.12,114.8,22.53,28.57
dumbbell_curl_trifecta.mp4,320,85.54,112.1,19.14,25.62
dumbbell_curl_trifecta.mp4,330,84.91,113.48,18.69,24.61
dumbbell_curl_trifecta.mp4,340,80.81,111.98,19.74,37.82
dumbbell_curl_trifecta.mp4,350,77.06,117.66,14.45,74.62
dumbbell_curl_trifecta.mp4,360,87.72,136.6,23.26,86.67
dumbbell_curl_trifecta.mp4,370,94.71,141.62,41.45,81.3
dumbbell_curl_trifecta.mp4,380,96.83,144.28,35.21,89.58
dumbbell_curl_trifecta.mp4,390,95.65,140.85,38.04,87.58
dumbbell_curl_trifecta.mp4,400,93.58,142.16,43.05,85.34
dumbbell_curl_trifecta.mp4,410,87.5,138.83,29.12,84.53
dumbbell_curl_trifecta.mp4,420,74.22,128.54,18.28,86.77
dumbbell_curl_trifecta.mp4,430,79.97,111.72,26.45,53.13
dumbbell_curl_trifecta.mp4,440,80.86,110.41,20.88,31.91
dumbbell_curl_trifecta.mp4,450,84.12,114.18,16.89,27.45
dumbbell_curl_trifecta.mp4,460,82.31,110.9,15.4,24.41
dumbbell_curl_trifecta.mp4,470,80.89,115.22,20.21,25.25
dumbbell_curl_trifecta.mp4,480,84.59,112.52,16.46,21.85
dumbbell_curl_trifecta.mp4,490,141.0,120.07,76.15,21.84
dumbbell_curl_trifecta.mp4,500,136.47,131.76,83.43,20.64
dumbbell_curl_trifecta.mp4,510,142.31,137.11,82.04,19.29
dumbbell_curl_trifecta.mp4,520,143.54,135.4,84.42,19.68
dumbbell_curl_trifecta.mp4,530,140.71,136.05,90.82,19.39
dumbbell_curl_trifecta.mp4,540,134.91,123.46,79.14,22.62
dumbbell_curl_trifecta.mp4,550,140.24,120.42,64.32,21.64
dumbbell_curl_trifecta.mp4,560,119.21,114.11,35.74,22.26
dumbbell_curl_trifecta.mp4,570,83.88,112.49,22.98,25.69
dumbbell_curl_trifecta.mp4,580,84.04,116.33,22.0,26.35
dumbbell_curl_trifecta.mp4,590,82.52,121.81,25.57,26.48
dumbbell_curl_trifecta.mp4,600,85.78,121.23,29.71,21.44
dumbbell_curl_trifecta.mp4,610,85.96,116.14,28.0,22.64
dumbbell_curl_trifecta.mp4,620,87.21,103.39,24.6,22.3
dumbbell_curl_trifecta.mp4,630,96.08,141.0,13.61,80.6
dumbbell_curl_trifecta.mp4,640,108.28,140.77,13.12,77.87
dumbbell_curl_trifecta.mp4,650,108.48,141.92,20.75,66.09
dumbbell_curl_trifecta.mp4,660,113.15,147.49,14.59,69.16
dumbbell_curl_trifecta.mp4,670,99.77,144.08,20.85,73.99
dumbbell_curl_trifecta.mp4,680,103.17,143.56,19.18,74.99
dumbbell_curl_trifecta.mp4,690,103.12,141.63,19.49,69.11
dumbbell_curl_trifecta.mp4,700,108.61,142.1,15.66,70.21
dumbbell_curl_trifecta.mp4,710,109.78,143.2,12.89,80.8
dumbbell_curl_trifecta.mp4,720,97.86,145.47,16.45,79.22
dumbbell_curl_trifecta.mp4,730,78.74,104.02,24.8,45.48
dumbbell_curl_trifecta.mp4,740,77.43,107.6,19.17,34.79
dumbbell_curl_trifecta.mp4,750,83.41,120.6,22.06,28.35
dumbbell_curl_trifecta.mp4,760,82.38,115.43,16.13,28.31
dumbbell_curl_trifecta.mp4,770,79.98,117.32,20.9,27.02
dumbbell_curl_trifecta.mp4,780,123.79,116.75,54.75,26.11
dumbbell_curl_trifecta.mp4,790,129.31,141.85,52.86,24.4
dumbbell_curl_trifecta.mp4,800,126.39,147.01,60.23,34.71
dumbbell_curl_trifecta.mp4,810,128.05,145.31,72.47,38.62
dumbbell_curl_trifecta.mp4,820,131.69,145.82,82.6,33.71
dumbbell_curl_trifecta.mp4,830,130.24,154.37,82.43,30.79
dumbbell_curl_trifecta.mp4,840,130.25,155.66,79.3,36.48
dumbbell_curl_trifecta.mp4,850,128.26,160.97,69.9,36.95
dumbbell_curl_trifecta.mp4,860,127.42,150.52,65.77,33.43
dumbbell_curl_trifecta.mp4,870,131.97,144.36,54.35,19.98
dumbbell_curl_trifecta.mp4,880,134.94,123.03,56.07,22.85
dumbbell_curl_trifecta.mp4,890,83.98,114.6,17.95,23.31
dumbbell_curl_trifecta.mp4,900,82.94,114.06,19.84,27.37
dumbbell_curl_trifecta.mp4,910,85.73,115.01,21.55,25.66
dumbbell_curl_trifecta.mp4,920,84.37,115.68,21.95,25.14
dumbbell_curl_trifecta.mp4,930,83.05,112.86,29.37,28.14
dumbbell_curl_trifecta.mp4,940,79.97,118.71,19.78,63.85
dumbbell_curl_trifecta.mp4,950,81.24,136.92,16.44,88.09
dumbbell_curl_trifecta.mp4,960,100.37,144.81,17.79,93.52
dumbbell_curl_trifecta.mp4,970,100.94,140.3,23.46,90.68
dumbbell_curl_trifecta.mp4,980,98.36,138.78,31.29,87.91
dumbbell_curl_trifecta.mp4,990,100.56,143.63,23.95,92.28
dumbbell_curl_trifecta.mp4,1000,98.57,144.17,27.3,85.15
dumbbell_curl_trifecta.mp4,1010,82.06,138.05,20.61,87.01
dumbbell_curl_trifecta.mp4,1020,80.09,118.61,19.89,62.97
dumbbell_curl_trifecta.mp4,1030,81.14,116.02,25.34,35.67
dumbbell_curl_trifecta.mp4,1040,84.17,112.62,24.75,26.72
dumbbell_curl_trifecta.mp4,1050,83.55,114.87,21.9,25.66
dumbbell_curl_trifecta.mp4,1060,81.7,112.23,17.98,24.21
dumbbell_curl_trifecta.mp4,1070,83.09,112.73,15.33,23.47
dumbbell_curl_trifecta.mp4,1080,131.78,116.66,59.76,22.97
dumbbell_curl_trifecta.mp4,1090,136.36,119.82,88.94,19.72
dumbbell_curl_trifecta.mp4,1100,138.99,134.23,81.59,19.14
dumbbell_curl_trifecta.mp4,1110,139.44,137.6,86.39,19.45
dumbbell_curl_trifecta.mp4,1120,139.98,133.95,82.91,19.53
dumbbell_curl_trifecta.mp4,1130,138.36,118.27,91.55,19.22
dumbbell_curl_trifecta.mp4,1140,137.9,114.62,83.94,18.68
dumbbell_curl_trifecta.mp4,1150,116.27,118.95,28.01,23.37
dumbbell_curl_trifecta.mp4,1160,84.95,113.78,21.11,26.23
dumbbell_curl_trifecta.mp4,1170,84.83,117.56,25.6,26.74
dumbbell_curl_trifecta.mp4,1180,82.89,116.54,21.28,24.55
dumbbell_curl_trifecta.mp4,1190,84.27,115.86,16.65,27.46
dumbbell_curl_trifecta.mp4,1200,79.88,118.38,26.7,33.71
dumbbell_curl_trifecta.mp4,1210,81.83,111.84,15.55,58.23
dumbbell_curl_trifecta.mp4,1220,87.34,132.27,19.54,85.42
dumbbell_curl_trifecta.mp4,1230,99.78,136.34,35.54,78.78
dumbbell_curl_trifecta.mp4,1240,95.25,131.45,42.83,81.86
dumbbell_curl_trifecta.mp4,1250,93.47,131.5,43.41,82.98
dumbbell_curl_trifecta.mp4,1260,94.72,136.49,39.18,80.75
dumbbell_curl_trifecta.mp4,1270,100.29,135.99,39.37,72.26
dumbbell_curl_trifecta.mp4,1280,88.29,136.54,23.52,84.03
dumbbell_curl_trifecta.mp4,1290,81.34,122.48,13.96,72.24
dumbbell_curl_trifecta.mp4,1300,81.48,110.76,22.27,42.6
dumbbell_curl_trifecta.mp4,1310,83.01,115.97,24.39,29.42
dumbbell_curl_trifecta.mp4,1320,87.67,109.69,11.38,24.93
dumbbell_curl_trifecta.mp4,1330,82.73,109.65,14.43,21.03
dumbbell_curl_trifecta.mp4,1340,82.06,113.78,19.05,22.02
dumbbell_curl_trifecta.mp4,1350,96.66,118.16,14.52,21.68
dumbbell_curl_trifecta.mp4,1360,136.71,117.32,87.71,19.28
dumbbell_curl_trifecta.mp4,1370,136.61,116.92,89.11,17.02
dumbbell_curl_trifecta.mp4,1380,137.67,122.96,91.11,17.41
dumbbell_curl_trifecta.mp4,1390,136.45,120.9,94.18,17.81
dumbbell_curl_trifecta.mp4,1400,135.69,115.77,92.77,19.08
dumbbell_curl_trifecta.mp4,1410,135.99,110.74,90.53,18.82
dumbbell_curl_trifecta.mp4,1420,129.43,119.14,42.89,21.24
dumbbell_curl_trifecta.mp4,1430,81.14,113.39,24.87,22.14
dumbbell_curl_trifecta.mp4,1440,85.33,116.08,19.72,26.51
dumbbell_curl_trifecta.mp4,1450,84.2,118.0,20.67,26.36
dumbbell_curl_trifecta.mp4,1460,85.06,118.28,19.42,26.59
dumbbell_curl_trifecta.mp4,1470,84.41,111.58,22.53,23.94
dumbbell_curl_trifecta.mp4,1480,87.82,122.78,24.84,42.59
dumbbell_curl_trifecta.mp4,1490,98.92,144.64,16.27,86.59
dumbbell_curl_trifecta.mp4,1500,111.03,144.17,16.26,72.96
dumbbell_curl_trifecta.mp4,1510,107.75,142.32,15.26,78.78
dumbbell_curl_trifecta.mp4,1520,92.96,141.48,24.28,81.89
dumbbell_curl_trifecta.mp4,1530,94.71,142.27,24.37,83.81
dumbbell_curl_trifecta.mp4,1540,97.18,144.08,22.0,82.45
dumbbell_curl_trifecta.mp4,1550,96.3,139.68,22.63,73.26
dumbbell_curl_trifecta.mp4,1560,109.98,147.48,12.42,82.59
dumbbell_curl_trifecta.mp4,1570,90.65,150.32,27.65,69.76
dumbbell_curl_trifecta.mp4,1580,80.34,106.25,22.79,38.7
dumbbell_curl_trifecta.mp4,1590,83.44,117.61,21.05,31.86
dumbbell_curl_trifecta.mp4,1600,84.18,116.74,19.71,26.38
dumbbell_curl_trifecta.mp4,1610,81.24,116.75,21.16,25.01
dumbbell_curl_trifecta.mp4,1620,76.76,122.47,18.69,29.82
dumbbell_curl_trifecta.mp4,1630,125.24,130.06,49.5,35.41
dumbbell_curl_trifecta.mp4,1640,129.39,145.98,57.77,40.9
dumbbell_curl_trifecta.mp4,1650,130.09,147.33,79.79,41.82
dumbbell_curl_trifecta.mp4,1660,130.26,152.53,78.05,38.85
dumbbell_curl_trifecta.mp4,1670,128.42,155.76,73.17,36.57
dumbbell_curl_trifecta.mp4,1680,125.65,156.87,72.02,42.78
dumbbell_curl_trifecta.mp4,1690,128.32,155.04,63.61,40.49
dumbbell_curl_trifecta.mp4,1700,129.56,150.73,54.26,35.59
dumbbell_curl_trifecta.mp4,1710,132.13,132.08,54.11,30.88
dumbbell_curl_trifecta.mp4,1720,110.91,119.27,31.04,25.18
dumbbell_curl_trifecta.mp4,1730,79.35,110.08,24.61,23.23
dumbbell_curl_trifecta.mp4,1740,84.99,111.6,19.71,23.57
dumbbell_curl_trifecta.mp4,1750,83.66,113.06,21.6,23.66
dumbbell_curl_trifecta.mp4,1760,84.73,113.71,18.36,24.47
dumbbell_curl_trifecta.mp4,1770,83.26,112.72,21.22,24.35
dumbbell_curl_trifecta.mp4,1780,82.56,116.86,26.76,36.82
dumbbell_curl_trifecta.mp4,1790,88.44,135.69,16.35,71.69
dumbbell_curl_trifecta.mp4,1800,88.36,135.89,23.56,84.27
dumbbell_curl_trifecta.mp4,1810,94.05,140.32,30.48,86.11
dumbbell_curl_trifecta.mp4,1820,94.23,143.7,28.22,85.65
dumbbell_curl_trifecta.mp4,1830,93.41,139.6,30.05,85.01
dumbbell_curl_trifecta.mp4,1840,97.16,142.1,25.97,82.46
dumbbell_curl_trifecta.mp4,1850,91.56,142.96,27.55,84.98
dumbbell_curl_trifecta.mp4,1860,81.69,135.01,18.47,83.84
dumbbell_curl_trifecta.mp4,1870,78.27,113.1,31.46,48.47
dumbbell_curl_trifecta.mp4,1880,81.56,105.74,21.54,26.98
dumbbell_curl_trifecta.mp4,1890,83.1,113.97,21.45,26.56
dumbbell_curl_trifecta.mp4,1900,83.58,118.53,21.2,24.96
dumbbell_curl_trifecta.mp4,1910,81.51,112.7,17.88,20.82
dumbbell_curl_trifecta.mp4,1920,96.85,122.9,12.67,23.57
dumbbell_curl_trifecta.mp4,1930,137.99,120.79,71.55,19.31
dumbbell_curl_trifecta.mp4,1940,139.16,134.13,73.48,22.26
dumbbell_curl_trifecta.mp4,1950,137.24,144.96,83.88,19.18
dumbbell_curl_trifecta.mp4,1960,138.74,137.65,85.03,19.56
dumbbell_curl_trifecta.mp4,1970,138.26,138.37,84.52,20.1
dumbbell_curl_trifecta.mp4,1980,137.06,119.4,77.89,20.23
dumbbell_curl_trifecta.mp4,1990,135.66,113.27,78.06,22.75
dumbbell_curl_trifecta.mp4,2000,105.14,119.65,26.6,28.14
dumbbell_curl_trifecta.mp4,2010,82.82,114.58,20.59,28.38
dumbbell_curl_trifecta.mp4,2020,85.0,111.67,18.67,25.47
dumbbell_curl_trifecta.mp4,2030,86.16,117.23,26.94,24.73
dumbbell_curl_trifecta.mp4,2040,83.55,122.33,28.08,27.16
dumbbell_curl_trifecta.mp4,2050,81.59,114.66,24.49,34.89
dumbbell_curl_trifecta.mp4,2060,81.08,126.78,14.9,78.95
dumbbell_curl_trifecta.mp4,2070,84.95,140.15,17.88,92.88
dumbbell_curl_trifecta.mp4,2080,92.13,138.85,34.4,86.92
dumbbell_curl_trifecta.mp4,2090,93.38,137.76,33.91,86.68
dumbbell_curl_trifecta.mp4,2100,93.84,137.42,27.84,91.99
dumbbell_curl_trifecta.mp4,2110,93.75,142.19,25.2,91.46
dumbbell_curl_trifecta.mp4,2120,84.4,136.49,22.67,87.68
dumbbell_curl_trifecta.mp4,2130,80.71,126.45,16.95,76.18
dumbbell_curl_trifecta.mp4,2140,79.97,106.63,26.64,37.37
dumbbell_curl_trifecta.mp4,2150,84.13,113.22,20.84,28.12
dumbbell_curl_trifecta.mp4,2160,85.42,115.23,16.18,24.65
dumbbell_curl_trifecta.mp4,2170,83.89,110.3,13.16,23.12
dumbbell_curl_trifecta.mp4,2180,81.55,114.88,16.13,26.53
dumbbell_curl_trifecta.mp4,2190,110.65,121.45,41.14,31.44
dumbbell_curl_trifecta.mp4,2200,140.58,121.45,78.81,19.67
dumbbell_curl_trifecta.mp4,2210,136.24,129.67,87.2,20.37
dumbbell_curl_trifecta.mp4,2220,137.44,133.12,93.62,21.26
dumbbell_curl_trifecta.mp4,2230,139.69,133.36,91.13,18.8
dumbbell_curl_trifecta.mp4,2240,137.84,131.66,92.83,20.51
dumbbell_curl_trifecta.mp4,2250,137.78,127.69,89.36,20.44
dumbbell_curl_trifecta.mp4,2260,141.19,124.28,58.99,24.26
dumbbell_curl_trifecta.mp4,2270,109.3,119.0,34.17,28.78
dumbbell_curl_trifecta.mp4,2280,84.36,113.25,22.68,26.08
dumbbell_curl_trifecta.mp4,2290,83.33,114.31,19.8,25.0
dumbbell_curl_trifecta.mp4,2300,85.87,118.98,20.07,25.01
dumbbell_curl_trifecta.mp4,2310,86.14,117.03,17.99,26.59
dumbbell_curl_trifecta.mp4,2320,87.57,121.99,29.11,37.35
dumbbell_curl_trifecta.mp4,2330,94.79,148.3,29.45,77.24
dumbbell_curl_trifecta.mp4,2340,109.91,145.37,20.48,77.27
dumbbell_curl_trifecta.mp4,2350,110.5,146.61,20.71,70.67
dumbbell_curl_trifecta.mp4,2360,100.36,144.98,24.74,72.85
dumbbell_curl_trifecta.mp4,2370,102.6,147.59,23.59,77.94
dumbbell_curl_trifecta.mp4,2380,100.7,146.65,25.36,77.99
dumbbell_curl_trifecta.mp4,2390,107.1,147.06,19.96,78.07
dumbbell_curl_trifecta.mp4,2400,106.68,146.37,18.74,79.63
dumbbell_curl_trifecta.mp4,2410,99.77,151.56,21.34,74.45
dumbbell_curl_trifecta.mp4,2420,82.53,116.09,32.93,42.21
dumbbell_curl_trifecta.mp4,2430,83.08,120.23,28.16,34.23
dumbbell_curl_trifecta.mp4,2440,84.26,122.04,24.78,27.48
dumbbell_curl_trifecta.mp4,2450,83.04,117.9,17.37,27.07
dumbbell_curl_trifecta.mp4,2460,80.32,122.71,21.61,30.73
dumbbell_curl_trifecta.mp4,2470,118.78,137.63,37.96,40.28
dumbbell_curl_trifecta.mp4,2480,127.36,147.25,54.3,45.8
dumbbell_curl_trifecta.mp4,2490,129.84,146.55,73.66,47.75
dumbbell_curl_trifecta.mp4,2500,132.82,149.98,84.46,45.71
dumbbell_curl_trifecta.mp4,2510,131.8,151.68,85.3,40.75
dumbbell_curl_trifecta.mp4,2520,131.84,156.77,85.31,48.69
dumbbell_curl_trifecta.mp4,2530,126.74,153.62,80.98,49.04
dumbbell_curl_trifecta.mp4,2540,128.04,150.86,65.75,41.86
dumbbell_curl_trifecta.mp4,2550,134.58,146.17,50.55,30.88
dumbbell_curl_trifecta.mp4,2560,136.35,123.69,46.55,22.48
dumbbell_curl_trifecta.mp4,2570,88.43,112.25,19.5,22.89
dumbbell_curl_trifecta.mp4,2580,80.6,111.95,25.3,23.41
dumbbell_curl_trifecta.mp4,2590,83.41,111.7,20.14,25.06
dumbbell_curl_trifecta.mp4,2600,85.24,115.64,25.41,24.6
dumbbell_curl_trifecta.mp4,2610,85.23,117.64,24.74,25.17
dumbbell_curl_trifecta.mp4,2620,82.01,110.31,24.35,28.0
dumbbell_curl_trifecta.mp4,2630,81.18,123.74,20.22,69.05
dumbbell_curl_trifecta.mp4,2640,77.13,139.36,24.01,86.14
dumbbell_curl_trifecta.mp4,2650,97.78,144.29,21.43,90.9
dumbbell_curl_trifecta.mp4,2660,95.73,140.18,27.17,90.04
dumbbell_curl_trifecta.mp4,2670,95.09,138.81,30.35,90.33
dumbbell_curl_trifecta.mp4,2680,99.68,145.82,23.96,87.12
dumbbell_curl_trifecta.mp4,2690,86.0,138.76,21.27,87.97
dumbbell_curl_trifecta.mp4,2700,82.31,122.61,26.01,61.83
dumbbell_curl_trifecta.mp4,2710,82.52,114.82,31.04,32.23
dumbbell_curl_trifecta.mp4,2720,84.82,118.22,20.07,29.06
dumbbell_curl_trifecta.mp4,2730,83.31,116.32,21.76,27.26
dumbbell_curl_trifecta.mp4,2740,81.76,117.2,17.94,29.37
dumbbell_curl_trifecta.mp4,2750,79.47,121.45,14.12,29.25
dumbbell_curl_trifecta.mp4,2760,130.88,116.12,70.27,24.74
dumbbell_curl_trifecta.mp4,2770,137.41,117.5,83.03,20.79
dumbbell_curl_trifecta.mp4,2780,139.61,128.08,84.28,19.94
dumbbell_curl_trifecta.mp4,2790,138.87,134.57,83.17,19.98
dumbbell_curl_trifecta.mp4,2800,137.91,137.6,86.87,20.26
dumbbell_curl_trifecta.mp4,2810,137.54,135.0,83.1,19.47
dumbbell_curl_trifecta.mp4,2820,139.6,117.79,82.71,20.84
dumbbell_curl_trifecta.mp4,2830,137.91,111.18,71.92,19.6
dumbbell_curl_trifecta.mp4,2840,102.73,119.5,23.21,27.93
dumbbell_curl_trifecta.mp4,2850,81.88,116.89,22.97,26.63
dumbbell_curl_trifecta.mp4,2860,84.54,117.03,17.01,27.26
dumbbell_curl_trifecta.mp4,2870,84.32,120.78,21.32,26.13
dumbbell_curl_trifecta.mp4,2880,81.23,121.96,27.72,29.34
dumbbell_curl_trifecta.mp4,2890,80.23,110.18,22.77,40.27
dumbbell_curl_trifecta.mp4,2900,83.03,118.13,16.32,69.79
dumbbell_curl_trifecta.mp4,2910,97.75,127.0,42.04,71.49
dumbbell_curl_trifecta.mp4,2920,95.24,130.47,46.1,75.39
dumbbell_curl_trifecta.mp4,2930,97.86,134.43,41.25,78.57
dumbbell_curl_trifecta.mp4,2940,90.87,136.69,44.05,85.42
dumbbell_curl_trifecta.mp4,2950,94.47,139.36,43.21,82.68
dumbbell_curl_trifecta.mp4,2960,97.8,132.16,34.21,73.58
dumbbell_curl_trifecta.mp4,2970,80.36,121.56,20.32,71.3
dumbbell_curl_trifecta.mp4,2980,82.8,114.57,18.55,55.48
dumbbell_curl_trifecta.mp4,2990,80.12,110.62,19.59,33.29
dumbbell_curl_trifecta.mp4,3000,82.35,116.37,19.02,25.03
dumbbell_curl_trifecta.mp4,3010,81.89,115.06,21.88,22.83
dumbbell_curl_trifecta.mp4,3020,83.87,114.74,17.34,23.52
dumbbell_curl_trifecta.mp4,3030,117.79,119.99,33.15,23.08
dumbbell_curl_trifecta.mp4,3040,139.61,124.25,70.14,21.65
dumbbell_curl_trifecta.mp4,3050,136.37,129.1,88.37,20.41
dumbbell_curl_trifecta.mp4,3060,139.93,139.18,87.2,19.65
dumbbell_curl_trifecta.mp4,3070,141.96,137.92,82.2,19.81
dumbbell_curl_trifecta.mp4,3080,141.61,138.04,82.69,18.91
dumbbell_curl_trifecta.mp4,3090,139.46,133.88,87.2,18.73
dumbbell_curl_trifecta.mp4,3100,139.67,118.81,88.88,20.55
dumbbell_curl_trifecta.mp4,3110,114.86,119.03,31.32,21.35
dumbbell_curl_trifecta.mp4,3120,84.91,112.52,22.31,24.71
dumbbell_curl_trifecta.mp4,3130,85.48,119.53,22.92,27.44
dumbbell_curl_trifecta.mp4,3140,85.14,117.8,19.12,26.0
dumbbell_curl_trifecta.mp4,3150,86.9,127.17,24.98,29.25
dumbbell_curl_trifecta.mp4,3160,87.25,118.76,21.8,27.34
dumbbell_curl_trifecta.mp4,3170,90.57,135.8,31.64,50.21
dumbbell_curl_trifecta.mp4,3180,100.7,142.92,16.51,85.29
dumbbell_curl_trifecta.mp4,3190,108.23,143.59,21.37,70.1
dumbbell_curl_trifecta.mp4,3200,104.79,142.28,19.67,70.6
dumbbell_curl_trifecta.mp4,3210,107.59,145.12,14.99,73.75
dumbbell_curl_trifecta.mp4,3220,102.47,145.31,26.52,72.67
dumbbell_curl_trifecta.mp4,3230,104.92,144.68,22.1,71.04
dumbbell_curl_trifecta.mp4,3240,108.67,145.46,14.04,78.99
dumbbell_curl_trifecta.mp4,3250,97.53,142.95,17.86,82.45
dumbbell_curl_trifecta.mp4,3260,90.53,144.53,29.11,66.76
dumbbell_curl_trifecta.mp4,3270,81.59,117.53,33.87,29.7
dumbbell_curl_trifecta.mp4,3280,82.11,123.04,26.78,24.77
dumbbell_curl_trifecta.mp4,3290,79.32,128.43,27.78,28.63
dumbbell_curl_trifecta.mp4,3300,81.35,122.39,13.33,26.36
dumbbell_curl_trifecta.mp4,3310,123.31,124.31,52.93,34.4
dumbbell_curl_trifecta.mp4,3320,130.4,138.29,59.76,38.94
dumbbell_curl_trifecta.mp4,3330,128.76,144.32,69.66,46.69
dumbbell_curl_trifecta.mp4,3340,128.53,149.51,77.07,46.79
dumbbell_curl_trifecta.mp4,3350,128.8,152.85,71.54,36.17
dumbbell_curl_trifecta.mp4,3360,128.89,154.89,74.2,40.56
dumbbell_curl_trifecta.mp4,3370,126.67,157.65,65.86,39.79
dumbbell_curl_trifecta.mp4,3380,127.15,155.89,60.95,39.41
dumbbell_curl_trifecta.mp4,3390,131.02,149.2,56.03,36.08
dumbbell_curl_trifecta.mp4,3400,134.44,131.84,63.53,33.31
dumbbell_curl_trifecta.mp4,3410,131.28,117.79,55.13,24.42
dumbbell_curl_trifecta.mp4,3420,84.76,115.28,19.76,25.45
dumbbell_curl_trifecta.mp4,3430,83.45,114.97,21.66,27.27
dumbbell_curl_trifecta.mp4,3440,83.38,116.1,20.64,25.66
dumbbell_curl_trifecta.mp4,3450,83.5,117.64,20.43,26.95
dumbbell_curl_trifecta.mp4,3460,84.44,112.38,21.64,25.55
dumbbell_curl_trifecta.mp4,3470,83.2,128.86,22.1,63.63
dumbbell_curl_trifecta.mp4,3480,82.26,141.07,21.71,83.0
dumbbell_curl_trifecta.mp4,3490,85.35,137.68,25.29,90.65
dumbbell_curl_trifecta.mp4,3500,91.99,139.37,30.01,85.08
dumbbell_curl_trifecta.mp4,3510,92.23,143.06,28.45,86.96
dumbbell_curl_trifecta.mp4,3520,92.91,142.88,24.3,90.05
dumbbell_curl_trifecta.mp4,3530,93.15,142.01,17.56,95.47
dumbbell_curl_trifecta.mp4,3540,84.7,136.55,21.12,85.52
dumbbell_curl_trifecta.mp4,3550,81.07,126.6,14.44,81.3
dumbbell_curl_trifecta.mp4,3560,79.08,112.51,22.83,45.64
dumbbell_curl_trifecta.mp4,3570,82.33,117.55,23.77,29.84
dumbbell_curl_trifecta.mp4,3580,84.71,117.96,22.12,25.58
dumbbell_curl_trifecta.mp4,3590,86.87,117.15,18.25,26.89
dumbbell_curl_trifecta.mp4,3600,85.36,116.46,18.38,27.27
dumbbell_curl_trifecta.mp4,3610,81.88,119.76,20.02,25.08
dumbbell_curl_trifecta.mp4,3620,128.24,120.54,51.79,24.06
dumbbell_curl_trifecta.mp4,3630,135.61,124.24,79.3,19.65
dumbbell_curl_trifecta.mp4,3640,138.81,130.45,79.84,19.83
dumbbell_curl_trifecta.mp4,3650,138.57,133.12,86.9,18.59
dumbbell_curl_trifecta.mp4,3660,137.98,135.87,84.73,19.18
dumbbell_curl_trifecta.mp4,3670,138.53,135.35,87.73,18.75
dumbbell_curl_trifecta.mp4,3680,137.36,118.9,80.43,19.47
dumbbell_curl_trifecta.mp4,3690,127.18,116.64,59.84,21.8
dumbbell_curl_trifecta.mp4,3700,88.39,120.95,13.75,24.71
dumbbell_curl_trifecta.mp4,3710,85.62,115.97,21.11,25.57
dumbbell_curl_trifecta.mp4,3720,83.98,118.81,20.23,27.49
dumbbell_curl_trifecta.mp4,3730,84.22,124.23,25.53,26.43
dumbbell_curl_trifecta.mp4,3740,81.77,120.99,28.38,26.73
dumbbell_curl_trifecta.mp4,3750,80.27,116.18,25.02,43.6
dumbbell_curl_trifecta.mp4,3760,81.7,124.32,24.1,73.16
dumbbell_curl_trifecta.mp4,3770,95.8,133.99,24.14,83.4
dumbbell_curl_trifecta.mp4,3780,95.2,132.5,43.85,74.67
dumbbell_curl_trifecta.mp4,3790,94.53,131.24,43.8,79.4
dumbbell_curl_trifecta.mp4,3800,95.31,130.62,42.0,79.22
dumbbell_curl_trifecta.mp4,3810,99.01,123.84,43.28,67.18
dumbbell_curl_trifecta.mp4,3820,85.34,129.7,20.12,86.75
dumbbell_curl_trifecta.mp4,3830,84.8,123.41,19.23,57.97
dumbbell_curl_trifecta.mp4,3840,80.9,112.09,25.07,34.97
dumbbell_curl_trifecta.mp4,3850,83.27,117.82,26.6,30.11
dumbbell_curl_trifecta.mp4,3860,84.28,115.61,20.75,23.46
dumbbell_curl_trifecta.mp4,3870,83.25,114.94,19.02,25.71
dumbbell_curl_trifecta.mp4,3880,81.24,115.59,22.25,24.91
dumbbell_curl_trifecta.mp4,3890,125.51,118.57,40.18,24.64
dumbbell_curl_trifecta.mp4,3900,141.56,123.43,62.35,22.62
dumbbell_curl_trifecta.mp4,3910,137.3,121.69,89.78,19.28
dumbbell_curl_trifecta.mp4,3920,140.26,126.74,92.8,19.43
dumbbell_curl_trifecta.mp4,3930,137.94,137.7,89.41,20.08
dumbbell_curl_trifecta.mp4,3940,138.09,124.4,89.56,20.9
dumbbell_curl_trifecta.mp4,3950,135.84,119.44,87.2,20.59
dumbbell_curl_trifecta.mp4,3960,136.93,124.02,57.55,22.19
dumbbell_curl_trifecta.mp4,3970,108.86,123.22,28.03,25.05
dumbbell_curl_trifecta.mp4,3980,81.49,119.35,23.33,25.6
dumbbell_curl_trifecta.mp4,3990,82.84,123.99,22.36,29.04
dumbbell_curl_trifecta.mp4,4000,85.06,124.86,24.45,28.94
dumbbell_curl_trifecta.mp4,4010,85.94,121.39,22.05,27.27
dumbbell_curl_trifecta.mp4,4020,83.88,114.35,26.93,30.54
dumbbell_curl_trifecta.mp4,4030,98.53,145.04,18.86,76.62
dumbbell_curl_trifecta.mp4,4040,110.72,146.34,17.8,74.61
dumbbell_curl_trifecta.mp4,4050,109.31,146.25,24.8,67.04
dumbbell_curl_trifecta.mp4,4060,106.97,145.59,16.03,75.31
dumbbell_curl_trifecta.mp4,4070,104.37,145.29,17.67,76.2
dumbbell_curl_trifecta.mp4,4080,110.36,144.13,16.26,72.64
dumbbell_curl_trifecta.mp4,4090,109.81,144.34,16.94,70.83
dumbbell_curl_trifecta.mp4,4100,99.19,141.51,13.66,87.37
dumbbell_curl_trifecta.mp4,4110,90.11,146.07,23.52,73.07
dumbbell_curl_trifecta.mp4,4120,78.78,107.51,29.98,39.17
dumbbell_curl_trifecta.mp4,4130,80.36,118.85,25.96,31.44
dumbbell_curl_trifecta.mp4,4140,82.72,119.83,17.97,25.77
dumbbell_curl_trifecta.mp4,4150,81.11,118.28,16.33,28.05
dumbbell_curl_trifecta.mp4,4160,76.88,115.45,14.63,25.47
dumbbell_curl_trifecta.mp4,4170,125.83,116.47,58.03,25.48
dumbbell_curl_trifecta.mp4,4180,129.97,138.59,60.05,37.44
dumbbell_curl_trifecta.mp4,4190,126.87,146.91,69.28,46.39
dumbbell_curl_trifecta.mp4,4200,131.52,149.15,84.34,42.74
dumbbell_curl_trifecta.mp4,4210,132.47,155.22,85.79,34.97
dumbbell_curl_trifecta.mp4,4220,130.74,159.83,88.14,46.18
dumbbell_curl_trifecta.mp4,4230,129.02,156.16,81.17,41.89
dumbbell_curl_trifecta.mp4,4240,130.53,153.36,82.81,46.5
dumbbell_curl_trifecta.mp4,4250,131.24,143.57,66.33,41.23
dumbbell_curl_trifecta.mp4,4260,140.38,136.22,50.79,24.63
dumbbell_curl_trifecta.mp4,4270,87.35,116.43,23.97,24.45
dumbbell_curl_trifecta.mp4,4280,83.87,114.66,23.42,27.08
dumbbell_curl_trifecta.mp4,4290,84.41,119.59,25.41,27.87
dumbbell_curl_trifecta.mp4,4300,85.32,124.23,26.3,30.65
dumbbell_curl_trifecta.mp4,4310,84.14,122.99,24.42,31.02
dumbbell_curl_trifecta.mp4,4320,83.86,124.1,24.76,31.21
dumbbell_curl_trifecta.mp4,4330,82.21,121.77,20.67,29.93
dumbbell_curl_trifecta.mp4,4340,82.15,119.73,18.64,29.21
dumbbell_curl_trifecta.mp4,4350,82.5,121.14,20.15,30.3
dumbbell_hammer_curls.mp4,10,126.39,82.95,42.94,14.6
dumbbell_hammer_curls.mp4,20,122.08,81.34,40.69,14.04
dumbbell_hammer_curls.mp4,30,123.7,82.28,40.88,14.28
dumbbell_hammer_curls.mp4,40,126.09,82.36,42.47,14.59
dumbbell_hammer_curls.mp4,50,119.94,79.88,38.46,13.91
dumbbell_hammer_curls.mp4,60,112.87,74.4,38.36,12.93
dumbbell_hammer_curls.mp4,70,107.95,77.89,39.57,10.76
dumbbell_hammer_curls.mp4,80,131.14,113.02,82.14,56.03
dumbbell_hammer_curls.mp4,90,133.65,128.39,94.35,72.86
dumbbell_hammer_curls.mp4,100,130.22,132.45,92.64,85.81
dumbbell_hammer_curls.mp4,110,129.61,136.52,89.7,89.63
dumbbell_hammer_curls.mp4,120,132.16,124.92,89.98,72.3
dumbbell_hammer_curls.mp4,130,141.87,93.74,75.79,15.79
dumbbell_hammer_curls.mp4,140,109.8,67.99,39.98,21.48
dumbbell_hammer_curls.mp4,150,110.07,72.67,36.03,15.14
dumbbell_hammer_curls.mp4,160,121.55,78.74,40.43,13.73
dumbbell_hammer_curls.mp4,170,118.02,78.91,39.05,12.94
dumbbell_hammer_curls.mp4,180,114.85,73.0,36.4,14.39
dumbbell_hammer_curls.mp4,190,123.4,72.16,44.69,27.95
dumbbell_hammer_curls.mp4,200,134.53,86.54,84.56,22.97
dumbbell_hammer_curls.mp4,210,136.25,118.46,98.82,68.31
dumbbell_hammer_curls.mp4,220,136.89,127.4,96.18,75.31
dumbbell_hammer_curls.mp4,230,135.62,125.39,95.08,73.98
dumbbell_hammer_curls.mp4,240,133.91,102.36,80.65,41.13
dumbbell_hammer_curls.mp4,250,128.14,63.01,57.41,34.3
dumbbell_hammer_curls.mp4,260,120.53,72.01,39.29,23.22
dumbbell_hammer_curls.mp4,270,117.27,75.01,35.87,15.84
dumbbell_hammer_curls.mp4,280,124.12,80.13,40.44,11.36
dumbbell_hammer_curls.mp4,290,125.06,81.08,42.27,11.38
dumbbell_hammer_curls.mp4,300,116.09,71.51,34.89,17.58
dumbbell_hammer_curls.mp4,310,121.37,92.04,49.02,16.08
dumbbell_hammer_curls.mp4,320,131.96,114.54,84.25,59.18
dumbbell_hammer_curls.mp4,330,134.09,116.58,91.39,61.94
dumbbell_hammer_curls.mp4,340,135.37,130.34,84.37,75.04
dumbbell_hammer_curls.mp4,350,133.75,125.03,89.54,71.69
dumbbell_hammer_curls.mp4,360,135.39,79.71,77.86,15.61
dumbbell_hammer_curls.mp4,370,113.9,66.92,35.2,24.67
dumbbell_hammer_curls.mp4,380,117.98,76.48,40.79,12.74
dumbbell_hammer_curls.mp4,390,123.0,80.49,38.87,11.7
dumbbell_hammer_curls.mp4,400,118.17,78.29,34.95,12.08
dumbbell_hammer_curls.mp4,410,116.14,72.51,38.73,15.74
dumbbell_hammer_curls.mp4,420,137.03,79.29,66.69,15.2
dumbbell_hammer_curls.mp4,430,132.66,99.91,83.86,42.12
dumbbell_hammer_curls.mp4,440,134.05,125.58,91.23,72.72
dumbbell_hammer_curls.mp4,450,134.86,131.17,91.95,80.65
dumbbell_hammer_curls.mp4,460,134.43,119.74,80.85,58.04
dumbbell_hammer_curls.mp4,470,137.17,86.88,74.7,16.47
dumbbell_hammer_curls.mp4,480,112.66,68.7,35.36,19.4
dumbbell_hammer_curls.mp4,490,115.64,76.61,36.13,11.7
dumbbell_hammer_curls.mp4,500,127.46,82.24,41.53,11.89
dumbbell_hammer_curls.mp4,510,116.36,76.88,39.06,12.7
dumbbell_hammer_curls.mp4,520,106.75,66.77,31.54,21.8
dumbbell_hammer_curls.mp4,530,137.54,103.92,76.95,36.62
dumbbell_hammer_curls.mp4,540,135.09,119.86,93.3,63.49
dumbbell_hammer_curls.mp4,550,132.51,134.38,91.55,86.65
dumbbell_hammer_curls.mp4,560,132.07,120.18,86.01,63.95
dumbbell_hammer_curls.mp4,570,137.16,87.62,72.01,15.13
dumbbell_hammer_curls.mp4,580,116.13,69.83,40.54,16.56
dumbbell_hammer_curls.mp4,590,115.4,77.13,34.35,13.82
dumbbell_hammer_curls.mp4,600,125.0,82.8,40.37,12.31
dumbbell_hammer_curls.mp4,610,125.52,82.22,41.22,11.11
dumbbell_hammer_curls.mp4,620,125.74,82.51,42.24,12.93
dumbbell_hammer_curls.mp4,630,121.07,79.83,39.28,12.84
dumbbell_hammer_curls.mp4,640,120.03,81.4,36.95,13.67
dumbbell_hammer_curls.mp4,650,122.27,81.4,38.66,12.92
dumbbell_high_pulls.mp4,10,114.61,78.94,27.85,11.88
dumbbell_high_pulls.mp4,20,118.96,79.02,29.87,13.69
dumbbell_high_pulls.mp4,30,114.45,77.27,27.83,13.61
dumbbell_high_pulls.mp4,40,115.39,79.5,28.56,11.12
dumbbell_high_pulls.mp4,50,112.73,79.61,26.55,11.26
dumbbell_high_pulls.mp4,60,118.0,79.36,29.46,13.22
dumbbell_high_pulls.mp4,70,120.06,79.67,31.05,13.11
dumbbell_high_pulls.mp4,80,115.47,79.47,26.74,13.21
dumbbell_high_pulls.mp4,90,114.51,78.54,27.61,11.95
dumbbell_high_pulls.mp4,100,112.72,79.46,25.68,10.83
dumbbell_high_pulls.mp4,110,115.65,78.93,27.6,13.52
dumbbell_high_pulls.mp4,120,114.76,78.18,28.25,13.63
dumbbell_high_pulls.mp4,130,114.39,79.47,28.7,12.02
dumbbell_high_pulls.mp4,140,112.31,78.75,25.75,12.47
dumbbell_high_pulls.mp4,150,113.01,79.9,25.69,11.47
dumbbell_high_pulls.mp4,160,110.34,79.54,25.51,11.86
dumbbell_high_pulls.mp4,170,115.97,79.63,33.3,13.88
dumbbell_high_pulls.mp4,180,125.11,80.9,42.67,19.22
dumbbell_high_pulls.mp4,190,133.25,86.61,56.49,25.27
dumbbell_high_pulls.mp4,200,142.62,90.72,81.88,40.13
dumbbell_high_pulls.mp4,210,148.52,89.86,82.69,33.21
dumbbell_high_pulls.mp4,220,147.93,83.13,86.57,31.99
dumbbell_high_pulls.mp4,230,129.99,85.06,81.89,36.07
dumbbell_high_pulls.mp4,240,101.79,88.42,74.7,62.9
dumbbell_high_pulls.mp4,250,140.99,89.71,110.58,96.92
dumbbell_high_pulls.mp4,260,156.23,176.62,118.01,104.19
dumbbell_high_pulls.mp4,270,161.15,178.94,120.53,98.72
dumbbell_high_pulls.mp4,280,162.6,175.14,123.53,94.26
dumbbell_high_pulls.mp4,290,157.94,172.24,119.44,101.16
dumbbell_high_pulls.mp4,300,156.95,175.5,116.71,104.92
dumbbell_high_pulls.mp4,310,155.21,152.51,122.35,102.61
dumbbell_high_pulls.mp4,320,125.7,86.39,107.01,94.84
dumbbell_high_pulls.mp4,330,97.36,80.66,80.42,76.98
dumbbell_high_pulls.mp4,340,89.34,56.84,52.47,32.74
dumbbell_high_pulls.mp4,350,123.96,77.76,77.78,33.87
dumbbell_high_pulls.mp4,360,145.72,89.17,82.53,34.83
dumbbell_high_pulls.mp4,370,144.66,92.51,81.88,35.24
dumbbell_high_pulls.mp4,380,147.42,91.03,80.57,40.63
dumbbell_high_pulls.mp4,390,148.9,96.63,78.67,40.6
dumbbell_high_pulls.mp4,400,148.62,88.04,85.27,29.14
dumbbell_high_pulls.mp4,410,131.78,89.63,78.33,37.84
dumbbell_high_pulls.mp4,420,139.95,148.29,70.21,65.52
dumbbell_high_pulls.mp4,430,151.69,167.18,115.53,98.27
dumbbell_high_pulls.mp4,440,140.92,115.75,114.59,114.05
dumbbell_high_pulls.mp4,450,153.65,171.35,113.01,102.15
dumbbell_high_pulls.mp4,460,153.14,106.21,107.97,110.85
dumbbell_high_pulls.mp4,470,154.81,150.76,112.35,96.06
dumbbell_high_pulls.mp4,480,155.28,163.34,115.19,96.63
dumbbell_high_pulls.mp4,490,155.18,169.64,118.57,100.86
dumbbell_high_pulls.mp4,500,149.75,147.01,113.55,95.98
dumbbell_high_pulls.mp4,510,131.18,140.73,100.88,89.41
dumbbell_high_pulls.mp4,520,101.68,77.26,64.67,55.79
dumbbell_high_pulls.mp4,530,104.38,79.94,74.08,44.54
dumbbell_high_pulls.mp4,540,127.72,78.75,78.86,33.1
dumbbell_high_pulls.mp4,550,144.24,85.99,82.77,37.93
dumbbell_high_pulls.mp4,560,148.62,76.98,97.02,35.1
dumbbell_high_pulls.mp4,570,155.24,73.82,99.44,36.71
dumbbell_high_pulls.mp4,580,144.55,79.95,89.23,32.13
dumbbell_high_pulls.mp4,590,146.47,96.45,74.94,36.61
dumbbell_high_pulls.mp4,600,125.13,83.63,75.77,32.85
dumbbell_high_pulls.mp4,610,125.74,115.04,66.14,61.72
dumbbell_high_pulls.mp4,620,147.86,163.99,123.1,110.59
dumbbell_high_pulls.mp4,630,136.47,136.96,114.01,113.34
dumbbell_high_pulls.mp4,640,156.77,174.96,118.74,105.58
dumbbell_high_pulls.mp4,650,163.65,169.87,119.33,102.96
dumbbell_high_pulls.mp4,660,157.24,169.25,115.74,107.74
dumbbell_high_pulls.mp4,670,155.98,160.23,113.63,107.17
dumbbell_high_pulls.mp4,680,158.44,170.44,118.67,100.91
dumbbell_high_pulls.mp4,690,159.28,108.6,117.34,107.12
dumbbell_high_pulls.mp4,700,140.38,157.87,116.7,99.67
dumbbell_high_pulls.mp4,710,134.31,155.98,97.81,91.23
dumbbell_high_pulls.mp4,720,123.67,145.87,79.59,91.5
dumbbell_high_pulls.mp4,730,113.82,80.69,72.94,44.42
dumbbell_high_pulls.mp4,740,134.81,83.76,82.02,34.95
dumbbell_high_pulls.mp4,750,138.12,88.8,73.76,39.43
dumbbell_high_pulls.mp4,760,148.76,75.27,103.63,34.84
dumbbell_high_pulls.mp4,770,148.87,98.43,93.08,37.94
dumbbell_high_pulls.mp4,780,153.31,92.26,104.42,38.0
dumbbell_high_pulls.mp4,790,151.18,76.49,91.9,33.6
dumbbell_high_pulls.mp4,800,148.41,96.2,82.33,35.31
dumbbell_high_pulls.mp4,810,135.18,87.35,66.33,27.73
dumbbell_high_pulls.mp4,820,125.03,70.8,60.37,41.11
dumbbell_high_pulls.mp4,830,151.03,166.72,101.62,88.57
dumbbell_high_pulls.mp4,840,142.02,145.6,125.89,101.72
dumbbell_high_pulls.mp4,850,155.33,177.99,119.09,104.25
dumbbell_high_pulls.mp4,860,158.46,174.25,119.97,101.07
dumbbell_high_pulls.mp4,870,155.21,175.68,123.79,99.79
dumbbell_high_pulls.mp4,880,149.33,175.16,119.64,104.14
dumbbell_high_pulls.mp4,890,147.29,177.07,112.55,100.46
dumbbell_high_pulls.mp4,900,139.25,148.08,102.82,87.13
dumbbell_high_pulls.mp4,910,122.79,135.44,76.43,78.34
dumbbell_high_pulls.mp4,920,106.59,88.23,61.09,50.66
dumbbell_high_pulls.mp4,930,131.48,90.17,83.76,41.88
dumbbell_high_pulls.mp4,940,147.01,97.64,83.26,44.82
dumbbell_high_pulls.mp4,950,143.53,87.51,77.17,32.38
dumbbell_high_pulls.mp4,960,152.88,76.65,102.33,35.11
dumbbell_high_pulls.mp4,970,142.96,84.3,95.82,31.37
dumbbell_high_pulls.mp4,980,141.09,84.39,93.04,33.18
dumbbell_high_pulls.mp4,990,141.8,81.56,80.33,35.56
dumbbell_high_pulls.mp4,1000,143.98,91.34,81.76,33.38
dumbbell_high_pulls.mp4,1010,123.52,99.5,71.96,55.36
dumbbell_high_pulls.mp4,1020,138.24,138.37,86.14,78.51
dumbbell_high_pulls.mp4,1030,143.38,159.65,115.05,103.76
dumbbell_high_pulls.mp4,1040,153.87,156.05,120.39,108.55
dumbbell_high_pulls.mp4,1050,157.96,174.53,119.78,101.58
dumbbell_high_pulls.mp4,1060,155.62,174.68,120.37,102.63
dumbbell_high_pulls.mp4,1070,155.97,174.28,116.04,108.13
dumbbell_high_pulls.mp4,1080,155.93,165.84,120.78,104.77
dumbbell_high_pulls.mp4,1090,146.8,175.04,120.47,105.83
dumbbell_high_pulls.mp4,1100,146.95,153.1,114.39,91.78
dumbbell_high_pulls.mp4,1110,133.69,155.38,97.05,101.05
dumbbell_high_pulls.mp4,1120,90.28,101.42,62.56,75.04
dumbbell_high_pulls.mp4,1130,104.92,70.5,69.36,28.78
dumbbell_high_pulls.mp4,1140,134.72,82.16,81.68,27.37
dumbbell_high_pulls.mp4,1150,150.7,82.54,88.76,28.87
dumbbell_high_pulls.mp4,1160,152.75,102.04,101.45,49.52
dumbbell_high_pulls.mp4,1170,159.48,93.55,107.9,42.98
dumbbell_high_pulls.mp4,1180,147.69,85.42,95.12,39.06
dumbbell_high_pulls.mp4,1190,146.89,78.92,94.84,38.18
dumbbell_high_pulls.mp4,1200,145.66,86.23,88.76,32.01
dumbbell_high_pulls.mp4,1210,119.28,85.85,71.82,38.97
dumbbell_high_pulls.mp4,1220,129.63,105.27,80.18,70.59
dumbbell_high_pulls.mp4,1230,149.15,165.05,124.3,109.63
dumbbell_high_pulls.mp4,1240,140.2,120.55,114.9,114.02
dumbbell_high_pulls.mp4,1250,152.67,177.19,120.07,101.03
dumbbell_high_pulls.mp4,1260,148.69,170.33,111.36,107.01
dumbbell_high_pulls.mp4,1270,150.41,158.07,113.22,102.8
dumbbell_high_pulls.mp4,1280,154.12,170.12,117.19,107.76
dumbbell_high_pulls.mp4,1290,141.19,175.36,117.47,103.32
dumbbell_high_pulls.mp4,1300,144.03,160.68,117.91,97.89
dumbbell_high_pulls.mp4,1310,129.56,146.63,98.8,99.65
dumbbell_high_pulls.mp4,1320,81.44,94.72,63.72,78.33
dumbbell_high_pulls.mp4,1330,102.41,75.83,66.94,24.37
dumbbell_high_pulls.mp4,1340,128.58,79.75,77.54,24.46
dumbbell_high_pulls.mp4,1350,143.02,83.74,93.97,35.4
dumbbell_high_pulls.mp4,1360,155.46,90.17,105.84,38.01
dumbbell_high_pulls.mp4,1370,157.98,93.92,107.01,46.3
dumbbell_high_pulls.mp4,1380,138.13,81.21,85.76,29.83
dumbbell_high_pulls.mp4,1390,133.23,87.57,79.79,28.92
dumbbell_high_pulls.mp4,1400,130.7,78.3,74.06,25.54
dumbbell_high_pulls.mp4,1410,121.87,75.5,46.71,13.16
dumbbell_high_pulls.mp4,1420,122.0,76.13,35.12,16.38
dumbbell_high_pulls.mp4,1430,120.19,79.42,32.47,12.44
dumbbell_high_pulls.mp4,1440,112.02,80.38,27.27,9.01
dumbbell_high_pulls.mp4,1450,109.99,80.41,24.8,9.2
dumbbell_high_pulls.mp4,1460,112.05,78.6,27.03,11.86
dumbbell_high_pulls.mp4,1470,112.6,78.77,26.67,12.02
dumbbell_high_pulls.mp4,1480,108.81,79.5,23.19,11.93
dumbbell_high_pulls.mp4,1490,115.39,79.73,28.48,11.53
dumbbell_high_pulls.mp4,1500,116.12,80.12,27.26,12.16
dumbbell_high_pulls.mp4,1510,119.34,79.74,32.01,12.23
dumbbell_high_pulls.mp4,1520,119.55,80.58,31.15,11.52
dumbbell_overhead_shoulder_press.mp4,10,162.05,136.75,18.9,17.67
dumbbell_overhead_shoulder_press.mp4,20,160.39,138.97,18.92,16.77
dumbbell_overhead_shoulder_press.mp4,30,158.9,140.6,20.04,17.26
dumbbell_overhead_shoulder_press.mp4,40,158.2,138.91,19.68,18.68
dumbbell_overhead_shoulder_press.mp4,50,160.96,136.94,18.97,16.93
dumbbell_overhead_shoulder_press.mp4,60,163.1,137.99,18.88,16.83
dumbbell_overhead_shoulder_press.mp4,70,162.96,139.35,18.18,16.45
dumbbell_overhead_shoulder_press.mp4,80,164.31,137.65,17.4,15.85
dumbbell_overhead_shoulder_press.mp4,90,155.01,131.75,17.29,13.08
dumbbell_overhead_shoulder_press.mp4,100,131.6,118.84,62.84,15.8
dumbbell_overhead_shoulder_press.mp4,110,125.96,122.49,50.3,28.88
dumbbell_overhead_shoulder_press.mp4,120,136.44,132.08,61.34,52.87
dumbbell_overhead_shoulder_press.mp4,130,143.75,122.74,68.74,54.8
dumbbell_overhead_shoulder_press.mp4,140,162.99,144.54,96.6,76.63
dumbbell_overhead_shoulder_press.mp4,150,153.04,126.79,111.41,110.52
dumbbell_overhead_shoulder_press.mp4,160,168.6,125.33,114.65,117.12
dumbbell_overhead_shoulder_press.mp4,170,166.88,120.24,110.71,117.5
dumbbell_overhead_shoulder_press.mp4,180,159.81,115.76,134.5,137.36
dumbbell_overhead_shoulder_press.mp4,190,158.95,133.3,133.77,155.75
dumbbell_overhead_shoulder_press.mp4,200,156.31,147.32,119.42,165.23
dumbbell_overhead_shoulder_press.mp4,210,171.06,152.14,128.62,159.57
dumbbell_overhead_shoulder_press.mp4,220,172.02,152.25,132.72,159.01
dumbbell_overhead_shoulder_press.mp4,230,149.9,129.89,127.36,142.96
dumbbell_overhead_shoulder_press.mp4,240,158.11,124.07,103.77,115.1
dumbbell_overhead_shoulder_press.mp4,250,158.12,136.57,95.68,96.54
dumbbell_overhead_shoulder_press.mp4,260,156.53,131.77,90.31,89.69
dumbbell_overhead_shoulder_press.mp4,270,152.87,127.24,92.28,95.0
dumbbell_overhead_shoulder_press.mp4,280,154.05,120.16,98.07,106.95
dumbbell_overhead_shoulder_press.mp4,290,149.5,125.12,123.46,136.47
dumbbell_overhead_shoulder_press.mp4,300,158.5,145.33,129.06,152.04
dumbbell_overhead_shoulder_press.mp4,310,172.14,161.27,121.96,158.54
dumbbell_overhead_shoulder_press.mp4,320,161.71,164.68,118.43,162.7
dumbbell_overhead_shoulder_press.mp4,330,168.28,159.83,125.49,161.3
dumbbell_overhead_shoulder_press.mp4,340,155.38,143.81,129.42,148.63
dumbbell_overhead_shoulder_press.mp4,350,136.11,125.39,123.51,132.15
dumbbell_overhead_shoulder_press.mp4,360,151.27,111.44,96.3,109.99
dumbbell_overhead_shoulder_press.mp4,370,159.69,132.62,90.22,86.98
dumbbell_overhead_shoulder_press.mp4,380,157.72,135.4,87.63,83.88
dumbbell_overhead_shoulder_press.mp4,390,158.7,137.87,89.93,84.09
dumbbell_overhead_shoulder_press.mp4,400,157.73,130.71,89.91,87.89
dumbbell_overhead_shoulder_press.mp4,410,141.12,119.06,116.57,129.82
dumbbell_overhead_shoulder_press.mp4,420,158.35,139.63,129.66,145.27
dumbbell_overhead_shoulder_press.mp4,430,169.88,161.95,130.99,163.41
dumbbell_overhead_shoulder_press.mp4,440,177.12,159.04,123.88,168.25
dumbbell_overhead_shoulder_press.mp4,450,166.86,165.47,129.47,160.72
dumbbell_overhead_shoulder_press.mp4,460,150.43,149.31,141.25,153.63
dumbbell_overhead_shoulder_press.mp4,470,132.55,124.19,128.85,133.97
dumbbell_overhead_shoulder_press.mp4,480,149.28,107.25,95.76,105.2
dumbbell_overhead_shoulder_press.mp4,490,158.54,132.14,89.12,80.81
dumbbell_overhead_shoulder_press.mp4,500,161.14,136.63,89.53,81.21
dumbbell_overhead_shoulder_press.mp4,510,159.77,139.01,85.51,84.93
dumbbell_overhead_shoulder_press.mp4,520,155.68,112.19,95.84,105.54
dumbbell_overhead_shoulder_press.mp4,530,163.36,130.44,111.87,138.11
dumbbell_overhead_shoulder_press.mp4,540,155.98,149.52,134.42,154.08
dumbbell_overhead_shoulder_press.mp4,550,174.2,153.96,127.11,166.41
dumbbell_overhead_shoulder_press.mp4,560,172.19,161.53,121.17,159.1
dumbbell_overhead_shoulder_press.mp4,570,166.24,161.05,117.91,165.67
dumbbell_overhead_shoulder_press.mp4,580,174.12,158.71,134.43,156.34
dumbbell_overhead_shoulder_press.mp4,590,148.11,129.95,125.73,137.98
dumbbell_overhead_shoulder_press.mp4,600,149.83,114.89,96.03,110.62
dumbbell_overhead_shoulder_press.mp4,610,153.97,130.49,88.02,83.87
dumbbell_overhead_shoulder_press.mp4,620,150.89,134.0,84.67,79.4
dumbbell_overhead_shoulder_press.mp4,630,150.97,131.31,84.94,81.12
dumbbell_overhead_shoulder_press.mp4,640,155.21,130.1,88.92,90.23
dumbbell_overhead_shoulder_press.mp4,650,150.95,113.48,107.34,125.62
dumbbell_overhead_shoulder_press.mp4,660,150.59,134.22,122.41,142.79
dumbbell_overhead_shoulder_press.mp4,670,166.46,150.31,119.62,152.49
dumbbell_overhead_shoulder_press.mp4,680,174.96,166.16,125.09,164.03
dumbbell_overhead_shoulder_press.mp4,690,176.56,164.85,127.51,165.06
dumbbell_overhead_shoulder_press.mp4,700,173.29,155.31,121.06,164.14
dumbbell_overhead_shoulder_press.mp4,710,161.35,157.51,132.83,158.86
dumbbell_overhead_shoulder_press.mp4,720,151.93,129.41,130.98,138.59
dumbbell_overhead_shoulder_press.mp4,730,149.73,114.14,103.15,115.33
dumbbell_overhead_shoulder_press.mp4,740,157.21,121.35,92.3,89.53
dumbbell_overhead_shoulder_press.mp4,750,160.0,130.52,93.74,87.8
dumbbell_overhead_shoulder_press.mp4,760,156.39,125.31,99.21,99.68
dumbbell_overhead_shoulder_press.mp4,770,146.27,115.32,125.01,136.2
dumbbell_overhead_shoulder_press.mp4,780,157.69,135.28,128.63,146.72
dumbbell_overhead_shoulder_press.mp4,790,163.71,155.52,125.44,157.17
dumbbell_overhead_shoulder_press.mp4,800,166.51,145.77,126.93,155.86
dumbbell_overhead_shoulder_press.mp4,810,174.05,157.5,130.49,160.84
dumbbell_overhead_shoulder_press.mp4,820,153.65,135.88,128.97,144.0
dumbbell_overhead_shoulder_press.mp4,830,154.68,114.99,116.95,128.05
dumbbell_overhead_shoulder_press.mp4,840,162.52,130.99,97.4,100.23
dumbbell_overhead_shoulder_press.mp4,850,162.48,130.14,92.31,94.88
dumbbell_overhead_shoulder_press.mp4,860,155.41,130.58,94.83,85.42
dumbbell_overhead_shoulder_press.mp4,870,135.16,126.11,68.8,61.1
dumbbell_overhead_shoulder_press.mp4,880,143.24,141.67,55.81,51.95
dumbbell_overhead_shoulder_press.mp4,890,135.96,135.03,63.69,43.83
dumbbell_overhead_shoulder_press.mp4,900,127.28,135.17,52.58,36.38
dumbbell_overhead_shoulder_press.mp4,910,139.0,135.5,31.81,15.3
dumbbell_overhead_shoulder_press.mp4,920,152.22,138.02,23.87,17.4
dumbbell_overhead_shoulder_press.mp4,930,158.53,135.04,23.47,18.81
dumbbell_overhead_shoulder_press.mp4,940,155.65,135.99,23.01,19.65
dumbbell_overhead_shoulder_press.mp4,950,157.14,138.27,22.83,20.86
dumbbell_overhead_shoulder_press.mp4,960,156.5,137.5,23.67,20.03
dumbbell_overhead_shoulder_press.mp4,970,150.88,134.83,22.77,18.51
dumbbell_overhead_shoulder_press.mp4,980,151.08,135.79,23.23,18.6
dumbbell_overhead_shoulder_press.mp4,990,154.39,136.58,24.25,18.13
dumbbell_reverse_lunge.mp4,10,84.09,122.55,17.95,30.1
dumbbell_reverse_lunge.mp4,20,83.58,120.62,15.24,29.62
dumbbell_reverse_lunge.mp4,30,82.82,123.11,18.5,31.01
dumbbell_reverse_lunge.mp4,40,82.63,123.7,17.12,31.51
dumbbell_reverse_lunge.mp4,50,82.31,119.2,20.12,27.43
dumbbell_reverse_lunge.mp4,60,82.32,117.51,14.9,28.14
dumbbell_reverse_lunge.mp4,70,82.2,112.07,10.28,26.23
dumbbell_reverse_lunge.mp4,80,79.67,113.39,15.02,28.0
dumbbell_reverse_lunge.mp4,90,78.34,124.29,12.2,49.83
dumbbell_reverse_lunge.mp4,100,76.99,130.02,13.86,51.23
dumbbell_reverse_lunge.mp4,110,83.39,142.95,27.21,69.86
dumbbell_reverse_lunge.mp4,120,102.12,149.81,46.36,74.14
dumbbell_reverse_lunge.mp4,130,114.2,145.81,55.39,84.38
dumbbell_reverse_lunge.mp4,140,109.27,146.75,48.94,82.27
dumbbell_reverse_lunge.mp4,150,120.59,153.39,64.66,82.83
dumbbell_reverse_lunge.mp4,160,118.3,151.66,55.0,66.24
dumbbell_reverse_lunge.mp4,170,118.54,144.97,56.18,78.11
dumbbell_reverse_lunge.mp4,180,111.65,150.67,48.11,81.3
dumbbell_reverse_lunge.mp4,190,116.46,149.83,56.08,75.81
dumbbell_reverse_lunge.mp4,200,92.64,145.53,37.4,75.43
dumbbell_reverse_lunge.mp4,210,85.76,145.0,27.84,74.41
dumbbell_reverse_lunge.mp4,220,81.39,142.43,11.52,47.27
dumbbell_reverse_lunge.mp4,230,80.15,132.32,17.45,31.59
dumbbell_reverse_lunge.mp4,240,80.67,124.49,15.17,29.35
dumbbell_reverse_lunge.mp4,250,82.76,121.19,14.61,29.31
dumbbell_reverse_lunge.mp4,260,81.82,121.26,11.93,33.9
dumbbell_reverse_lunge.mp4,270,80.37,117.74,14.63,30.15
dumbbell_reverse_lunge.mp4,280,81.37,118.32,13.14,28.72
dumbbell_reverse_lunge.mp4,290,80.46,145.66,10.83,51.31
dumbbell_reverse_lunge.mp4,300,79.19,133.28,18.75,59.89
dumbbell_reverse_lunge.mp4,310,96.24,138.97,40.58,67.58
dumbbell_reverse_lunge.mp4,320,107.49,141.73,46.54,68.35
dumbbell_reverse_lunge.mp4,330,114.64,147.8,54.36,85.85
dumbbell_reverse_lunge.mp4,340,109.5,148.26,42.26,78.3
dumbbell_reverse_lunge.mp4,350,112.52,148.6,43.16,75.61
dumbbell_reverse_lunge.mp4,360,107.86,150.09,44.71,79.4
dumbbell_reverse_lunge.mp4,370,99.87,143.64,39.19,76.49
dumbbell_reverse_lunge.mp4,380,86.0,137.82,27.5,68.4
dumbbell_reverse_lunge.mp4,390,75.26,147.85,14.26,66.64
dumbbell_reverse_lunge.mp4,400,80.8,151.37,12.66,54.59
dumbbell_reverse_lunge.mp4,410,79.52,120.8,13.91,31.38
dumbbell_reverse_lunge.mp4,420,82.43,125.99,14.31,33.93
dumbbell_reverse_lunge.mp4,430,83.78,115.96,10.84,27.14
dumbbell_reverse_lunge.mp4,440,84.11,114.82,10.64,26.88
dumbbell_reverse_lunge.mp4,450,83.74,115.72,10.02,29.84
dumbbell_reverse_lunge.mp4,460,84.11,115.72,11.19,29.63
dumbbell_reverse_lunge.mp4,470,78.84,134.97,16.19,38.82
dumbbell_reverse_lunge.mp4,480,79.88,135.82,19.72,64.82
dumbbell_reverse_lunge.mp4,490,98.8,139.16,46.05,66.87
dumbbell_reverse_lunge.mp4,500,113.22,154.08,47.44,83.5
dumbbell_reverse_lunge.mp4,510,110.71,149.04,52.33,89.27
dumbbell_reverse_lunge.mp4,520,122.75,158.63,58.96,75.66
dumbbell_reverse_lunge.mp4,530,116.93,159.61,40.42,58.48
dumbbell_reverse_lunge.mp4,540,122.16,156.08,52.45,65.6
dumbbell_reverse_lunge.mp4,550,111.33,148.75,46.79,80.74
dumbbell_reverse_lunge.mp4,560,104.71,140.23,42.25,70.9
dumbbell_reverse_lunge.mp4,570,79.09,138.24,21.68,68.32
dumbbell_reverse_lunge.mp4,580,82.83,140.2,16.61,61.77
dumbbell_reverse_lunge.mp4,590,87.52,146.68,12.4,48.11
dumbbell_reverse_lunge.mp4,600,81.84,129.49,14.5,34.87
dumbbell_reverse_lunge.mp4,610,84.84,126.06,13.66,32.08
dumbbell_reverse_lunge.mp4,620,84.47,118.81,11.28,28.83
dumbbell_reverse_lunge.mp4,630,83.79,115.68,11.24,26.56
dumbbell_reverse_lunge.mp4,640,85.18,113.82,8.85,26.0
dumbbell_reverse_lunge.mp4,650,81.19,110.11,10.41,25.63
dumbbell_reverse_lunge.mp4,660,81.41,133.9,12.14,43.73
dumbbell_reverse_lunge.mp4,670,77.84,136.28,13.23,57.2
dumbbell_reverse_lunge.mp4,680,91.96,132.88,34.99,64.48
dumbbell_reverse_lunge.mp4,690,102.2,142.11,40.5,69.7
dumbbell_reverse_lunge.mp4,700,114.51,142.03,55.62,84.56
dumbbell_reverse_lunge.mp4,710,120.59,142.33,53.92,76.65
dumbbell_reverse_lunge.mp4,720,114.37,152.74,42.24,54.51
dumbbell_reverse_lunge.mp4,730,121.19,153.42,55.91,73.17
dumbbell_reverse_lunge.mp4,740,116.1,144.07,51.02,79.74
dumbbell_reverse_lunge.mp4,750,109.21,146.17,46.03,77.62
dumbbell_reverse_lunge.mp4,760,96.92,135.75,35.53,59.41
dumbbell_reverse_lunge.mp4,770,80.64,140.13,17.2,60.96
dumbbell_reverse_lunge.mp4,780,82.12,144.03,12.31,42.55
dumbbell_reverse_lunge.mp4,790,81.08,117.99,12.26,26.97
dumbbell_reverse_lunge.mp4,800,82.03,116.33,11.1,23.28
dumbbell_reverse_lunge.mp4,810,81.65,119.07,12.59,28.06
dumbbell_reverse_lunge.mp4,820,85.33,115.45,10.16,25.49
dumbbell_reverse_lunge.mp4,830,83.63,112.1,11.13,24.36
dumbbell_reverse_lunge.mp4,840,83.92,115.73,9.29,30.79
dumbbell_reverse_lunge.mp4,850,82.53,130.82,9.9,37.45
dumbbell_reverse_lunge.mp4,860,80.49,137.57,13.32,53.92
dumbbell_reverse_lunge.mp4,870,92.68,136.13,35.49,67.24
dumbbell_reverse_lunge.mp4,880,105.41,144.61,41.48,71.15
dumbbell_reverse_lunge.mp4,890,111.17,143.55,50.5,82.23
dumbbell_reverse_lunge.mp4,900,119.18,142.96,57.55,84.1
dumbbell_reverse_lunge.mp4,910,116.54,160.36,39.74,70.58
dumbbell_reverse_lunge.mp4,920,120.33,149.05,49.4,55.76
dumbbell_reverse_lunge.mp4,930,119.08,154.08,60.31,97.09
dumbbell_reverse_lunge.mp4,940,108.69,143.05,50.76,68.46
dumbbell_reverse_lunge.mp4,950,90.4,144.42,29.96,68.57
dumbbell_reverse_lunge.mp4,960,79.8,149.46,15.27,65.63
dumbbell_reverse_lunge.mp4,970,80.71,140.04,17.4,43.75
dumbbell_reverse_lunge.mp4,980,79.5,128.54,17.2,32.84
dumbbell_reverse_lunge.mp4,990,84.8,128.46,13.41,33.25
dumbbell_reverse_lunge.mp4,1000,83.02,122.38,13.96,29.35
dumbbell_reverse_lunge.mp4,1010,83.62,123.12,11.53,32.46
dumbbell_reverse_lunge.mp4,1020,82.32,119.14,15.82,30.45
dumbbell_reverse_lunge.mp4,1030,82.08,124.08,16.55,34.07
dumbbell_reverse_lunge.mp4,1040,81.7,122.91,15.44,36.41
dumbbell_scaptions.mp4,10,139.93,176.48,26.1,12.28
dumbbell_scaptions.mp4,20,141.03,178.09,30.23,14.01
dumbbell_scaptions.mp4,30,139.02,179.46,29.11,13.73
dumbbell_scaptions.mp4,40,140.59,176.53,26.29,13.84
dumbbell_scaptions.mp4,50,140.24,176.5,23.89,12.34
dumbbell_scaptions.mp4,60,138.16,175.97,27.36,11.0
dumbbell_scaptions.mp4,70,139.53,170.56,30.97,40.71
dumbbell_scaptions.mp4,80,146.33,162.75,68.4,67.45
dumbbell_scaptions.mp4,90,148.69,159.63,99.37,85.13
dumbbell_scaptions.mp4,100,127.91,160.66,107.9,102.31
dumbbell_scaptions.mp4,110,130.38,172.91,130.06,107.31
dumbbell_scaptions.mp4,120,141.77,169.98,139.68,108.43
dumbbell_scaptions.mp4,130,146.55,159.45,144.8,105.71
dumbbell_scaptions.mp4,140,147.14,162.85,143.11,106.99
dumbbell_scaptions.mp4,150,141.01,167.55,132.71,106.21
dumbbell_scaptions.mp4,160,166.36,167.24,109.77,101.64
dumbbell_scaptions.mp4,170,167.16,145.77,93.36,72.21
dumbbell_scaptions.mp4,180,133.39,170.02,48.6,58.8
dumbbell_scaptions.mp4,190,139.76,169.13,29.3,39.86
dumbbell_scaptions.mp4,200,136.82,176.0,24.89,18.11
dumbbell_scaptions.mp4,210,136.46,178.28,21.64,14.74
dumbbell_scaptions.mp4,220,138.76,176.54,20.36,8.82
dumbbell_scaptions.mp4,230,140.39,173.33,20.3,8.15
dumbbell_scaptions.mp4,240,139.7,173.39,22.21,9.27
dumbbell_scaptions.mp4,250,137.24,175.24,22.79,10.16
dumbbell_scaptions.mp4,260,137.88,171.97,31.66,30.63
dumbbell_scaptions.mp4,270,126.58,168.69,71.06,58.85
dumbbell_scaptions.mp4,280,123.02,159.8,101.62,92.54
dumbbell_scaptions.mp4,290,114.18,169.53,123.14,110.75
dumbbell_scaptions.mp4,300,132.25,168.27,138.63,108.26
dumbbell_scaptions.mp4,310,143.83,154.1,150.17,108.55
dumbbell_scaptions.mp4,320,145.03,144.46,152.64,108.14
dumbbell_scaptions.mp4,330,151.55,156.45,157.2,105.93
dumbbell_scaptions.mp4,340,134.1,165.89,158.49,106.01
dumbbell_scaptions.mp4,350,131.16,169.79,141.85,103.71
dumbbell_scaptions.mp4,360,126.67,163.05,112.94,105.2
dumbbell_scaptions.mp4,370,154.44,156.89,98.17,83.15
dumbbell_scaptions.mp4,380,140.62,164.69,41.73,59.41
dumbbell_scaptions.mp4,390,138.38,174.09,28.58,15.82
dumbbell_scaptions.mp4,400,138.63,173.6,23.69,14.71
dumbbell_scaptions.mp4,410,135.09,171.98,21.61,9.14
dumbbell_scaptions.mp4,420,136.41,176.18,16.63,11.24
dumbbell_scaptions.mp4,430,137.91,176.13,18.03,10.0
dumbbell_scaptions.mp4,440,140.49,172.77,23.73,11.11
dumbbell_scaptions.mp4,450,141.39,173.49,32.89,37.16
dumbbell_scaptions.mp4,460,135.3,163.44,85.99,74.1
dumbbell_scaptions.mp4,470,152.16,164.44,84.36,103.87
dumbbell_scaptions.mp4,480,128.52,170.0,137.07,109.16
dumbbell_scaptions.mp4,490,135.85,162.73,145.71,103.42
dumbbell_scaptions.mp4,500,160.66,150.04,151.31,104.16
dumbbell_scaptions.mp4,510,166.03,156.72,147.79,101.39
dumbbell_scaptions.mp4,520,159.88,154.34,151.91,103.08
dumbbell_scaptions.mp4,530,142.75,151.59,140.73,107.16
dumbbell_scaptions.mp4,540,129.79,166.65,131.47,108.74
dumbbell_scaptions.mp4,550,104.4,165.34,100.85,100.92
dumbbell_scaptions.mp4,560,126.35,160.34,60.98,72.77
dumbbell_scaptions.mp4,570,138.93,165.82,31.61,45.19
dumbbell_scaptions.mp4,580,135.27,173.8,25.07,14.49
dumbbell_scaptions.mp4,590,134.28,175.71,24.87,13.45
dumbbell_scaptions.mp4,600,138.95,176.76,15.63,13.19
dumbbell_scaptions.mp4,610,137.11,177.0,18.85,10.14
dumbbell_scaptions.mp4,620,135.21,176.28,21.62,10.0
dumbbell_scaptions.mp4,630,139.11,174.69,29.21,28.15
dumbbell_scaptions.mp4,640,146.24,157.58,40.29,81.8
dumbbell_scaptions.mp4,650,124.61,163.94,74.92,97.15
dumbbell_scaptions.mp4,660,135.61,165.31,106.93,110.36
dumbbell_scaptions.mp4,670,128.05,170.87,142.23,108.68
dumbbell_scaptions.mp4,680,143.75,155.6,152.74,105.24
dumbbell_scaptions.mp4,690,160.45,143.65,164.09,102.34
dumbbell_scaptions.mp4,700,152.85,148.77,151.61,100.23
dumbbell_scaptions.mp4,710,153.73,131.39,159.65,106.64
dumbbell_scaptions.mp4,720,140.2,157.06,149.23,104.36
dumbbell_scaptions.mp4,730,137.53,167.6,126.22,108.61
dumbbell_scaptions.mp4,740,108.87,166.72,101.97,98.86
dumbbell_scaptions.mp4,750,130.46,164.99,56.39,73.25
dumbbell_scaptions.mp4,760,139.71,167.92,31.39,45.51
dumbbell_scaptions.mp4,770,137.92,173.89,23.95,15.17
dumbbell_scaptions.mp4,780,136.09,175.57,18.09,11.52
dumbbell_scaptions.mp4,790,137.75,177.17,16.76,9.74
dumbbell_scaptions.mp4,800,137.63,175.04,15.59,9.27
dumbbell_scaptions.mp4,810,136.04,170.02,24.92,12.94
dumbbell_scaptions.mp4,820,148.92,155.38,30.79,70.98
dumbbell_scaptions.mp4,830,157.1,161.34,87.35,87.46
dumbbell_scaptions.mp4,840,148.35,164.3,85.58,104.92
dumbbell_scaptions.mp4,850,116.73,169.52,132.11,111.64
dumbbell_scaptions.mp4,860,143.59,155.55,156.8,104.2
dumbbell_scaptions.mp4,870,147.13,156.25,162.62,106.26
dumbbell_scaptions.mp4,880,154.71,151.28,160.44,103.1
dumbbell_scaptions.mp4,890,151.48,146.08,138.19,100.44
dumbbell_scaptions.mp4,900,168.03,142.56,157.57,108.28
dumbbell_scaptions.mp4,910,131.51,162.28,145.86,109.38
dumbbell_scaptions.mp4,920,102.88,168.68,108.85,109.49
dumbbell_scaptions.mp4,930,145.9,163.29,92.7,83.11
dumbbell_scaptions.mp4,940,142.38,159.55,37.05,58.56
dumbbell_scaptions.mp4,950,136.91,171.58,28.0,14.54
dumbbell_scaptions.mp4,960,134.49,174.07,23.26,14.0
dumbbell_scaptions.mp4,970,138.25,178.65,18.44,12.11
dumbbell_scaptions.mp4,980,136.07,178.7,21.6,9.73
dumbbell_scaptions.mp4,990,133.93,178.64,25.02,10.59
dumbbell_scaptions.mp4,1000,135.24,176.38,19.1,11.94
dumbbell_scaptions.mp4,1010,135.5,175.29,15.32,12.55
dumbbell_scaptions.mp4,1020,134.5,175.67,15.54,11.31
dumbbell_scaptions.mp4,1030,135.3,177.96,19.72,11.38
dumbbell_scaptions.mp4,1040,135.42,176.13,19.66,11.54
man_maker.mp4,10,112.66,79.97,28.43,10.9
man_maker.mp4,20,112.35,81.12,26.74,11.26
man_maker.mp4,30,109.79,80.68,26.0,11.86
man_maker.mp4,40,108.6,80.73,26.91,11.0
man_maker.mp4,50,106.56,80.73,24.6,10.74
man_maker.mp4,60,108.27,79.12,26.2,10.29
man_maker.mp4,70,111.38,77.11,36.06,10.65
man_maker.mp4,80,122.07,77.58,60.57,16.55
man_maker.mp4,90,146.81,113.7,83.78,28.68
man_maker.mp4,100,137.99,132.63,84.85,84.2
man_maker.mp4,110,152.46,151.19,108.21,99.52
man_maker.mp4,130,123.92,121.98,80.48,93.93
man_maker.mp4,140,122.62,106.48,87.89,85.32
man_maker.mp4,150,134.53,106.67,106.23,85.02
man_maker.mp4,160,125.84,111.24,88.28,86.6
man_maker.mp4,170,152.55,95.02,118.96,71.34
man_maker.mp4,180,170.97,99.07,132.98,74.69
man_maker.mp4,190,173.93,105.23,133.1,76.14
man_maker.mp4,200,164.61,112.55,126.48,83.13
man_maker.mp4,210,156.28,96.66,114.91,65.43
man_maker.mp4,220,133.54,95.54,96.01,54.81
man_maker.mp4,230,129.59,105.37,90.83,50.57
man_maker.mp4,240,143.0,96.41,99.72,54.46
man_maker.mp4,250,134.9,97.54,88.81,48.95
man_maker.mp4,260,142.64,104.88,97.54,61.72
man_maker.mp4,270,139.05,101.5,92.73,54.25
man_maker.mp4,280,142.67,105.17,89.77,52.62
man_maker.mp4,290,123.07,93.1,86.37,40.68
man_maker.mp4,300,154.67,177.93,91.95,24.12
man_maker.mp4,310,101.23,152.78,37.9,26.98
man_maker.mp4,330,136.49,89.95,74.61,36.69
man_maker.mp4,340,102.97,162.72,33.93,14.66
man_maker.mp4,370,143.69,179.19,43.64,23.02
man_maker.mp4,380,128.44,98.0,87.03,49.13
man_maker.mp4,390,141.36,95.6,97.72,49.9
man_maker.mp4,400,132.57,103.48,91.0,58.01
man_maker.mp4,410,134.14,106.01,100.41,73.28
man_maker.mp4,420,156.36,107.52,124.4,85.18
man_maker.mp4,430,146.98,103.57,103.77,28.54
man_maker.mp4,440,146.44,159.21,102.65,16.47
man_maker.mp4,450,156.53,156.74,99.82,16.33
man_maker.mp4,470,142.38,163.96,95.66,15.52
man_maker.mp4,480,150.8,89.68,117.14,65.74
man_maker.mp4,490,136.51,98.11,96.39,61.83
man_maker.mp4,500,140.2,106.46,96.12,63.79
man_maker.mp4,510,128.18,103.69,88.45,57.8
man_maker.mp4,520,135.63,114.3,79.64,55.04
man_maker.mp4,530,139.92,100.03,89.59,51.55
man_maker.mp4,540,140.31,103.3,102.19,66.48
man_maker.mp4,550,131.99,105.61,99.82,69.84
man_maker.mp4,560,102.58,94.29,66.82,56.1
man_maker.mp4,570,120.33,166.28,24.5,12.1
man_maker.mp4,580,161.56,174.12,17.36,19.26
man_maker.mp4,590,155.62,176.92,10.01,18.24
man_maker.mp4,600,95.82,96.58,72.45,55.65
man_maker.mp4,610,121.18,106.19,94.09,74.85
man_maker.mp4,620,141.74,98.46,106.2,67.12
man_maker.mp4,630,130.2,99.43,93.3,59.4
man_maker.mp4,640,135.86,96.07,94.75,56.62
man_maker.mp4,650,137.2,99.04,93.5,57.87
man_maker.mp4,660,130.65,104.45,93.65,64.11
man_maker.mp4,670,122.61,109.7,84.0,64.93
man_maker.mp4,680,163.2,100.75,131.36,77.7
man_maker.mp4,690,161.28,96.52,124.75,64.22
man_maker.mp4,700,114.31,116.43,83.37,85.15
man_maker.mp4,720,147.99,135.72,108.97,91.97
man_maker.mp4,730,125.99,115.31,107.56,77.87
man_maker.mp4,740,140.8,156.38,127.44,135.07
man_maker.mp4,750,132.67,138.19,120.87,130.37
man_maker.mp4,760,135.52,132.37,120.07,120.42
man_maker.mp4,770,152.02,130.56,118.31,113.2
man_maker.mp4,780,160.05,116.99,113.72,113.35
man_maker.mp4,790,136.13,114.78,140.82,140.09
man_maker.mp4,800,137.48,136.99,164.81,149.95
man_maker.mp4,810,133.47,113.66,176.05,106.95
man_maker.mp4,820,147.41,109.47,176.07,105.15
man_maker.mp4,830,153.74,130.11,174.73,127.21
man_maker.mp4,840,142.21,129.51,147.6,145.46
man_maker.mp4,850,153.31,127.91,99.79,102.32
man_maker.mp4,860,139.79,138.77,88.58,92.04
man_maker.mp4,870,136.56,132.86,95.63,84.8
man_maker.mp4,880,137.78,142.43,84.08,80.29
man_maker.mp4,890,133.07,72.18,77.05,16.05
man_maker.mp4,900,110.08,74.91,56.33,23.53
man_maker.mp4,910,132.62,82.96,85.01,36.99
man_maker.mp4,920,121.58,146.14,88.23,118.11
man_maker.mp4,930,154.29,113.28,117.14,82.91
man_maker.mp4,940,126.62,112.25,89.8,83.09
man_maker.mp4,950,124.49,117.71,92.21,91.56
man_maker.mp4,960,139.3,116.32,103.8,93.89
man_maker.mp4,970,158.01,117.57,117.52,93.25
man_maker.mp4,980,153.82,107.45,112.87,84.12
man_maker.mp4,990,137.82,107.15,106.76,78.24
man_maker.mp4,1000,142.39,90.29,113.19,68.93
man_maker.mp4,1010,158.55,102.22,131.37,75.88
man_maker.mp4,1020,158.99,101.36,114.37,69.11
man_maker.mp4,1030,138.87,90.24,100.39,53.01
man_maker.mp4,1040,142.41,97.66,99.4,54.69
man_maker.mp4,1050,144.7,107.04,92.54,53.81
man_maker.mp4,1060,142.05,105.85,85.6,34.82
man_maker.mp4,1070,121.81,176.49,51.08,19.18
man_maker.mp4,1080,132.8,167.22,76.34,21.16
man_maker.mp4,1090,134.2,166.3,33.63,79.46
man_maker.mp4,1100,154.26,156.83,20.74,68.99
man_maker.mp4,1110,120.33,149.36,33.5,22.2
man_maker.mp4,1120,127.97,150.01,24.08,25.47
man_maker.mp4,1130,112.9,142.24,27.45,24.08
man_maker.mp4,1140,115.37,160.37,46.72,22.4
man_maker.mp4,1150,126.94,128.92,13.19,31.94
man_maker.mp4,1160,154.1,166.4,52.51,10.52
man_maker.mp4,1170,145.23,105.14,85.66,55.81
man_maker.mp4,1180,136.87,107.58,88.99,49.79
man_maker.mp4,1190,145.69,102.3,86.71,47.14
man_maker.mp4,1200,150.9,107.3,97.84,55.72
man_maker.mp4,1210,135.07,101.76,85.01,47.5
man_maker.mp4,1220,125.81,151.81,72.1,18.74
man_maker.mp4,1230,140.48,159.12,74.11,23.94
man_maker.mp4,1240,149.46,143.55,88.72,21.7
man_maker.mp4,1250,157.58,156.5,88.17,24.3
man_maker.mp4,1260,124.53,124.43,75.08,31.23
man_maker.mp4,1270,135.92,121.24,80.74,59.81
man_maker.mp4,1280,136.0,120.41,93.92,70.9
man_maker.mp4,1290,134.72,109.39,82.51,57.53
man_maker.mp4,1300,136.64,113.31,81.33,59.54
man_maker.mp4,1310,129.27,99.3,89.82,57.51
man_maker.mp4,1320,136.46,104.23,91.44,45.39
man_maker.mp4,1330,141.68,111.64,82.15,53.29
man_maker.mp4,1350,118.06,122.31,88.58,85.37
man_maker.mp4,1360,104.99,92.7,53.07,24.03
man_maker.mp4,1370,152.37,172.98,8.41,14.83
man_maker.mp4,1380,144.0,170.0,18.54,23.27
man_maker.mp4,1390,152.45,123.62,9.76,43.25
man_maker.mp4,1400,115.02,102.99,73.18,51.67
man_maker.mp4,1410,124.52,73.19,69.72,36.61
man_maker.mp4,1420,123.95,108.87,87.43,67.84
man_maker.mp4,1430,139.83,99.19,100.39,62.98
man_maker.mp4,1440,144.2,102.81,89.26,47.69
man_maker.mp4,1450,147.51,116.83,88.96,59.76
man_maker.mp4,1470,126.45,109.98,88.72,70.5
man_maker.mp4,1480,163.19,90.13,117.81,61.6
man_maker.mp4,1490,155.22,102.35,122.8,80.75
man_maker.mp4,1500,145.79,113.02,105.54,86.01
man_maker.mp4,1510,135.81,142.74,93.76,107.3
man_maker.mp4,1520,158.24,170.86,117.23,110.35
man_maker.mp4,1530,154.96,113.13,110.27,72.63
man_maker.mp4,1540,138.34,116.49,101.33,70.76
man_maker.mp4,1550,122.7,109.02,106.61,82.08
man_maker.mp4,1560,146.97,142.22,131.84,129.91
man_maker.mp4,1570,132.94,136.73,114.09,116.65
man_maker.mp4,1580,133.6,137.09,105.97,108.33
man_maker.mp4,1590,139.75,119.78,97.7,81.98
man_maker.mp4,1600,156.82,118.36,108.99,101.94
man_maker.mp4,1610,140.1,119.49,149.05,137.41
man_maker.mp4,1620,148.59,130.33,169.12,130.26
man_maker.mp4,1630,143.2,120.09,173.37,122.5
man_maker.mp4,1640,148.52,131.7,178.16,122.48
man_maker.mp4,1650,140.64,126.81,177.69,114.13
man_maker.mp4,1660,131.25,118.86,172.16,119.47
man_maker.mp4,1670,136.55,123.98,129.55,139.37
man_maker.mp4,1680,156.87,146.14,106.88,100.52
man_maker.mp4,1690,141.37,136.34,89.18,86.12
man_maker.mp4,1700,137.43,130.08,84.91,73.05
man_maker.mp4,1710,136.66,126.75,76.1,62.58
man_maker.mp4,1720,143.31,94.3,72.27,17.88
man_maker.mp4,1730,99.53,62.67,41.94,18.14
man_maker.mp4,1740,148.71,124.78,46.69,18.42
man_maker.mp4,1750,148.89,136.58,104.18,90.51
man_maker.mp4,1760,147.09,114.03,107.4,77.56
man_maker.mp4,1780,119.15,121.47,83.12,91.55
man_maker.mp4,1790,134.06,110.54,104.54,87.8
man_maker.mp4,1800,154.56,124.68,118.26,92.9
man_maker.mp4,1810,149.9,101.14,115.61,77.5
man_maker.mp4,1820,146.7,109.19,107.14,80.37
man_maker.mp4,1830,148.15,103.49,109.87,71.59
man_maker.mp4,1840,160.04,100.73,121.22,72.68
man_maker.mp4,1850,159.15,97.73,121.12,69.12
man_maker.mp4,1860,161.13,94.96,115.21,63.1
man_maker.mp4,1870,140.9,94.54,100.27,57.89
man_maker.mp4,1890,147.07,112.27,87.31,55.35
man_maker.mp4,1900,146.97,110.65,90.25,47.19
man_maker.mp4,1920,117.6,100.93,76.73,24.96
man_maker.mp4,1930,112.57,141.14,63.27,20.11
man_maker.mp4,1940,152.99,151.03,68.9,41.1
man_maker.mp4,1950,150.92,124.89,54.97,50.89
man_maker.mp4,1960,129.09,150.07,22.33,27.32
man_maker.mp4,1970,152.94,156.02,28.08,79.99
man_maker.mp4,2010,134.4,87.78,97.76,54.64
man_maker.mp4,2020,136.5,101.68,100.34,63.82
man_maker.mp4,2030,144.09,111.56,92.57,61.93
man_maker.mp4,2040,138.4,102.32,82.8,48.35
man_maker.mp4,2050,129.09,149.63,80.84,12.5
man_maker.mp4,2060,171.21,147.25,107.37,21.26
man_maker.mp4,2070,149.08,129.05,95.59,22.7
man_maker.mp4,2080,144.15,145.29,97.34,16.7
man_maker.mp4,2090,136.51,158.28,82.61,17.1
man_maker.mp4,2100,140.91,163.66,82.42,8.79
man_maker.mp4,2110,134.51,115.04,77.13,55.0
man_maker.mp4,2120,128.67,111.16,89.11,62.2
man_maker.mp4,2130,123.07,101.45,77.32,51.41
man_maker.mp4,2140,129.64,102.15,86.92,57.2
man_maker.mp4,2150,141.51,109.36,89.45,57.59
man_maker.mp4,2160,137.19,99.52,99.43,64.18
man_maker.mp4,2170,128.98,103.14,93.91,67.47
man_maker.mp4,2180,85.78,86.56,56.04,25.13
man_maker.mp4,2190,157.38,167.06,6.13,25.97
man_maker.mp4,2200,169.89,119.85,6.07,45.25
man_maker.mp4,2210,158.67,137.43,7.66,44.49
man_maker.mp4,2220,101.53,111.07,43.14,90.79
man_maker.mp4,2230,111.38,81.73,43.23,31.29
man_maker.mp4,2240,114.72,96.35,69.86,60.09
man_maker.mp4,2250,130.41,106.31,90.46,73.73
man_maker.mp4,2260,147.37,101.36,108.02,71.37
man_maker.mp4,2270,146.14,93.35,107.75,65.65
man_maker.mp4,2280,149.37,98.45,108.4,65.7
man_maker.mp4,2290,143.0,94.62,102.88,59.68
man_maker.mp4,2300,139.05,96.12,96.46,58.39
man_maker.mp4,2330,160.57,96.15,142.25,75.58
man_maker.mp4,2340,165.76,123.62,124.85,94.3
man_maker.mp4,2360,117.75,134.8,83.83,100.44
man_maker.mp4,2380,147.46,138.51,107.19,89.75
man_maker.mp4,2390,130.0,105.16,100.48,64.39
man_maker.mp4,2400,126.16,69.4,27.93,25.3
man_maker.mp4,2410,140.99,146.61,131.01,134.9
man_maker.mp4,2420,122.8,133.75,96.98,94.94
man_maker.mp4,2430,133.81,125.33,94.2,81.71
man_maker.mp4,2440,156.95,135.57,116.74,102.31
man_maker.mp4,2450,163.86,131.02,112.01,106.71
man_maker.mp4,2460,136.38,128.07,154.42,150.29
man_maker.mp4,2470,140.23,113.29,170.87,117.19
man_maker.mp4,2480,139.44,119.54,176.7,113.33
man_maker.mp4,2490,145.82,128.14,177.36,123.31
man_maker.mp4,2500,153.24,134.43,174.29,127.48
man_maker.mp4,2510,143.69,126.44,152.96,141.95
man_maker.mp4,2520,157.13,143.41,104.19,90.74
man_maker.mp4,2530,132.56,131.79,77.71,74.63
man_maker.mp4,2540,136.2,135.52,71.55,64.56
man_maker.mp4,2550,144.59,121.32,63.52,32.01
man_maker.mp4,2560,125.96,55.24,14.39,15.85
man_maker.mp4,2570,125.1,88.81,79.11,24.55
man_maker.mp4,2580,132.57,142.24,65.86,114.39
man_maker.mp4,2590,132.98,141.86,61.37,97.77
man_maker.mp4,2600,132.87,119.74,93.41,87.17
man_maker.mp4,2610,133.95,131.44,101.53,97.5
man_maker.mp4,2620,134.92,122.39,99.34,91.15
man_maker.mp4,2630,150.97,94.58,111.11,67.89
man_maker.mp4,2640,164.7,99.65,125.31,74.08
man_maker.mp4,2650,172.55,110.4,130.63,82.06
man_maker.mp4,2660,168.17,109.96,126.36,81.18
man_maker.mp4,2670,168.55,119.77,128.26,89.97
man_maker.mp4,2680,150.42,104.19,103.93,66.53
man_maker.mp4,2690,146.49,98.61,104.21,63.62
man_maker.mp4,2700,142.82,98.94,97.55,58.36
man_maker.mp4,2710,149.19,110.56,89.41,55.36
man_maker.mp4,2750,149.19,108.61,90.16,53.96
man_maker.mp4,2770,131.89,96.85,79.44,43.02
man_maker.mp4,2780,127.28,120.62,84.1,25.3
man_maker.mp4,2790,173.11,142.68,39.07,57.41
man_maker.mp4,2800,120.34,155.06,33.75,23.76
man_maker.mp4,2810,116.53,138.27,28.32,31.17
man_maker.mp4,2820,122.24,143.2,26.15,24.01
man_maker.mp4,2830,144.92,152.01,40.26,31.88
man_maker.mp4,2840,143.19,144.55,49.1,44.26
man_maker.mp4,2850,131.76,163.82,64.93,18.37
man_maker.mp4,2860,135.72,174.28,68.63,21.97
man_maker.mp4,2870,147.66,103.92,88.12,51.51
man_maker.mp4,2880,144.65,110.72,81.43,48.6
man_maker.mp4,2890,146.5,111.03,83.83,52.91
man_maker.mp4,2900,145.01,115.74,85.14,60.63
man_maker.mp4,2910,148.89,102.36,98.45,57.45
man_maker.mp4,2920,157.07,116.48,86.36,42.26
man_maker.mp4,2930,138.61,163.38,84.29,14.86
man_maker.mp4,2940,156.63,134.33,114.71,26.51
man_maker.mp4,2950,152.98,130.19,108.32,22.78
man_maker.mp4,2960,150.63,133.05,96.51,24.68
man_maker.mp4,2970,150.73,135.61,94.18,25.82
man_maker.mp4,2980,136.84,141.84,81.42,25.95
man_maker.mp4,2990,143.48,140.74,84.97,11.79
man_maker.mp4,3000,147.31,107.08,85.45,58.32
man_maker.mp4,3010,136.6,102.9,96.94,65.63
man_maker.mp4,3020,139.86,100.1,94.04,58.53
man_maker.mp4,3030,142.29,121.8,83.5,66.45
man_maker.mp4,3040,138.9,120.08,84.44,63.03
man_maker.mp4,3050,132.95,110.39,94.94,74.67
man_maker.mp4,3060,128.84,112.39,95.6,86.5
man_maker.mp4,3070,119.93,114.39,71.66,83.05
man_maker.mp4,3080,129.95,82.49,31.35,29.6
man_maker.mp4,3090,164.37,178.12,5.26,20.91
man_maker.mp4,3100,170.35,172.47,18.21,21.82
man_maker.mp4,3110,142.04,137.3,24.05,18.53
man_maker.mp4,3120,103.76,91.09,53.48,43.42
man_maker.mp4,3130,129.36,87.32,54.83,62.2
man_maker.mp4,3140,130.87,122.9,89.45,85.77
man_maker.mp4,3150,136.43,107.53,102.01,76.98
man_maker.mp4,3160,133.05,98.8,91.34,60.94
man_maker.mp4,3170,143.37,99.06,101.58,61.65
man_maker.mp4,3180,132.42,100.41,100.52,70.96
man_maker.mp4,3190,128.21,121.22,95.32,83.98
man_maker.mp4,3200,166.72,88.28,137.31,67.41
man_maker.mp4,3210,166.7,114.02,130.77,87.59
man_maker.mp4,3220,137.62,118.18,99.89,87.58
man_maker.mp4,3230,115.29,113.07,85.12,90.3
man_maker.mp4,3240,169.75,156.03,10.42,20.39
man_maker.mp4,3260,153.69,111.63,109.05,70.93
man_maker.mp4,3270,142.72,102.49,88.46,50.98
man_maker.mp4,3280,115.97,81.08,76.14,44.37
man_maker.mp4,3290,142.69,149.15,128.21,129.29
man_maker.mp4,3300,131.69,130.48,95.17,83.77
man_maker.mp4,3310,129.71,119.81,84.43,80.18
man_maker.mp4,3320,146.13,125.1,98.28,91.37
man_maker.mp4,3330,157.07,139.94,116.97,109.26
man_maker.mp4,3340,128.9,128.01,126.3,134.48
man_maker.mp4,3350,131.35,126.9,163.82,141.92
man_maker.mp4,3360,136.06,113.39,171.88,117.58
man_maker.mp4,3370,137.1,110.0,171.15,120.98
man_maker.mp4,3380,153.36,118.22,168.35,122.1
man_maker.mp4,3390,150.49,122.5,137.72,138.69
man_maker.mp4,3400,152.87,137.47,93.08,98.82
man_maker.mp4,3410,142.69,130.17,90.5,89.4
man_maker.mp4,3420,135.49,132.29,80.95,84.04
man_maker.mp4,3430,135.3,133.28,85.16,81.58
man_maker.mp4,3440,140.91,133.67,84.57,70.3
man_maker.mp4,3450,143.21,116.79,90.78,59.01
man_maker.mp4,3460,108.8,70.65,64.6,27.02
man_maker.mp4,3470,126.62,101.05,62.48,26.99
man_maker.mp4,3480,133.31,128.84,88.23,95.19
man_maker.mp4,3490,128.2,121.65,87.14,91.92
man_maker.mp4,3500,140.02,119.95,113.69,94.6
man_maker.mp4,3510,122.85,117.38,92.85,91.68
man_maker.mp4,3520,141.8,114.48,111.82,92.23
man_maker.mp4,3530,166.7,115.1,128.89,85.76
man_maker.mp4,3540,166.43,114.24,127.12,84.59
man_maker.mp4,3550,172.55,108.36,128.0,77.48
man_maker.mp4,3560,167.29,113.03,122.19,81.18
man_maker.mp4,3570,171.23,109.46,131.93,82.45
man_maker.mp4,3580,154.78,97.52,105.59,59.87
man_maker.mp4,3590,142.08,100.8,99.14,63.58
man_maker.mp4,3600,140.75,101.79,99.74,64.63
man_maker.mp4,3610,136.6,97.65,94.37,58.32
man_maker.mp4,3620,139.62,95.29,98.35,59.79
man_maker.mp4,3630,147.2,97.59,107.61,63.2
man_maker.mp4,3650,135.21,99.84,84.57,47.39
man_maker.mp4,3660,168.44,126.5,115.81,32.76
man_maker.mp4,3680,136.62,169.11,48.98,76.82
man_maker.mp4,3690,127.43,107.86,69.63,40.89
man_maker.mp4,3700,118.41,139.55,21.87,26.19
man_maker.mp4,3710,154.66,125.69,55.8,49.65
man_maker.mp4,3720,165.06,133.98,23.95,86.54
man_maker.mp4,3740,133.96,177.95,68.85,21.19
man_maker.mp4,3750,99.23,88.47,56.19,46.35
man_maker.mp4,3760,134.67,101.86,92.28,50.71
man_maker.mp4,3770,146.26,107.99,86.73,56.31
man_maker.mp4,3780,143.38,117.52,82.63,64.87
man_maker.mp4,3790,148.7,132.44,78.98,23.87
man_maker.mp4,3800,134.27,152.58,81.03,15.28
man_maker.mp4,3810,151.31,151.62,101.33,12.11
man_maker.mp4,3820,150.64,122.49,110.68,22.27
man_maker.mp4,3830,150.95,153.73,85.46,18.4
man_maker.mp4,3840,130.07,145.61,78.43,14.69
man_maker.mp4,3850,153.86,126.89,85.36,27.39
man_maker.mp4,3860,135.14,108.85,79.55,57.15
man_maker.mp4,3870,129.98,106.5,79.03,57.43
man_maker.mp4,3880,129.79,97.96,89.4,60.04
man_maker.mp4,3890,140.09,123.09,83.7,64.21
man_maker.mp4,3900,139.87,98.91,97.53,57.06
man_maker.mp4,3910,131.39,96.39,100.05,65.86
man_maker.mp4,3920,100.39,113.55,55.48,78.06
man_maker.mp4,3930,132.32,92.24,19.46,51.57
man_maker.mp4,3940,137.87,152.32,20.84,31.04
man_maker.mp4,3950,175.8,176.76,6.44,17.58
man_maker.mp4,3960,96.54,103.47,63.89,50.48
man_maker.mp4,3970,125.98,110.74,90.49,53.95
man_maker.mp4,3980,120.8,118.38,64.72,78.86
man_maker.mp4,3990,134.26,110.07,96.03,83.6
man_maker.mp4,4000,141.42,104.04,101.45,71.94
man_maker.mp4,4010,126.77,94.52,86.58,51.52
man_maker.mp4,4020,123.64,101.35,84.5,54.09
man_maker.mp4,4030,138.67,131.85,81.7,66.08
man_maker.mp4,4040,165.31,100.49,141.88,77.32
man_maker.mp4,4050,166.81,101.57,140.67,77.28
man_maker.mp4,4060,140.92,125.66,101.35,89.21
man_maker.mp4,4080,157.22,158.42,116.63,110.78
man_maker.mp4,4100,163.6,153.91,104.58,18.36
man_maker.mp4,4110,134.44,98.59,104.54,58.07
man_maker.mp4,4120,108.33,73.2,88.35,40.74
man_maker.mp4,4130,138.53,144.12,123.0,125.93
man_maker.mp4,4140,123.25,126.17,82.8,81.59
man_maker.mp4,4150,129.46,125.04,81.85,84.1
man_maker.mp4,4160,136.71,119.44,95.42,87.39
man_maker.mp4,4170,157.53,112.48,117.68,101.85
man_maker.mp4,4180,163.72,121.94,117.39,124.12
man_maker.mp4,4190,140.51,126.16,156.07,146.04
man_maker.mp4,4200,144.71,125.56,176.07,123.85
man_maker.mp4,4210,145.7,118.97,176.55,113.59
man_maker.mp4,4220,146.84,139.74,168.22,142.93
man_maker.mp4,4230,166.1,129.83,114.77,109.43
man_maker.mp4,4240,145.36,125.17,87.07,81.38
man_maker.mp4,4250,134.27,135.7,89.85,85.74
man_maker.mp4,4260,137.79,138.17,79.9,66.41
man_maker.mp4,4270,148.66,97.2,77.53,16.99
man_maker.mp4,4280,141.65,98.36,63.48,16.72
man_maker.mp4,4290,113.69,70.32,38.56,28.16
man_maker.mp4,4300,112.55,77.27,36.1,11.61
man_maker.mp4,4310,109.84,80.82,34.06,13.65
man_maker.mp4,4320,113.29,81.73,35.87,14.89
man_maker.mp4,4330,116.55,82.31,36.69,14.23
man_maker.mp4,4340,112.7,80.2,32.22,11.74
man_maker.mp4,4350,114.51,80.51,35.02,12.64
man_maker.mp4,4360,118.27,81.41,37.03,11.8
mule_kick.mp4,10,152.03,166.89,20.96,20.95
mule_kick.mp4,20,148.04,171.86,24.46,21.36
mule_kick.mp4,30,147.14,174.1,24.72,22.11
mule_kick.mp4,40,147.22,171.33,25.0,22.85
mule_kick.mp4,50,139.84,172.39,26.36,20.76
mule_kick.mp4,60,144.11,170.93,24.09,23.15
mule_kick.mp4,70,129.85,160.19,33.97,43.61
mule_kick.mp4,80,118.88,175.97,41.06,56.24
mule_kick.mp4,90,135.37,167.12,31.34,38.33
mule_kick.mp4,100,61.02,170.77,55.51,42.09
mule_kick.mp4,110,118.99,124.71,59.58,35.93
mule_kick.mp4,120,134.6,152.43,23.08,43.96
mule_kick.mp4,130,134.87,155.29,31.68,72.35
mule_kick.mp4,140,77.82,170.72,37.74,38.6
mule_kick.mp4,150,127.95,148.46,28.02,97.29
mule_kick.mp4,160,104.17,152.36,25.23,89.83
mule_kick.mp4,170,60.36,139.02,109.91,74.65
mule_kick.mp4,180,124.92,162.81,17.58,41.47
mule_kick.mp4,190,157.13,168.15,162.3,160.14
mule_kick.mp4,200,136.68,152.61,95.85,57.19
mule_kick.mp4,220,163.3,169.38,38.78,44.85
mule_kick.mp4,230,149.46,159.34,28.76,35.3
mule_kick.mp4,240,90.76,144.24,55.02,87.83
mule_kick.mp4,250,131.2,163.74,31.69,59.01
mule_kick.mp4,260,89.71,143.59,34.74,33.72
mule_kick.mp4,270,91.39,157.2,62.55,64.41
mule_kick.mp4,280,130.19,151.49,78.92,85.53
mule_kick.mp4,290,121.59,142.8,53.81,59.99
mule_kick.mp4,300,161.0,142.91,74.75,93.36
mule_kick.mp4,310,109.18,157.34,69.18,42.81
mule_kick.mp4,320,151.3,125.31,38.96,106.7
mule_kick.mp4,330,132.38,169.92,22.64,27.81
mule_kick.mp4,340,125.84,125.1,28.76,53.06
mule_kick.mp4,360,142.29,153.67,95.72,106.1
mule_kick.mp4,370,177.61,150.79,149.22,132.28
mule_kick.mp4,380,78.27,152.11,54.15,69.47
mule_kick.mp4,390,158.57,119.11,117.0,98.16
mule_kick.mp4,420,142.5,143.7,153.14,114.01
mule_kick.mp4,440,143.75,158.34,168.75,151.9
mule_kick.mp4,450,172.94,149.76,139.45,118.74
mule_kick.mp4,460,139.34,161.73,49.94,36.8
mule_kick.mp4,470,95.91,108.15,79.1,86.91
mule_kick.mp4,480,155.95,175.51,20.58,16.04
mule_kick.mp4,490,113.34,163.6,59.18,64.89
mule_kick.mp4,500,112.91,169.51,97.71,81.9
mule_kick.mp4,510,123.48,156.86,30.51,31.62
mule_kick.mp4,520,166.76,125.22,156.71,106.96
mule_kick.mp4,530,100.03,145.21,56.37,46.32
mule_kick.mp4,540,136.01,131.04,37.88,62.08
mule_kick.mp4,550,138.96,162.36,38.03,66.77
mule_kick.mp4,560,153.88,179.17,35.13,35.06
mule_kick.mp4,570,162.97,169.02,45.21,32.57
mule_kick.mp4,600,164.02,162.57,83.76,60.58
mule_kick.mp4,610,148.25,147.88,153.15,133.0
mule_kick.mp4,620,127.05,117.15,132.22,50.72
mule_kick.mp4,630,128.87,144.14,28.98,49.71
mule_kick.mp4,640,125.26,104.35,93.05,82.92
mule_kick.mp4,660,124.68,172.33,56.57,64.36
mule_kick.mp4,680,138.28,172.63,30.67,25.78
mule_kick.mp4,690,128.31,168.2,24.49,37.3
mule_kick.mp4,700,139.67,162.34,25.7,21.79
mule_kick.mp4,710,143.43,165.72,18.67,25.07
mule_kick.mp4,720,137.01,168.55,21.39,22.57
mule_kick.mp4,730,139.24,173.26,21.67,20.08
mule_kick.mp4,740,138.72,171.85,21.64,18.18
mule_kick.mp4,750,140.78,169.83,17.28,19.78
mule_kick.mp4,760,141.31,167.45,16.16,22.2
mule_kick.mp4,770,140.02,159.46,14.04,21.94
mule_kick.mp4,780,144.51,169.81,17.09,13.99
mule_kick.mp4,790,144.51,169.22,17.67,15.11
neutral_overhead_shoulder_press.mp4,10,84.19,121.75,22.98,22.43
neutral_overhead_shoulder_press.mp4,20,85.04,120.79,22.99,20.95
neutral_overhead_shoulder_press.mp4,30,84.84,121.75,22.61,22.71
neutral_overhead_shoulder_press.mp4,40,84.54,125.91,22.06,21.6
neutral_overhead_shoulder_press.mp4,50,84.29,123.51,21.34,23.14
neutral_overhead_shoulder_press.mp4,60,84.9,120.42,19.64,25.67
neutral_overhead_shoulder_press.mp4,70,83.69,120.16,21.38,26.11
neutral_overhead_shoulder_press.mp4,80,75.19,118.85,27.76,28.89
neutral_overhead_shoulder_press.mp4,90,116.72,143.13,31.62,68.08
neutral_overhead_shoulder_press.mp4,100,125.33,141.2,64.51,86.59
neutral_overhead_shoulder_press.mp4,110,136.4,137.02,69.12,79.22
neutral_overhead_shoulder_press.mp4,120,132.85,129.46,58.79,67.17
neutral_overhead_shoulder_press.mp4,130,102.9,137.27,65.67,87.37
neutral_overhead_shoulder_press.mp4,140,88.38,159.33,111.65,101.35
neutral_overhead_shoulder_press.mp4,150,96.21,158.26,133.02,101.82
neutral_overhead_shoulder_press.mp4,160,122.78,160.94,144.26,141.59
neutral_overhead_shoulder_press.mp4,170,138.71,154.94,152.85,160.84
neutral_overhead_shoulder_press.mp4,180,162.28,161.09,170.19,158.35
neutral_overhead_shoulder_press.mp4,190,155.56,164.64,153.52,163.83
neutral_overhead_shoulder_press.mp4,200,140.79,158.53,149.2,159.15
neutral_overhead_shoulder_press.mp4,210,105.31,161.8,133.58,101.61
neutral_overhead_shoulder_press.mp4,220,82.85,161.12,110.33,104.45
neutral_overhead_shoulder_press.mp4,230,60.34,149.52,91.37,101.0
neutral_overhead_shoulder_press.mp4,240,118.25,141.32,74.25,89.27
neutral_overhead_shoulder_press.mp4,250,110.99,131.91,67.84,84.95
neutral_overhead_shoulder_press.mp4,260,99.59,146.45,79.77,92.35
neutral_overhead_shoulder_press.mp4,270,92.03,159.69,121.82,92.87
neutral_overhead_shoulder_press.mp4,280,136.86,163.01,143.79,141.56
neutral_overhead_shoulder_press.mp4,290,146.52,162.49,147.7,164.43
neutral_overhead_shoulder_press.mp4,300,141.12,162.32,144.77,159.83
neutral_overhead_shoulder_press.mp4,310,136.3,162.62,141.9,160.62
neutral_overhead_shoulder_press.mp4,320,112.63,162.51,139.73,128.69
neutral_overhead_shoulder_press.mp4,330,85.86,154.78,109.51,102.93
neutral_overhead_shoulder_press.mp4,340,106.79,139.45,73.52,88.19
neutral_overhead_shoulder_press.mp4,350,89.16,133.31,67.44,89.54
neutral_overhead_shoulder_press.mp4,360,78.61,132.99,79.97,89.46
neutral_overhead_shoulder_press.mp4,370,84.79,155.65,116.36,97.97
neutral_overhead_shoulder_press.mp4,380,107.18,159.78,138.83,102.94
neutral_overhead_shoulder_press.mp4,390,142.67,163.3,153.76,154.71
neutral_overhead_shoulder_press.mp4,400,156.38,161.81,154.24,169.45
neutral_overhead_shoulder_press.mp4,410,146.87,159.48,150.1,159.73
neutral_overhead_shoulder_press.mp4,420,150.19,157.7,150.55,171.48
neutral_overhead_shoulder_press.mp4,430,121.94,157.97,139.9,117.86
neutral_overhead_shoulder_press.mp4,440,88.17,155.74,120.7,96.91
neutral_overhead_shoulder_press.mp4,450,59.8,135.34,87.52,82.14
neutral_overhead_shoulder_press.mp4,460,87.8,134.8,71.44,81.5
neutral_overhead_shoulder_press.mp4,470,57.59,137.9,89.9,88.32
neutral_overhead_shoulder_press.mp4,480,83.03,146.38,116.2,90.17
neutral_overhead_shoulder_press.mp4,490,102.6,161.4,134.35,95.63
neutral_overhead_shoulder_press.mp4,500,125.99,160.43,136.97,123.46
neutral_overhead_shoulder_press.mp4,510,129.43,158.13,133.58,125.21
neutral_overhead_shoulder_press.mp4,520,120.22,156.84,140.28,126.05
neutral_overhead_shoulder_press.mp4,530,148.21,161.53,157.42,162.41
neutral_overhead_shoulder_press.mp4,540,163.35,159.92,164.86,173.65
neutral_overhead_shoulder_press.mp4,550,162.1,157.51,163.88,174.46
neutral_overhead_shoulder_press.mp4,560,122.66,163.48,149.82,136.27
neutral_overhead_shoulder_press.mp4,570,103.24,156.08,135.03,101.31
neutral_overhead_shoulder_press.mp4,580,89.46,155.8,110.43,106.14
neutral_overhead_shoulder_press.mp4,590,89.29,142.58,83.24,89.64
neutral_overhead_shoulder_press.mp4,600,105.57,136.67,73.32,87.9
neutral_overhead_shoulder_press.mp4,610,104.5,138.51,73.53,88.51
neutral_overhead_shoulder_press.mp4,620,61.85,138.82,84.4,84.54
neutral_overhead_shoulder_press.mp4,630,78.87,146.89,101.94,94.13
neutral_overhead_shoulder_press.mp4,640,91.96,147.78,118.17,97.63
neutral_overhead_shoulder_press.mp4,650,110.6,153.9,130.3,103.55
neutral_overhead_shoulder_press.mp4,660,135.3,155.24,148.51,150.95
neutral_overhead_shoulder_press.mp4,670,158.85,156.74,161.83,174.44
neutral_overhead_shoulder_press.mp4,680,155.7,159.69,157.36,164.34
neutral_overhead_shoulder_press.mp4,690,164.06,163.85,165.21,170.35
neutral_overhead_shoulder_press.mp4,700,156.09,153.87,159.66,168.31
neutral_overhead_shoulder_press.mp4,710,113.37,151.06,133.26,106.44
neutral_overhead_shoulder_press.mp4,720,82.52,158.78,114.22,101.02
neutral_overhead_shoulder_press.mp4,730,75.39,147.91,89.03,99.21
neutral_overhead_shoulder_press.mp4,740,114.69,137.8,76.27,87.05
neutral_overhead_shoulder_press.mp4,750,128.2,134.62,70.94,88.2
neutral_overhead_shoulder_press.mp4,760,139.06,141.39,81.14,88.52
neutral_overhead_shoulder_press.mp4,770,140.45,145.24,62.56,77.58
neutral_overhead_shoulder_press.mp4,780,120.3,136.66,22.73,61.04
neutral_overhead_shoulder_press.mp4,790,79.41,116.69,33.89,38.74
neutral_overhead_shoulder_press.mp4,800,77.8,111.46,32.56,26.02
neutral_overhead_shoulder_press.mp4,810,82.63,115.39,25.78,24.24
neutral_overhead_shoulder_press.mp4,820,86.53,121.18,19.98,27.61
neutral_overhead_shoulder_press.mp4,830,84.32,117.22,23.44,24.74
neutral_overhead_shoulder_press.mp4,840,84.28,117.47,23.76,24.63
one_arm_row.mp4,10,116.47,79.81,31.05,11.85
one_arm_row.mp4,20,120.33,81.6,32.78,12.53
one_arm_row.mp4,30,116.94,81.17,29.02,13.33
one_arm_row.mp4,40,112.47,78.38,28.03,12.05
one_arm_row.mp4,50,118.17,79.51,31.75,12.26
one_arm_row.mp4,60,111.71,79.88,26.04,11.48
one_arm_row.mp4,70,111.14,79.07,27.24,11.51
one_arm_row.mp4,80,109.75,81.29,23.54,16.38
one_arm_row.mp4,90,113.61,84.81,29.73,24.91
one_arm_row.mp4,100,121.77,85.33,60.28,52.14
one_arm_row.mp4,110,172.09,135.54,16.96,22.75
one_arm_row.mp4,120,169.55,107.84,19.09,25.66
one_arm_row.mp4,130,143.13,98.51,34.99,29.8
one_arm_row.mp4,140,137.8,79.74,67.94,34.5
one_arm_row.mp4,150,140.73,64.06,84.94,39.46
one_arm_row.mp4,160,130.84,67.69,42.44,34.81
one_arm_row.mp4,170,162.44,80.49,8.92,47.38
one_arm_row.mp4,180,153.35,162.07,23.55,146.24
one_arm_row.mp4,190,163.68,164.66,20.78,150.26
one_arm_row.mp4,200,164.68,164.72,20.02,150.96
one_arm_row.mp4,210,160.18,163.92,20.3,150.93
one_arm_row.mp4,220,161.82,153.79,13.17,139.72
one_arm_row.mp4,230,137.36,60.34,27.73,43.78
one_arm_row.mp4,240,130.45,59.77,71.88,46.58
one_arm_row.mp4,250,148.86,64.68,82.93,37.81
one_arm_row.mp4,260,151.98,65.21,79.74,44.49
one_arm_row.mp4,270,143.38,83.83,71.61,32.52
one_arm_row.mp4,280,135.31,97.43,30.21,33.76
one_arm_row.mp4,290,160.02,145.17,13.47,127.87
one_arm_row.mp4,300,153.43,166.31,24.82,151.22
one_arm_row.mp4,310,163.35,155.87,23.46,136.85
one_arm_row.mp4,320,160.23,164.45,23.55,148.48
one_arm_row.mp4,330,159.78,160.15,23.16,144.09
one_arm_row.mp4,340,164.89,155.61,14.86,139.47
one_arm_row.mp4,350,157.98,147.84,13.74,26.74
one_arm_row.mp4,360,125.56,63.03,71.85,46.55
one_arm_row.mp4,370,149.54,66.79,82.0,51.38
one_arm_row.mp4,380,160.43,111.47,90.21,94.15
one_arm_row.mp4,390,145.56,90.92,66.3,76.88
one_arm_row.mp4,400,121.48,71.12,44.83,36.16
one_arm_row.mp4,410,160.03,106.53,12.66,83.63
one_arm_row.mp4,420,162.06,164.7,19.83,150.76
one_arm_row.mp4,430,164.89,136.43,20.78,113.34
one_arm_row.mp4,440,161.41,148.77,21.56,132.4
one_arm_row.mp4,450,153.94,161.84,22.34,148.14
one_arm_row.mp4,460,166.55,126.87,8.86,29.78
one_arm_row.mp4,470,115.47,69.52,32.42,57.4
one_arm_row.mp4,480,139.09,62.74,80.02,45.9
one_arm_row.mp4,490,153.57,69.28,96.09,53.67
one_arm_row.mp4,500,147.23,70.07,88.52,37.17
one_arm_row.mp4,510,142.67,73.95,80.03,38.77
one_arm_row.mp4,520,142.98,146.64,29.79,27.33
one_arm_row.mp4,530,151.97,134.63,20.33,118.94
one_arm_row.mp4,540,144.34,166.74,28.62,148.31
one_arm_row.mp4,550,164.01,149.85,21.54,129.04
one_arm_row.mp4,560,154.88,168.23,22.63,150.25
one_arm_row.mp4,570,148.0,168.35,24.99,149.91
one_arm_row.mp4,580,164.65,149.09,18.43,131.18
one_arm_row.mp4,590,162.17,73.06,9.3,54.51
one_arm_row.mp4,600,132.15,62.87,89.95,47.98
one_arm_row.mp4,610,156.72,66.21,94.85,43.94
one_arm_row.mp4,620,164.73,66.84,104.37,41.51
one_arm_row.mp4,630,159.06,76.87,95.9,57.68
one_arm_row.mp4,640,139.81,82.12,91.46,34.32
one_arm_row.mp4,650,134.86,106.82,24.29,33.44
one_arm_row.mp4,660,150.95,159.93,22.91,141.34
one_arm_row.mp4,670,162.83,127.29,24.57,107.25
one_arm_row.mp4,680,164.41,84.87,22.64,50.76
one_arm_row.mp4,690,155.54,131.38,25.39,113.57
one_arm_row.mp4,700,161.44,140.52,17.78,124.03
one_arm_row.mp4,710,160.82,152.5,9.21,26.85
one_arm_row.mp4,720,127.63,93.81,82.23,31.99
one_arm_row.mp4,730,157.07,72.81,99.03,36.67
one_arm_row.mp4,740,152.44,75.85,91.92,34.73
one_arm_row.mp4,750,142.48,124.67,75.39,33.32
one_arm_row.mp4,760,138.46,114.6,24.51,31.48
one_arm_row.mp4,770,156.64,131.36,19.83,114.86
one_arm_row.mp4,780,163.74,140.25,23.36,121.57
one_arm_row.mp4,790,144.21,160.72,29.78,139.69
one_arm_row.mp4,800,87.89,164.1,33.48,134.47
one_arm_row.mp4,810,118.47,132.33,59.75,96.12
one_arm_row.mp4,820,116.29,86.58,35.37,49.82
one_arm_row.mp4,830,115.65,72.51,33.4,30.11
one_arm_row.mp4,840,122.15,75.69,30.98,26.95
one_arm_row.mp4,850,112.94,77.02,28.83,15.54
one_arm_row.mp4,860,114.85,77.3,28.66,11.95
one_arm_row.mp4,870,110.69,78.99,22.81,13.14
one_arm_row.mp4,880,108.27,79.86,23.64,12.15
one_arm_row.mp4,890,108.71,77.97,22.76,13.14
one_arm_row.mp4,900,109.86,78.49,22.27,14.1
one_arm_row.mp4,910,111.63,77.96,25.55,13.75
one_arm_row.mp4,920,112.7,78.8,26.76,12.75
one_arm_row.mp4,930,111.15,77.84,23.23,14.1
overhead_extension_thruster.mp4,10,85.12,121.21,20.24,24.17
overhead_extension_thruster.mp4,20,86.07,124.74,20.95,24.81
overhead_extension_thruster.mp4,30,86.69,121.39,20.34,23.93
overhead_extension_thruster.mp4,40,86.4,121.76,19.32,25.02
overhead_extension_thruster.mp4,50,86.92,123.96,22.23,24.07
overhead_extension_thruster.mp4,60,84.61,132.62,33.06,35.35
overhead_extension_thruster.mp4,70,75.0,128.33,41.28,44.11
overhead_extension_thruster.mp4,80,112.62,145.89,59.23,95.1
overhead_extension_thruster.mp4,90,64.36,139.2,78.73,100.2
overhead_extension_thruster.mp4,100,92.42,141.55,96.78,109.39
overhead_extension_thruster.mp4,110,74.62,110.97,101.18,99.37
overhead_extension_thruster.mp4,120,94.63,119.2,89.51,114.85
overhead_extension_thruster.mp4,130,64.92,124.09,91.01,117.83
overhead_extension_thruster.mp4,140,88.43,119.33,105.46,98.96
overhead_extension_thruster.mp4,150,96.77,152.84,117.23,116.4
overhead_extension_thruster.mp4,160,104.16,145.75,140.94,130.46
overhead_extension_thruster.mp4,170,117.26,148.2,143.27,117.69
overhead_extension_thruster.mp4,180,138.41,150.13,162.81,146.84
overhead_extension_thruster.mp4,190,156.59,154.88,167.33,163.61
overhead_extension_thruster.mp4,200,133.55,158.12,138.26,165.68
overhead_extension_thruster.mp4,210,133.69,157.11,139.4,165.75
overhead_extension_thruster.mp4,220,141.79,159.91,141.58,167.64
overhead_extension_thruster.mp4,230,141.74,156.66,158.61,155.36
overhead_extension_thruster.mp4,240,122.17,153.29,154.71,133.26
overhead_extension_thruster.mp4,250,114.62,146.48,133.07,113.26
overhead_extension_thruster.mp4,260,83.42,89.65,132.29,114.9
overhead_extension_thruster.mp4,270,57.4,116.22,118.1,139.17
overhead_extension_thruster.mp4,280,62.93,95.59,109.73,144.88
overhead_extension_thruster.mp4,290,87.69,51.67,115.25,125.0
overhead_extension_thruster.mp4,300,80.74,58.25,120.73,118.73
overhead_extension_thruster.mp4,310,76.68,146.2,128.94,115.9
overhead_extension_thruster.mp4,320,109.78,147.74,137.83,118.81
overhead_extension_thruster.mp4,330,115.0,157.4,153.41,127.95
overhead_extension_thruster.mp4,340,137.49,154.61,154.93,159.77
overhead_extension_thruster.mp4,350,146.02,157.02,147.31,168.98
overhead_extension_thruster.mp4,360,140.92,157.66,141.35,170.62
overhead_extension_thruster.mp4,370,156.99,155.64,156.82,170.89
overhead_extension_thruster.mp4,380,121.83,158.17,133.66,163.03
overhead_extension_thruster.mp4,390,121.21,157.0,130.01,116.01
overhead_extension_thruster.mp4,400,83.09,144.12,138.81,117.18
overhead_extension_thruster.mp4,410,77.55,68.89,126.56,129.17
overhead_extension_thruster.mp4,420,81.72,54.39,114.22,136.65
overhead_extension_thruster.mp4,430,92.04,46.78,113.19,128.56
overhead_extension_thruster.mp4,440,74.06,58.74,124.13,129.0
overhead_extension_thruster.mp4,450,74.78,125.2,133.35,126.56
overhead_extension_thruster.mp4,460,113.08,153.25,135.51,118.38
overhead_extension_thruster.mp4,470,127.17,152.7,141.64,117.82
overhead_extension_thruster.mp4,480,150.83,148.52,166.77,150.34
overhead_extension_thruster.mp4,490,140.76,155.13,146.83,161.85
overhead_extension_thruster.mp4,500,124.07,157.7,150.25,155.5
overhead_extension_thruster.mp4,510,149.92,156.7,152.75,169.53
overhead_extension_thruster.mp4,520,147.59,151.85,161.64,146.93
overhead_extension_thruster.mp4,530,111.73,159.07,140.89,118.0
overhead_extension_thruster.mp4,540,87.59,139.79,137.54,121.01
overhead_extension_thruster.mp4,550,86.54,53.22,124.59,131.92
overhead_extension_thruster.mp4,560,79.8,53.68,113.74,125.22
overhead_extension_thruster.mp4,570,83.53,66.89,117.83,125.7
overhead_extension_thruster.mp4,580,73.76,88.49,121.92,126.76
overhead_extension_thruster.mp4,590,80.93,137.93,133.95,118.49
overhead_extension_thruster.mp4,600,112.17,146.26,130.19,113.97
overhead_extension_thruster.mp4,610,130.05,142.29,140.15,116.88
overhead_extension_thruster.mp4,620,144.58,144.8,154.74,134.79
overhead_extension_thruster.mp4,630,151.69,151.9,159.87,161.79
overhead_extension_thruster.mp4,640,138.19,156.57,161.04,156.34
overhead_extension_thruster.mp4,650,152.61,152.89,162.55,162.33
overhead_extension_thruster.mp4,660,144.58,153.87,158.43,160.43
overhead_extension_thruster.mp4,670,124.29,152.79,155.7,135.97
overhead_extension_thruster.mp4,680,110.42,149.61,138.11,116.42
overhead_extension_thruster.mp4,690,76.74,137.65,135.46,129.94
overhead_extension_thruster.mp4,700,59.5,87.09,120.61,134.43
overhead_extension_thruster.mp4,710,82.74,46.36,108.44,127.26
overhead_extension_thruster.mp4,720,71.93,47.93,115.89,122.42
overhead_extension_thruster.mp4,730,71.54,143.11,129.69,107.19
overhead_extension_thruster.mp4,740,106.02,145.66,138.34,126.29
overhead_extension_thruster.mp4,750,106.61,154.78,148.39,118.84
overhead_extension_thruster.mp4,760,115.41,151.91,152.16,141.03
overhead_extension_thruster.mp4,770,156.51,150.11,163.29,167.98
overhead_extension_thruster.mp4,780,142.36,154.14,146.04,169.23
overhead_extension_thruster.mp4,790,143.14,156.84,157.0,159.42
overhead_extension_thruster.mp4,800,149.28,155.66,152.75,166.31
overhead_extension_thruster.mp4,810,142.92,158.07,164.08,154.08
overhead_extension_thruster.mp4,820,115.39,158.3,153.22,132.2
overhead_extension_thruster.mp4,830,108.08,153.28,140.53,125.36
overhead_extension_thruster.mp4,840,75.2,141.81,132.14,125.67
overhead_extension_thruster.mp4,850,54.68,83.32,122.52,128.19
overhead_extension_thruster.mp4,860,65.89,61.7,111.23,128.75
overhead_extension_thruster.mp4,870,78.5,52.69,106.71,127.83
overhead_extension_thruster.mp4,880,67.58,107.74,129.58,109.0
overhead_extension_thruster.mp4,890,99.23,141.05,139.55,127.89
overhead_extension_thruster.mp4,900,116.0,152.84,140.95,117.86
overhead_extension_thruster.mp4,910,120.42,156.6,157.54,133.34
overhead_extension_thruster.mp4,920,159.18,150.21,165.1,173.0
overhead_extension_thruster.mp4,930,154.9,150.65,156.09,170.88
overhead_extension_thruster.mp4,940,152.65,151.62,158.18,166.01
overhead_extension_thruster.mp4,950,122.89,154.34,147.34,145.65
overhead_extension_thruster.mp4,960,87.72,134.39,124.82,107.26
overhead_extension_thruster.mp4,970,127.81,131.97,71.64,85.07
overhead_extension_thruster.mp4,980,135.71,144.8,61.71,66.53
overhead_extension_thruster.mp4,990,136.26,138.01,51.65,70.74
overhead_extension_thruster.mp4,1000,103.9,121.4,17.19,52.22
overhead_extension_thruster.mp4,1010,80.34,109.57,28.5,26.82
overhead_extension_thruster.mp4,1020,83.83,113.42,21.5,24.23
overhead_extension_thruster.mp4,1030,85.81,116.49,15.07,23.6
overhead_extension_thruster.mp4,1040,84.4,118.75,16.49,25.04
overhead_extension_thruster.mp4,1050,85.53,119.11,16.64,25.06
overhead_extension_thruster.mp4,1060,87.32,124.49,13.94,25.31
overhead_extension_thruster.mp4,1070,87.49,124.18,16.27,21.17
overhead_trap_raises.mp4,10,138.14,173.47,21.42,15.31
overhead_trap_raises.mp4,20,137.8,170.48,21.51,15.54
overhead_trap_raises.mp4,30,136.43,172.43,19.9,15.36
overhead_trap_raises.mp4,40,137.74,172.41,20.84,15.69
overhead_trap_raises.mp4,50,136.69,173.18,18.1,14.52
overhead_trap_raises.mp4,60,136.94,173.86,25.16,15.87
overhead_trap_raises.mp4,70,137.41,172.58,23.89,13.83
overhead_trap_raises.mp4,80,138.32,168.29,24.9,24.65
overhead_trap_raises.mp4,90,146.09,162.66,38.21,61.73
overhead_trap_raises.mp4,100,149.91,162.92,89.76,90.24
overhead_trap_raises.mp4,110,159.11,163.17,64.85,95.94
overhead_trap_raises.mp4,120,14.84,165.12,89.94,95.28
overhead_trap_raises.mp4,130,121.35,162.12,51.17,94.77
overhead_trap_raises.mp4,140,141.71,166.26,55.11,97.34
overhead_trap_raises.mp4,150,148.86,163.14,73.03,93.71
overhead_trap_raises.mp4,160,149.62,169.61,105.69,106.7
overhead_trap_raises.mp4,170,116.05,140.3,157.35,108.3
overhead_trap_raises.mp4,180,162.21,119.84,139.68,124.34
overhead_trap_raises.mp4,190,165.31,126.79,145.89,114.4
overhead_trap_raises.mp4,200,164.64,140.79,153.2,104.99
overhead_trap_raises.mp4,210,165.25,147.3,148.83,108.31
overhead_trap_raises.mp4,220,167.51,138.51,145.55,109.86
overhead_trap_raises.mp4,230,173.76,143.04,140.7,109.2
overhead_trap_raises.mp4,240,165.03,145.0,148.47,110.23
overhead_trap_raises.mp4,250,156.03,147.98,156.54,102.49
overhead_trap_raises.mp4,260,135.21,141.86,160.54,110.22
overhead_trap_raises.mp4,270,116.03,163.76,145.04,104.31
overhead_trap_raises.mp4,280,58.59,166.82,120.1,104.44
overhead_trap_raises.mp4,290,156.63,164.05,83.06,102.06
overhead_trap_raises.mp4,300,157.76,165.47,58.83,93.33
overhead_trap_raises.mp4,310,159.79,165.21,64.08,95.93
overhead_trap_raises.mp4,320,163.32,165.18,71.43,96.92
overhead_trap_raises.mp4,330,151.42,169.24,82.91,101.53
overhead_trap_raises.mp4,340,147.14,168.66,118.39,108.76
overhead_trap_raises.mp4,350,137.89,142.41,139.68,112.98
overhead_trap_raises.mp4,360,169.9,152.37,138.72,102.63
overhead_trap_raises.mp4,370,160.29,128.03,159.86,107.25
overhead_trap_raises.mp4,380,166.99,136.19,147.49,117.33
overhead_trap_raises.mp4,390,171.21,137.48,147.9,109.5
overhead_trap_raises.mp4,400,165.95,129.11,153.14,117.25
overhead_trap_raises.mp4,410,156.16,129.07,166.52,118.52
overhead_trap_raises.mp4,420,168.27,144.52,144.89,106.48
overhead_trap_raises.mp4,430,162.12,149.02,136.22,107.9
overhead_trap_raises.mp4,440,127.36,154.0,142.61,103.62
overhead_trap_raises.mp4,450,159.91,165.41,93.83,105.91
overhead_trap_raises.mp4,460,155.01,165.89,77.88,96.64
overhead_trap_raises.mp4,470,161.88,161.73,61.98,89.98
overhead_trap_raises.mp4,480,100.51,162.11,18.84,88.89
overhead_trap_raises.mp4,490,159.44,163.45,63.08,92.92
overhead_trap_raises.mp4,500,162.87,167.81,84.75,103.71
overhead_trap_raises.mp4,510,144.86,153.87,129.62,102.9
overhead_trap_raises.mp4,520,165.1,135.19,137.64,115.03
overhead_trap_raises.mp4,530,166.3,129.51,140.4,118.38
overhead_trap_raises.mp4,540,168.86,138.68,148.57,105.68
overhead_trap_raises.mp4,550,164.55,131.17,150.85,120.18
overhead_trap_raises.mp4,560,164.29,128.68,151.04,121.4
overhead_trap_raises.mp4,570,161.35,133.58,159.65,119.45
overhead_trap_raises.mp4,580,170.44,144.33,144.62,103.13
overhead_trap_raises.mp4,590,164.65,146.75,140.21,105.69
overhead_trap_raises.mp4,600,165.15,161.75,130.65,104.36
overhead_trap_raises.mp4,610,147.03,163.72,107.2,108.27
overhead_trap_raises.mp4,620,121.37,167.79,77.05,100.95
overhead_trap_raises.mp4,630,154.52,162.07,68.21,94.56
overhead_trap_raises.mp4,640,58.31,161.17,90.43,96.89
overhead_trap_raises.mp4,650,148.94,161.75,55.12,91.76
overhead_trap_raises.mp4,660,135.39,158.08,32.75,90.67
overhead_trap_raises.mp4,670,150.06,163.37,52.08,94.01
overhead_trap_raises.mp4,680,79.21,164.44,92.14,97.01
overhead_trap_raises.mp4,690,149.07,160.96,81.17,98.1
overhead_trap_raises.mp4,700,155.61,167.57,84.77,106.37
overhead_trap_raises.mp4,710,112.77,158.97,140.42,105.46
overhead_trap_raises.mp4,720,162.64,141.52,129.37,111.96
overhead_trap_raises.mp4,730,167.84,149.35,135.71,111.54
overhead_trap_raises.mp4,740,168.1,140.02,149.01,103.22
overhead_trap_raises.mp4,750,164.8,130.53,145.78,121.92
overhead_trap_raises.mp4,760,170.09,137.49,141.67,121.16
overhead_trap_raises.mp4,770,171.48,138.91,144.01,103.34
overhead_trap_raises.mp4,780,157.73,135.03,160.09,110.83
overhead_trap_raises.mp4,790,169.87,157.76,136.73,102.2
overhead_trap_raises.mp4,800,131.1,159.7,144.75,98.13
overhead_trap_raises.mp4,810,153.89,167.55,99.21,106.23
overhead_trap_raises.mp4,820,155.71,164.53,86.44,105.22
overhead_trap_raises.mp4,830,150.95,167.16,62.97,95.46
overhead_trap_raises.mp4,840,144.99,162.87,59.7,91.12
overhead_trap_raises.mp4,850,146.63,160.26,61.49,91.29
overhead_trap_raises.mp4,860,155.92,164.58,65.0,99.29
overhead_trap_raises.mp4,870,158.64,165.75,84.97,104.17
overhead_trap_raises.mp4,880,151.84,169.68,98.38,107.97
overhead_trap_raises.mp4,890,129.31,160.67,146.7,98.78
overhead_trap_raises.mp4,900,168.27,150.55,137.78,105.6
overhead_trap_raises.mp4,910,166.91,145.19,146.34,103.64
overhead_trap_raises.mp4,920,167.51,138.8,148.15,107.96
overhead_trap_raises.mp4,930,169.67,125.22,148.68,112.81
overhead_trap_raises.mp4,940,168.38,141.97,143.54,111.41
overhead_trap_raises.mp4,950,171.24,149.38,141.82,102.29
overhead_trap_raises.mp4,960,163.83,148.4,144.08,103.07
overhead_trap_raises.mp4,970,137.47,158.64,143.19,105.5
overhead_trap_raises.mp4,980,156.06,165.61,101.95,107.58
overhead_trap_raises.mp4,990,158.93,171.09,74.99,93.08
overhead_trap_raises.mp4,1000,164.28,164.42,71.28,98.89
overhead_trap_raises.mp4,1010,154.76,163.77,61.43,91.89
overhead_trap_raises.mp4,1020,161.59,164.77,61.87,93.47
overhead_trap_raises.mp4,1030,156.51,166.99,81.11,99.55
overhead_trap_raises.mp4,1040,158.15,163.51,89.44,103.27
overhead_trap_raises.mp4,1050,130.84,160.7,128.39,100.92
overhead_trap_raises.mp4,1060,150.21,153.17,141.39,104.33
overhead_trap_raises.mp4,1070,161.97,128.6,137.21,117.72
overhead_trap_raises.mp4,1080,167.57,150.74,140.87,103.73
overhead_trap_raises.mp4,1090,162.46,131.93,152.14,116.15
overhead_trap_raises.mp4,1100,165.64,136.81,149.92,112.5
overhead_trap_raises.mp4,1110,164.62,143.27,152.65,108.16
overhead_trap_raises.mp4,1120,153.0,145.57,160.49,107.35
overhead_trap_raises.mp4,1130,162.04,146.35,143.58,104.88
overhead_trap_raises.mp4,1140,160.54,136.97,138.3,107.28
overhead_trap_raises.mp4,1150,132.22,165.19,129.53,106.91
overhead_trap_raises.mp4,1160,146.14,170.16,100.49,106.83
overhead_trap_raises.mp4,1170,155.24,167.8,90.74,105.41
overhead_trap_raises.mp4,1180,151.96,165.87,80.15,101.04
overhead_trap_raises.mp4,1190,138.77,148.35,51.26,80.84
overhead_trap_raises.mp4,1200,149.12,155.25,29.94,72.46
overhead_trap_raises.mp4,1210,141.54,152.54,22.31,53.3
overhead_trap_raises.mp4,1220,141.1,170.83,24.52,17.22
overhead_trap_raises.mp4,1230,135.74,169.08,21.43,18.14
overhead_trap_raises.mp4,1240,138.6,173.67,21.11,22.61
overhead_trap_raises.mp4,1250,141.89,176.64,21.79,19.49
overhead_trap_raises.mp4,1260,138.67,172.24,21.67,19.48
overhead_trap_raises.mp4,1270,137.25,171.68,23.39,18.96
overhead_trap_raises.mp4,1280,137.07,174.16,23.34,19.35
overhead_trap_raises.mp4,1290,136.63,173.14,23.87,18.88
overhead_trap_raises.mp4,1300,140.13,170.86,21.5,20.25
overhead_trap_raises.mp4,1310,137.48,173.43,20.48,20.17
overhead_trap_raises.mp4,1320,140.75,174.69,23.91,18.65
overhead_trap_raises.mp4,1330,138.71,172.07,20.99,19.83
overhead_trap_raises.mp4,1340,140.76,174.55,21.24,20.16
overhead_trap_raises.mp4,1350,142.85,172.25,22.63,19.41
overhead_trap_raises.mp4,1360,141.67,169.71,20.94,19.0
overhead_trap_raises.mp4,1370,140.32,170.29,20.07,18.85
overhead_trap_raises.mp4,1380,138.67,170.72,20.69,20.2
overhead_trap_raises.mp4,1390,141.72,170.04,22.07,18.18
pushup.mp4,10,121.88,79.27,33.54,16.13
pushup.mp4,20,118.92,79.94,33.23,16.02
pushup.mp4,30,120.43,80.33,33.73,15.44
pushup.mp4,40,117.87,81.03,31.49,14.59
pushup.mp4,50,114.75,78.36,30.81,13.32
pushup.mp4,60,114.35,80.89,30.81,12.81
pushup.mp4,70,108.19,81.18,32.85,17.96
pushup.mp4,80,122.21,77.56,57.21,19.04
pushup.mp4,90,143.76,100.68,73.62,17.78
pushup.mp4,100,152.31,88.75,91.4,59.94
pushup.mp4,110,158.5,122.19,121.89,103.84
pushup.mp4,120,135.24,109.65,107.35,91.78
pushup.mp4,130,134.64,125.64,114.48,105.78
pushup.mp4,140,129.25,118.59,115.82,96.57
pushup.mp4,150,120.84,101.44,101.81,79.82
pushup.mp4,160,137.71,106.84,104.82,85.64
pushup.mp4,170,127.9,104.79,94.02,83.91
pushup.mp4,180,160.71,98.62,125.27,74.73
pushup.mp4,190,168.22,81.74,134.35,60.73
pushup.mp4,200,168.8,81.86,136.46,63.53
pushup.mp4,210,161.04,83.97,123.99,60.22
pushup.mp4,220,157.49,85.01,119.88,57.86
pushup.mp4,230,148.39,93.28,107.41,65.61
pushup.mp4,240,140.58,91.75,94.49,57.94
pushup.mp4,250,135.91,92.64,89.79,53.92
pushup.mp4,260,144.87,100.06,89.85,54.57
pushup.mp4,270,139.59,89.59,89.24,52.95
pushup.mp4,280,139.71,91.91,90.82,53.72
pushup.mp4,290,143.16,93.46,91.34,50.97
pushup.mp4,300,131.82,93.57,90.14,47.67
pushup.mp4,310,101.7,132.3,70.85,29.46
pushup.mp4,320,83.81,130.4,58.37,23.03
pushup.mp4,330,108.73,126.16,40.64,26.83
pushup.mp4,340,113.73,127.34,33.37,27.1
pushup.mp4,350,100.98,127.6,34.56,27.54
pushup.mp4,360,111.18,147.08,62.41,24.25
pushup.mp4,370,122.98,126.46,77.48,26.64
pushup.mp4,380,133.97,89.63,93.95,53.9
pushup.mp4,390,146.36,103.28,90.72,53.53
pushup.mp4,400,149.47,103.89,96.55,53.3
pushup.mp4,410,146.47,100.81,92.26,50.64
pushup.mp4,420,134.91,95.81,89.35,51.63
pushup.mp4,430,101.28,139.4,70.0,27.14
pushup.mp4,440,89.46,147.62,60.76,21.17
pushup.mp4,450,110.49,130.23,37.03,23.35
pushup.mp4,460,95.99,125.85,35.0,25.34
pushup.mp4,470,92.18,145.41,49.8,22.67
pushup.mp4,480,125.54,139.94,76.79,23.66
pushup.mp4,490,144.58,104.15,93.81,40.53
pushup.mp4,500,139.38,92.9,92.34,48.2
pushup.mp4,510,153.49,113.23,92.81,53.01
pushup.mp4,520,152.32,109.18,93.67,55.86
pushup.mp4,530,147.0,95.02,96.09,47.28
pushup.mp4,540,129.61,88.37,93.76,41.58
pushup.mp4,550,116.03,156.02,60.97,23.98
pushup.mp4,560,95.4,128.37,39.21,24.99
pushup.mp4,570,118.33,125.37,36.89,25.28
pushup.mp4,580,90.86,134.44,39.44,28.89
pushup.mp4,590,113.37,144.28,63.63,25.56
pushup.mp4,600,138.96,112.17,93.98,31.03
pushup.mp4,610,144.61,100.29,94.21,51.01
pushup.mp4,620,155.23,115.68,96.95,60.34
pushup.mp4,630,155.37,116.97,93.86,59.91
pushup.mp4,640,150.71,107.84,95.04,58.91
pushup.mp4,650,145.15,96.1,95.8,53.06
pushup.mp4,660,137.84,91.42,90.14,41.4
pushup.mp4,670,89.07,134.89,58.94,22.21
pushup.mp4,680,116.71,127.31,37.92,27.24
pushup.mp4,690,97.38,122.3,38.22,28.15
pushup.mp4,700,86.93,135.51,54.52,22.34
pushup.mp4,710,115.5,152.23,65.94,27.78
pushup.mp4,720,142.5,108.63,94.73,33.55
pushup.mp4,730,148.55,103.62,95.03,48.35
pushup.mp4,740,160.24,111.17,100.63,54.65
pushup.mp4,750,157.06,108.01,97.71,54.74
pushup.mp4,760,151.91,115.94,89.17,54.12
pushup.mp4,770,142.68,96.04,95.2,46.09
pushup.mp4,780,102.63,145.3,71.05,27.98
pushup.mp4,790,91.48,138.91,49.92,23.43
pushup.mp4,800,112.6,132.72,40.58,23.0
pushup.mp4,810,107.59,130.37,42.12,24.93
pushup.mp4,820,114.74,152.13,63.87,24.67
pushup.mp4,830,140.2,173.93,79.91,25.0
pushup.mp4,840,139.79,102.72,93.27,45.38
pushup.mp4,850,151.18,106.93,95.84,49.11
pushup.mp4,860,154.7,108.66,95.26,57.33
pushup.mp4,870,148.26,110.81,93.0,62.27
pushup.mp4,880,148.95,109.24,87.24,59.79
pushup.mp4,890,147.39,99.8,89.97,51.83
pushup.mp4,900,144.95,96.38,108.24,70.78
pushup.mp4,910,152.28,95.12,116.74,72.7
pushup.mp4,920,150.59,96.28,114.27,74.69
pushup.mp4,930,151.61,99.04,117.5,76.1
pushup.mp4,940,153.32,93.16,117.9,71.32
pushup.mp4,950,153.25,97.65,123.79,77.77
pushup.mp4,960,149.34,101.13,116.63,77.39
pushup.mp4,970,157.49,127.46,97.12,94.92
pushup.mp4,980,148.13,101.4,59.22,41.03
pushup.mp4,990,146.79,88.12,94.37,22.73
pushup.mp4,1000,126.95,77.73,62.62,18.95
pushup.mp4,1010,125.15,80.88,64.12,24.79
pushup.mp4,1020,130.07,78.3,51.24,14.87
pushup.mp4,1030,121.87,81.15,40.02,15.02
pushup.mp4,1040,119.83,80.5,30.2,20.83
pushup.mp4,1050,117.89,79.98,27.43,18.33
pushup.mp4,1060,114.27,79.36,27.02,17.83
pushup.mp4,1070,116.49,78.61,31.54,13.01
pushup.mp4,1080,114.5,80.85,33.71,13.79
pushup.mp4,1090,114.78,79.87,33.44,14.14
pushup.mp4,1100,111.84,82.37,25.57,16.08
pushup.mp4,1110,113.77,79.91,29.47,14.77
pushup.mp4,1120,113.66,81.72,29.26,14.13
pushup.mp4,1130,112.33,79.3,26.46,15.46
pushup.mp4,1140,111.88,81.15,30.02,14.42
side_lateral_raise.mp4,10,88.61,123.32,13.61,26.13
side_lateral_raise.mp4,20,87.85,123.3,14.6,24.71
side_lateral_raise.mp4,30,87.3,124.03,17.01,24.55
side_lateral_raise.mp4,40,87.1,123.29,18.5,25.52
side_lateral_raise.mp4,50,89.46,129.13,16.73,29.84
side_lateral_raise.mp4,60,82.74,124.59,13.66,31.83
side_lateral_raise.mp4,70,74.72,125.86,11.11,34.67
side_lateral_raise.mp4,80,77.83,141.94,10.54,49.76
side_lateral_raise.mp4,90,71.45,139.58,11.14,53.31
side_lateral_raise.mp4,100,75.84,139.84,12.22,53.8
side_lateral_raise.mp4,110,80.21,149.02,15.41,59.23
side_lateral_raise.mp4,120,77.91,137.26,28.23,67.76
side_lateral_raise.mp4,130,76.1,138.22,47.85,86.77
side_lateral_raise.mp4,140,74.76,134.61,61.86,99.62
side_lateral_raise.mp4,150,85.19,144.91,76.3,115.08
side_lateral_raise.mp4,160,91.98,151.13,89.23,123.0
side_lateral_raise.mp4,170,85.83,155.29,69.4,128.24
side_lateral_raise.mp4,180,91.06,155.75,69.37,128.13
side_lateral_raise.mp4,190,93.46,151.77,71.45,122.81
side_lateral_raise.mp4,200,86.08,153.88,64.54,115.39
side_lateral_raise.mp4,210,75.13,140.18,61.81,97.79
side_lateral_raise.mp4,220,81.41,151.89,50.74,96.4
side_lateral_raise.mp4,230,77.72,135.83,34.28,73.37
side_lateral_raise.mp4,240,80.06,119.12,24.88,48.94
side_lateral_raise.mp4,250,77.46,130.66,16.82,48.56
side_lateral_raise.mp4,260,80.2,127.75,17.37,47.55
side_lateral_raise.mp4,270,78.94,123.71,33.44,58.99
side_lateral_raise.mp4,280,74.55,124.98,50.45,73.53
side_lateral_raise.mp4,290,84.99,137.14,77.58,100.7
side_lateral_raise.mp4,300,94.97,143.05,88.88,118.43
side_lateral_raise.mp4,310,88.29,146.87,77.14,119.46
side_lateral_raise.mp4,320,89.31,142.36,88.18,115.12
side_lateral_raise.mp4,330,109.09,156.33,67.32,128.02
side_lateral_raise.mp4,340,90.0,148.8,78.19,117.37
side_lateral_raise.mp4,350,80.78,141.37,66.65,104.81
side_lateral_raise.mp4,360,71.56,125.42,56.31,76.58
side_lateral_raise.mp4,370,82.19,131.9,42.67,71.58
side_lateral_raise.mp4,380,82.32,114.11,29.85,50.01
side_lateral_raise.mp4,390,76.2,117.08,17.38,42.71
side_lateral_raise.mp4,400,78.27,125.03,13.58,41.84
side_lateral_raise.mp4,410,79.43,139.19,13.91,51.12
side_lateral_raise.mp4,420,81.99,129.49,24.95,56.06
side_lateral_raise.mp4,430,86.07,137.17,48.64,78.37
side_lateral_raise.mp4,440,69.55,131.59,56.61,90.01
side_lateral_raise.mp4,450,86.9,148.01,70.45,111.31
side_lateral_raise.mp4,460,94.38,155.62,72.62,130.32
side_lateral_raise.mp4,470,90.48,150.15,87.44,127.49
side_lateral_raise.mp4,480,90.82,152.09,75.94,128.49
side_lateral_raise.mp4,490,86.97,147.17,79.06,122.62
side_lateral_raise.mp4,500,85.82,149.65,71.59,110.83
side_lateral_raise.mp4,510,64.7,130.88,55.6,85.99
side_lateral_raise.mp4,520,75.93,140.09,43.67,75.35
side_lateral_raise.mp4,530,78.25,124.12,30.49,56.51
side_lateral_raise.mp4,540,77.84,125.1,20.51,48.46
side_lateral_raise.mp4,550,80.6,127.61,16.01,40.75
side_lateral_raise.mp4,560,80.02,133.92,10.26,46.8
side_lateral_raise.mp4,570,80.63,128.88,17.15,44.57
side_lateral_raise.mp4,580,78.99,130.69,34.24,66.03
side_lateral_raise.mp4,590,75.87,129.91,56.24,74.69
side_lateral_raise.mp4,600,78.59,146.23,65.04,104.7
side_lateral_raise.mp4,610,98.32,152.01,71.15,121.29
side_lateral_raise.mp4,620,90.92,141.72,92.59,112.0
side_lateral_raise.mp4,630,91.77,148.96,79.94,118.37
side_lateral_raise.mp4,640,92.52,148.1,77.73,116.8
side_lateral_raise.mp4,650,101.16,150.15,73.67,117.79
side_lateral_raise.mp4,660,118.2,152.83,63.38,114.82
side_lateral_raise.mp4,670,66.57,130.34,58.65,85.62
side_lateral_raise.mp4,680,74.66,140.65,44.46,79.04
side_lateral_raise.mp4,690,80.46,118.24,27.25,50.69
side_lateral_raise.mp4,700,76.86,121.03,14.28,42.36
side_lateral_raise.mp4,710,75.83,125.71,15.54,36.84
side_lateral_raise.mp4,720,77.93,133.16,12.01,44.67
side_lateral_raise.mp4,730,77.85,119.7,29.44,54.59
side_lateral_raise.mp4,740,77.38,123.42,54.14,69.45
side_lateral_raise.mp4,750,81.41,145.41,69.27,107.9
side_lateral_raise.mp4,760,90.83,150.63,89.36,125.44
side_lateral_raise.mp4,770,92.13,156.13,75.15,131.88
side_lateral_raise.mp4,780,103.83,156.24,71.65,131.37
side_lateral_raise.mp4,790,92.85,151.22,85.63,121.35
side_lateral_raise.mp4,800,95.05,149.05,62.53,110.6
side_lateral_raise.mp4,810,71.79,129.69,54.64,73.41
side_lateral_raise.mp4,820,75.85,133.07,35.92,67.67
side_lateral_raise.mp4,830,84.47,112.47,28.31,40.7
side_lateral_raise.mp4,840,78.98,128.04,18.75,41.08
side_lateral_raise.mp4,850,77.15,130.08,15.46,40.0
side_lateral_raise.mp4,860,78.68,130.91,16.17,45.03
side_lateral_raise.mp4,870,78.67,134.72,36.0,71.51
side_lateral_raise.mp4,880,67.28,128.48,56.29,82.61
side_lateral_raise.mp4,890,94.05,146.72,69.29,111.61
side_lateral_raise.mp4,900,87.47,145.78,75.38,119.19
side_lateral_raise.mp4,910,94.97,148.59,78.13,119.18
side_lateral_raise.mp4,920,102.2,151.96,72.36,121.67
side_lateral_raise.mp4,930,86.93,149.99,69.9,109.99
side_lateral_raise.mp4,940,65.73,131.54,60.41,83.64
side_lateral_raise.mp4,950,75.46,134.48,42.5,68.83
side_lateral_raise.mp4,960,76.38,115.5,27.28,47.07
side_lateral_raise.mp4,970,82.0,118.79,17.45,35.24
side_lateral_raise.mp4,980,82.01,117.28,16.23,28.03
side_lateral_raise.mp4,990,84.82,114.37,9.58,24.88
side_lateral_raise.mp4,1000,84.82,128.59,21.6,30.14
side_lateral_raise.mp4,1010,83.83,124.63,16.49,29.48
side_lateral_raise.mp4,1020,88.01,127.63,18.7,26.95
side_lateral_raise.mp4,1030,85.21,131.04,18.68,28.73
side_lateral_raise.mp4,1040,84.72,127.57,18.72,31.76
side_lateral_raise.mp4,1050,84.17,127.33,18.47,26.78
side_lateral_raise.mp4,1060,85.0,127.99,17.01,23.54
squat.mp4,10,140.06,170.34,17.1,15.96
squat.mp4,20,140.17,171.29,15.38,14.99
squat.mp4,30,138.91,170.83,15.0,16.12
squat.mp4,40,138.1,171.06,18.54,18.7
squat.mp4,50,136.71,171.13,13.85,15.81
squat.mp4,60,136.13,167.01,17.33,16.49
squat.mp4,70,141.9,153.82,23.33,59.41
squat.mp4,90,148.58,154.07,33.01,34.56
squat.mp4,100,105.04,152.49,29.99,69.44
squat.mp4,110,153.66,163.36,26.95,29.08
squat.mp4,120,117.16,166.95,85.16,43.85
squat.mp4,130,150.0,167.91,27.03,29.84
squat.mp4,140,169.06,172.97,32.86,37.08
squat.mp4,150,145.63,163.07,32.51,61.01
squat.mp4,160,129.2,156.27,86.79,99.22
squat.mp4,170,134.02,167.36,18.4,19.04
squat.mp4,190,114.81,133.8,62.0,59.1
squat.mp4,200,132.17,125.86,65.0,71.53
squat.mp4,210,133.79,144.18,49.48,64.84
squat.mp4,220,119.27,128.85,56.45,53.65
squat.mp4,230,120.09,142.4,90.0,86.87
squat.mp4,240,129.67,149.99,106.34,96.27
squat.mp4,250,122.88,138.29,120.2,104.16
squat.mp4,260,99.94,128.83,111.71,99.99
squat.mp4,270,89.66,134.82,104.62,95.86
squat.mp4,280,110.65,131.55,98.44,90.02
squat.mp4,290,118.96,126.91,102.76,94.99
squat.mp4,300,127.56,125.69,87.8,75.69
squat.mp4,310,122.44,134.4,75.94,76.1
squat.mp4,320,104.83,138.44,40.41,63.2
squat.mp4,330,86.58,142.57,32.18,70.52
squat.mp4,340,99.57,133.21,22.61,53.97
squat.mp4,350,123.18,136.28,47.45,55.39
squat.mp4,360,129.83,128.58,52.86,51.94
squat.mp4,370,126.54,128.12,52.95,50.46
squat.mp4,380,120.7,128.17,47.01,55.82
squat.mp4,390,128.41,128.96,55.95,52.06
squat.mp4,400,128.56,129.4,55.07,53.75
squat.mp4,410,127.8,127.83,54.88,54.34
squat.mp4,420,131.53,135.06,81.53,76.79
squat.mp4,430,126.88,133.81,99.24,103.24
squat.mp4,440,119.74,120.15,97.62,101.56
squat.mp4,450,118.71,102.71,97.65,89.8
squat.mp4,460,123.76,107.87,103.68,95.72
squat.mp4,470,118.84,106.1,95.06,93.36
squat.mp4,480,128.69,127.1,110.38,106.96
squat.mp4,490,118.57,139.86,85.07,101.42
squat.mp4,500,130.74,138.44,87.31,89.36
squat.mp4,510,123.0,129.29,53.75,55.23
squat.mp4,520,128.06,130.6,65.19,60.86
squat.mp4,530,114.89,128.47,45.42,53.24
squat.mp4,540,122.32,128.07,54.58,53.36
squat.mp4,550,116.07,126.1,45.98,53.58
squat.mp4,560,122.52,127.63,51.25,52.4
squat.mp4,570,123.62,129.29,63.32,64.9
squat.mp4,580,125.06,137.87,81.85,83.29
squat.mp4,590,123.09,127.03,102.73,104.12
squat.mp4,600,118.81,90.0,99.91,84.59
squat.mp4,610,117.37,118.7,100.63,105.98
squat.mp4,620,95.6,113.4,71.04,94.87
squat.mp4,630,118.12,99.22,100.33,92.44
squat.mp4,640,125.17,111.62,106.1,97.48
squat.mp4,650,129.22,131.8,105.4,101.08
squat.mp4,660,130.62,136.06,84.61,81.31
squat.mp4,670,128.34,130.42,65.95,60.64
squat.mp4,680,131.45,129.95,66.74,58.66
squat.mp4,690,126.6,131.48,68.55,66.74
squat.mp4,700,124.24,127.36,55.36,55.01
squat.mp4,710,129.31,131.67,67.96,62.52
squat.mp4,720,126.22,130.88,58.56,59.63
squat.mp4,730,126.02,132.32,62.23,61.37
squat.mp4,740,131.16,129.35,67.62,60.99
squat.mp4,750,131.07,131.37,99.65,89.4
squat.mp4,760,126.81,134.75,100.79,102.8
squat.mp4,770,130.46,113.86,110.47,97.07
squat.mp4,780,132.92,113.29,115.1,100.38
squat.mp4,790,118.33,110.22,96.46,97.64
squat.mp4,800,128.81,107.54,109.75,96.15
squat.mp4,810,130.88,99.99,113.64,90.78
squat.mp4,820,129.14,136.47,110.9,114.15
squat.mp4,830,132.05,136.35,92.78,86.46
squat.mp4,840,132.66,131.8,74.93,66.22
squat.mp4,850,126.0,127.18,56.0,57.63
squat.mp4,860,127.38,133.01,64.18,65.59
squat.mp4,870,126.26,130.38,62.95,60.74
squat.mp4,880,127.34,134.48,72.87,72.16
squat.mp4,890,130.03,130.73,67.32,60.1
squat.mp4,900,124.52,131.2,61.07,62.18
squat.mp4,910,129.28,128.91,59.77,54.76
squat.mp4,920,134.01,134.49,99.55,92.89
squat.mp4,930,125.43,128.13,108.27,109.25
squat.mp4,940,129.87,118.05,112.76,105.73
squat.mp4,950,121.73,111.87,107.07,101.81
squat.mp4,960,129.33,116.09,109.21,100.99
squat.mp4,970,116.81,113.59,93.14,99.06
squat.mp4,980,127.14,125.73,107.44,105.26
squat.mp4,990,121.62,121.86,95.65,97.85
squat.mp4,1000,121.12,137.1,92.19,99.36
squat.mp4,1010,129.64,136.35,86.87,85.16
squat.mp4,1020,127.65,131.38,64.26,61.48
squat.mp4,1030,128.55,127.45,62.57,56.68
squat.mp4,1040,123.0,129.61,57.76,61.94
squat.mp4,1050,124.33,133.24,65.94,68.53
squat.mp4,1060,127.43,130.46,63.57,59.87
squat.mp4,1070,125.69,126.63,55.04,55.39
squat.mp4,1080,130.41,127.01,58.94,49.85
squat.mp4,1090,131.84,132.31,97.61,93.61
squat.mp4,1100,124.86,137.48,96.23,103.33
squat.mp4,1110,118.44,111.73,100.62,101.88
squat.mp4,1120,123.56,119.13,111.16,110.86
squat.mp4,1130,118.63,75.65,101.47,78.31
squat.mp4,1140,114.59,123.99,96.15,109.56
squat.mp4,1150,130.93,112.76,108.31,95.84
squat.mp4,1160,113.6,123.6,84.65,96.1
squat.mp4,1170,127.94,135.41,89.84,88.9
squat.mp4,1180,131.69,134.05,81.15,74.31
squat.mp4,1190,127.52,124.77,55.51,48.81
squat.mp4,1200,114.38,128.78,50.05,60.02
squat.mp4,1210,126.59,131.09,71.63,68.81
squat.mp4,1220,128.77,129.61,63.03,56.75
squat.mp4,1230,111.68,124.21,46.24,54.99
squat.mp4,1240,123.69,127.15,55.2,55.24
squat.mp4,1250,127.05,128.61,59.16,57.33
squat.mp4,1260,130.31,131.74,68.16,64.07
squat.mp4,1270,126.96,135.75,99.99,107.44
squat.mp4,1280,129.99,121.69,112.92,104.34
squat.mp4,1290,125.3,123.87,109.12,108.38
squat.mp4,1300,133.48,112.96,116.71,101.11
squat.mp4,1310,84.65,125.88,72.38,112.24
squat.mp4,1320,94.43,108.82,76.75,100.16
squat.mp4,1330,77.55,97.93,57.52,88.48
squat.mp4,1340,118.84,139.93,96.84,114.05
squat.mp4,1350,127.99,134.02,74.94,74.52
squat.mp4,1360,112.34,127.63,45.86,58.72
squat.mp4,1370,129.95,126.32,71.9,60.39
squat.mp4,1380,127.64,124.65,75.0,64.55
squat.mp4,1390,118.03,121.68,89.12,89.91
squat.mp4,1400,63.93,103.02,94.55,101.17
squat.mp4,1410,98.12,134.26,112.02,95.23
squat.mp4,1420,127.43,109.35,120.27,116.65
squat.mp4,1430,138.36,112.99,125.12,118.0
squat.mp4,1440,108.92,133.76,123.84,94.43
squat.mp4,1450,117.14,133.72,93.4,83.06
squat.mp4,1460,120.12,131.22,45.18,61.58
squat.mp4,1470,138.23,137.58,43.35,67.42
squat.mp4,1480,146.21,124.45,49.88,50.44
squat.mp4,1490,142.54,123.97,44.22,36.63
squat.mp4,1500,135.0,137.89,61.28,71.17
squat.mp4,1510,131.07,154.59,40.96,51.49
squat.mp4,1520,125.41,169.22,32.1,47.36
squat.mp4,1530,125.35,150.41,30.19,44.21
squat.mp4,1540,132.32,173.94,31.39,43.62
squat.mp4,1550,64.61,115.83,83.26,47.65
squat.mp4,1560,153.22,166.97,33.56,53.62
squat.mp4,1570,153.62,166.82,22.24,28.57
squat.mp4,1580,117.48,153.54,28.17,42.45
squat.mp4,1590,152.74,159.47,37.44,38.83
squat.mp4,1600,124.48,160.95,31.43,49.02
squat.mp4,1610,93.84,160.36,36.77,75.96
squat.mp4,1620,121.73,173.54,33.95,51.1
squat.mp4,1630,141.89,159.49,35.66,35.97
squat.mp4,1640,147.31,163.17,37.28,23.01
squat.mp4,1650,142.01,167.94,25.94,19.49
squat.mp4,1660,139.43,163.82,15.49,21.23
squat.mp4,1670,139.45,165.88,16.14,20.45
squat.mp4,1680,138.17,167.79,19.41,19.43
squat.mp4,1690,138.1,170.56,21.03,16.49
squat.mp4,1700,143.74,173.15,20.61,15.26
squat.mp4,1710,139.68,173.38,20.15,15.84
squat.mp4,1720,140.11,173.23,19.8,16.88
squat.mp4,1730,138.48,172.98,20.22,16.13
standing_ab_twists.mp4,10,80.32,119.85,23.16,28.29
standing_ab_twists.mp4,20,82.4,124.59,23.65,29.24
standing_ab_twists.mp4,30,81.0,125.04,24.09,29.5
standing_ab_twists.mp4,40,81.39,120.95,19.92,29.28
standing_ab_twists.mp4,50,81.68,121.75,21.39,29.61
standing_ab_twists.mp4,60,82.27,121.75,22.29,28.87
standing_ab_twists.mp4,70,81.22,124.07,23.76,30.26
standing_ab_twists.mp4,80,77.68,125.12,28.02,35.45
standing_ab_twists.mp4,90,67.07,136.03,43.21,60.82
standing_ab_twists.mp4,100,113.15,145.47,103.76,53.83
standing_ab_twists.mp4,110,140.32,156.66,128.99,54.78
standing_ab_twists.mp4,120,156.9,149.36,100.73,55.15
standing_ab_twists.mp4,130,161.75,114.34,93.57,73.04
standing_ab_twists.mp4,140,142.64,83.46,65.35,42.33
standing_ab_twists.mp4,150,145.58,102.07,86.25,72.72
standing_ab_twists.mp4,160,159.25,112.37,102.57,80.31
standing_ab_twists.mp4,170,156.62,145.31,114.24,37.44
standing_ab_twists.mp4,180,125.61,146.64,109.56,34.35
standing_ab_twists.mp4,190,127.73,152.13,48.59,37.55
standing_ab_twists.mp4,200,74.25,151.35,27.35,48.3
standing_ab_twists.mp4,210,70.8,128.64,46.53,37.07
standing_ab_twists.mp4,220,72.57,148.44,56.55,95.88
standing_ab_twists.mp4,230,102.77,173.09,84.05,122.67
standing_ab_twists.mp4,240,151.57,161.56,90.79,115.76
standing_ab_twists.mp4,250,119.55,55.49,69.45,103.09
standing_ab_twists.mp4,260,123.53,92.99,42.44,68.36
standing_ab_twists.mp4,270,119.88,116.39,40.09,62.58
standing_ab_twists.mp4,280,136.34,141.7,96.79,102.1
standing_ab_twists.mp4,290,153.92,168.37,84.15,119.68
standing_ab_twists.mp4,300,100.53,163.32,65.27,104.36
standing_ab_twists.mp4,310,94.86,147.25,19.57,77.16
standing_ab_twists.mp4,320,133.3,150.39,70.67,67.51
standing_ab_twists.mp4,330,145.82,141.79,113.84,43.2
standing_ab_twists.mp4,340,148.75,140.64,121.42,33.6
standing_ab_twists.mp4,350,172.65,148.03,112.3,20.43
standing_ab_twists.mp4,360,146.2,169.86,96.41,105.57
standing_ab_twists.mp4,370,151.22,164.32,85.98,108.43
standing_ab_twists.mp4,380,144.55,136.7,84.48,103.48
standing_ab_twists.mp4,390,157.66,86.71,99.94,83.25
standing_ab_twists.mp4,400,161.32,151.73,97.31,32.53
standing_ab_twists.mp4,410,129.54,149.81,109.46,46.13
standing_ab_twists.mp4,420,121.41,153.6,91.87,58.84
standing_ab_twists.mp4,430,54.64,142.9,58.95,51.1
standing_ab_twists.mp4,440,75.07,159.47,29.83,35.01
standing_ab_twists.mp4,450,77.79,148.02,53.64,84.5
standing_ab_twists.mp4,460,141.12,165.24,67.48,126.34
standing_ab_twists.mp4,470,95.03,163.34,68.66,115.16
standing_ab_twists.mp4,480,130.85,66.97,94.15,81.08
standing_ab_twists.mp4,490,132.9,82.9,49.72,77.63
standing_ab_twists.mp4,500,143.86,75.42,54.33,80.93
standing_ab_twists.mp4,510,135.41,100.19,43.42,67.65
standing_ab_twists.mp4,520,162.25,86.05,111.05,110.58
standing_ab_twists.mp4,530,98.35,169.63,74.17,117.54
standing_ab_twists.mp4,540,91.36,150.67,46.79,109.88
standing_ab_twists.mp4,550,93.14,140.59,29.94,92.83
standing_ab_twists.mp4,560,77.91,132.17,42.31,58.05
standing_ab_twists.mp4,570,82.11,114.3,13.57,26.09
standing_ab_twists.mp4,580,68.61,134.16,40.75,45.49
standing_ab_twists.mp4,590,138.49,142.15,96.25,42.31
standing_ab_twists.mp4,600,153.33,149.08,123.62,33.53
standing_ab_twists.mp4,610,156.67,154.61,102.73,82.78
standing_ab_twists.mp4,620,142.06,41.26,91.45,73.02
standing_ab_twists.mp4,630,142.23,82.92,86.6,11.0
standing_ab_twists.mp4,640,142.67,32.24,87.97,34.07
standing_ab_twists.mp4,650,169.3,122.19,108.81,37.18
standing_ab_twists.mp4,660,150.96,149.15,104.83,26.72
standing_ab_twists.mp4,670,128.08,142.27,102.36,37.76
standing_ab_twists.mp4,680,132.96,147.24,51.46,46.8
standing_ab_twists.mp4,690,75.74,138.1,24.79,44.94
standing_ab_twists.mp4,700,76.56,165.52,36.6,27.48
standing_ab_twists.mp4,710,72.58,157.89,64.23,83.06
standing_ab_twists.mp4,720,133.54,137.99,79.71,119.31
standing_ab_twists.mp4,730,162.53,167.57,87.14,124.01
standing_ab_twists.mp4,740,147.31,71.19,111.02,112.42
standing_ab_twists.mp4,750,130.94,85.01,47.72,88.74
standing_ab_twists.mp4,760,137.36,67.17,50.67,87.23
standing_ab_twists.mp4,770,144.25,85.28,42.71,82.94
standing_ab_twists.mp4,780,130.98,60.5,106.01,110.18
standing_ab_twists.mp4,790,96.68,160.54,69.69,125.15
standing_ab_twists.mp4,800,86.62,158.04,42.06,106.01
standing_ab_twists.mp4,810,89.5,140.37,32.03,85.12
standing_ab_twists.mp4,820,90.01,129.77,37.46,41.06
standing_ab_twists.mp4,830,80.15,105.13,13.87,22.92
standing_ab_twists.mp4,840,82.33,130.39,40.46,49.39
standing_ab_twists.mp4,850,146.58,132.83,106.47,40.23
standing_ab_twists.mp4,860,160.79,145.53,125.26,28.7
standing_ab_twists.mp4,870,160.58,141.96,114.86,84.69
standing_ab_twists.mp4,880,145.86,65.88,78.71,10.7
standing_ab_twists.mp4,890,132.87,26.4,85.05,62.09
standing_ab_twists.mp4,900,135.26,63.15,84.84,80.99
standing_ab_twists.mp4,910,167.6,107.73,107.43,57.56
standing_ab_twists.mp4,920,155.05,137.14,113.83,28.24
standing_ab_twists.mp4,930,136.63,136.16,116.6,42.46
standing_ab_twists.mp4,940,124.99,145.22,70.21,57.82
standing_ab_twists.mp4,950,69.42,133.69,38.82,41.08
standing_ab_twists.mp4,960,70.82,132.34,50.21,25.38
standing_ab_twists.mp4,970,78.47,147.84,51.84,82.36
standing_ab_twists.mp4,980,149.47,165.79,79.23,125.34
standing_ab_twists.mp4,990,104.06,152.99,70.32,116.58
standing_ab_twists.mp4,1000,135.64,116.38,42.29,66.22
standing_ab_twists.mp4,1010,149.15,84.43,49.84,72.9
standing_ab_twists.mp4,1020,148.32,89.36,53.41,72.0
standing_ab_twists.mp4,1030,141.07,139.49,41.05,73.05
standing_ab_twists.mp4,1040,104.42,158.86,73.48,108.3
standing_ab_twists.mp4,1050,159.1,170.23,82.23,119.41
standing_ab_twists.mp4,1060,89.32,141.18,44.65,95.53
standing_ab_twists.mp4,1070,96.06,143.71,22.16,83.19
standing_ab_twists.mp4,1080,84.35,100.72,12.02,19.54
standing_ab_twists.mp4,1090,73.34,116.43,24.2,32.08
standing_ab_twists.mp4,1100,133.3,144.59,85.07,65.31
standing_ab_twists.mp4,1110,147.22,140.6,114.93,34.68
standing_ab_twists.mp4,1120,165.78,118.81,118.34,50.9
standing_ab_twists.mp4,1130,148.41,110.6,82.8,11.2
standing_ab_twists.mp4,1140,147.54,102.08,87.41,92.32
standing_ab_twists.mp4,1150,150.46,103.27,79.04,98.29
standing_ab_twists.mp4,1160,142.78,141.75,85.51,107.9
standing_ab_twists.mp4,1170,165.09,121.27,113.19,30.35
standing_ab_twists.mp4,1180,143.89,159.36,100.1,28.59
standing_ab_twists.mp4,1190,114.05,152.74,78.97,35.8
standing_ab_twists.mp4,1200,60.8,147.03,65.73,45.23
standing_ab_twists.mp4,1210,84.9,153.38,35.25,46.14
standing_ab_twists.mp4,1220,75.69,159.03,34.82,28.84
standing_ab_twists.mp4,1230,80.42,144.01,41.59,77.05
standing_ab_twists.mp4,1240,100.04,157.76,76.88,113.37
standing_ab_twists.mp4,1250,102.23,154.8,69.51,106.0
standing_ab_twists.mp4,1260,39.62,122.05,91.84,40.57
standing_ab_twists.mp4,1270,153.51,78.9,53.67,76.05
standing_ab_twists.mp4,1280,151.03,75.54,48.77,75.97
standing_ab_twists.mp4,1290,150.85,31.17,113.07,62.37
standing_ab_twists.mp4,1300,90.97,154.57,66.17,113.38
standing_ab_twists.mp4,1310,105.0,139.12,76.31,107.2
standing_ab_twists.mp4,1320,92.66,141.98,36.3,87.8
standing_ab_twists.mp4,1330,91.78,155.9,37.69,71.08
standing_ab_twists.mp4,1340,81.9,112.35,15.68,22.49
standing_ab_twists.mp4,1350,80.3,117.22,21.39,28.01
standing_ab_twists.mp4,1360,86.65,139.69,51.36,62.68
standing_ab_twists.mp4,1370,149.8,141.5,115.05,39.04
standing_ab_twists.mp4,1380,166.94,136.0,119.16,72.1
standing_ab_twists.mp4,1390,145.51,123.1,84.95,99.0
standing_ab_twists.mp4,1400,146.66,145.46,94.31,76.19
standing_ab_twists.mp4,1410,147.23,85.1,97.46,66.11
standing_ab_twists.mp4,1420,154.29,124.26,102.68,79.6
standing_ab_twists.mp4,1430,151.49,171.95,95.76,26.8
standing_ab_twists.mp4,1440,125.08,151.06,105.3,36.06
standing_ab_twists.mp4,1450,90.29,149.67,62.46,48.81
standing_ab_twists.mp4,1460,68.29,136.91,41.93,44.8
standing_ab_twists.mp4,1470,80.7,149.32,24.22,29.6
standing_ab_twists.mp4,1480,81.58,125.54,75.95,29.67
standing_ab_twists.mp4,1490,84.51,146.67,62.86,107.65
standing_ab_twists.mp4,1500,95.3,167.82,73.44,130.54
standing_ab_twists.mp4,1510,135.4,49.61,77.41,93.62
standing_ab_twists.mp4,1520,146.28,83.31,45.47,82.86
standing_ab_twists.mp4,1530,147.53,102.07,49.3,76.47
standing_ab_twists.mp4,1540,144.35,92.95,45.86,75.12
standing_ab_twists.mp4,1550,164.24,69.03,108.95,110.6
standing_ab_twists.mp4,1560,77.0,128.95,71.86,130.39
standing_ab_twists.mp4,1570,88.29,140.64,48.03,100.4
standing_ab_twists.mp4,1580,102.95,157.36,22.2,82.52
standing_ab_twists.mp4,1590,80.54,119.42,22.68,29.67
standing_ab_twists.mp4,1600,79.38,125.79,22.9,34.42
standing_ab_twists.mp4,1610,66.31,128.53,40.43,49.65
standing_ab_twists.mp4,1620,147.18,129.21,127.76,42.73
standing_ab_twists.mp4,1630,168.41,103.86,118.43,68.54
standing_ab_twists.mp4,1640,136.31,73.79,91.72,85.82
standing_ab_twists.mp4,1650,137.64,110.46,82.49,95.12
standing_ab_twists.mp4,1660,142.23,116.69,91.1,92.25
standing_ab_twists.mp4,1670,165.63,97.06,94.33,73.03
standing_ab_twists.mp4,1680,146.78,154.82,115.38,26.45
standing_ab_twists.mp4,1690,87.66,155.78,113.16,35.17
standing_ab_twists.mp4,1700,69.72,148.35,71.84,42.63
standing_ab_twists.mp4,1710,63.22,145.28,51.87,44.44
standing_ab_twists.mp4,1720,80.88,140.69,32.87,40.43
standing_ab_twists.mp4,1730,83.95,138.48,27.96,34.88
standing_ab_twists.mp4,1740,84.53,125.71,26.57,27.58
standing_ab_twists.mp4,1750,82.95,121.09,25.06,28.78
standing_ab_twists.mp4,1760,84.15,121.11,20.67,30.0
standing_ab_twists.mp4,1770,85.69,125.06,21.74,29.89
standing_ab_twists.mp4,1780,86.09,130.61,27.39,30.93
standing_ab_twists.mp4,1790,86.54,126.33,23.57,28.88
walk_the_box.mp4,10,160.34,138.32,30.96,23.62
walk_the_box.mp4,20,158.35,135.77,25.84,20.52
walk_the_box.mp4,30,155.58,136.45,26.19,19.93
walk_the_box.mp4,40,160.09,137.29,26.96,21.52
walk_the_box.mp4,50,157.69,135.27,25.91,20.22
walk_the_box.mp4,60,154.37,134.28,19.66,21.98
walk_the_box.mp4,70,122.64,119.61,46.45,33.51
walk_the_box.mp4,80,139.29,100.14,101.29,67.35
walk_the_box.mp4,90,146.48,99.0,124.76,91.35
walk_the_box.mp4,100,142.43,124.31,124.16,115.92
walk_the_box.mp4,110,144.53,106.4,120.2,95.88
walk_the_box.mp4,120,138.07,42.22,120.84,66.16
walk_the_box.mp4,130,148.95,142.52,126.99,127.72
walk_the_box.mp4,140,146.73,134.96,124.02,125.5
walk_the_box.mp4,150,141.01,136.28,123.71,130.1
walk_the_box.mp4,160,141.13,128.8,127.7,125.46
walk_the_box.mp4,170,151.18,136.1,127.03,120.25
walk_the_box.mp4,180,150.72,124.04,127.03,110.45
walk_the_box.mp4,190,140.87,104.49,121.78,107.61
walk_the_box.mp4,200,141.38,96.76,119.17,101.05
walk_the_box.mp4,210,149.03,125.31,126.41,118.75
walk_the_box.mp4,220,146.39,95.49,122.47,105.37
walk_the_box.mp4,230,151.83,132.78,126.94,123.92
walk_the_box.mp4,240,144.14,113.32,123.71,112.85
walk_the_box.mp4,250,146.14,118.24,120.0,115.81
walk_the_box.mp4,260,146.64,137.04,123.5,123.91
walk_the_box.mp4,270,148.39,123.66,125.72,119.42
walk_the_box.mp4,280,151.48,132.51,129.11,126.3
walk_the_box.mp4,290,149.39,130.02,124.26,121.86
walk_the_box.mp4,300,149.91,130.11,118.06,119.2
walk_the_box.mp4,310,147.14,120.09,115.42,116.7
walk_the_box.mp4,320,149.52,127.24,124.04,121.57
walk_the_box.mp4,330,147.16,126.04,114.04,115.88
walk_the_box.mp4,340,147.09,110.01,117.62,107.89
walk_the_box.mp4,350,146.05,98.71,118.76,101.47
walk_the_box.mp4,360,148.88,121.79,115.44,118.08
walk_the_box.mp4,370,150.97,128.9,116.17,119.39
walk_the_box.mp4,380,150.66,129.15,116.48,120.19
walk_the_box.mp4,390,151.26,120.74,117.75,115.06
walk_the_box.mp4,400,150.67,129.52,119.54,118.09
walk_the_box.mp4,410,153.55,132.16,122.68,121.9
walk_the_box.mp4,420,150.87,127.76,116.14,117.3
walk_the_box.mp4,430,149.61,126.91,111.38,115.7
walk_the_box.mp4,440,151.92,125.06,117.07,115.6
walk_the_box.mp4,450,152.59,121.18,112.23,109.96
walk_the_box.mp4,460,153.15,118.29,107.9,103.15
walk_the_box.mp4,470,152.2,126.85,109.35,110.68
walk_the_box.mp4,480,152.91,125.63,105.34,105.62
walk_the_box.mp4,490,149.25,126.04,115.63,118.14
walk_the_box.mp4,500,145.38,122.32,107.37,112.98
walk_the_box.mp4,510,146.54,112.38,112.37,112.85
walk_the_box.mp4,520,146.97,113.98,116.66,110.08
walk_the_box.mp4,530,150.51,120.94,114.42,115.52
walk_the_box.mp4,540,149.51,129.56,114.89,120.91
walk_the_box.mp4,550,145.07,125.12,115.84,125.04
walk_the_box.mp4,560,146.99,109.77,119.55,111.3
walk_the_box.mp4,570,142.11,109.96,119.38,110.54
walk_the_box.mp4,580,145.18,108.81,118.4,107.03
walk_the_box.mp4,590,147.07,92.47,126.19,94.42
walk_the_box.mp4,600,143.26,58.96,120.66,72.71
walk_the_box.mp4,610,142.92,94.39,124.39,94.84
walk_the_box.mp4,620,149.19,124.97,131.24,115.43
walk_the_box.mp4,630,153.13,132.5,136.33,118.94
walk_the_box.mp4,640,146.05,125.21,128.1,117.36
walk_the_box.mp4,650,147.55,131.54,123.18,114.31
walk_the_box.mp4,660,145.15,135.17,127.94,122.54
walk_the_box.mp4,670,150.95,129.75,129.05,110.5
walk_the_box.mp4,680,145.15,132.0,128.12,115.32
walk_the_box.mp4,690,149.44,122.63,125.89,99.41
walk_the_box.mp4,700,151.23,134.53,131.26,111.94
walk_the_box.mp4,710,150.57,125.01,132.73,104.66
walk_the_box.mp4,720,152.4,119.57,130.32,106.87
walk_the_box.mp4,730,143.69,90.78,122.28,83.3
walk_the_box.mp4,740,143.29,91.15,119.12,77.6
walk_the_box.mp4,750,145.51,107.0,124.8,95.96
walk_the_box.mp4,760,147.19,123.38,128.4,110.31
walk_the_box.mp4,770,142.92,128.03,121.51,114.69
walk_the_box.mp4,780,147.01,123.77,122.7,104.75
walk_the_box.mp4,790,142.55,118.91,127.75,109.34
walk_the_box.mp4,800,148.63,111.03,129.62,100.62
walk_the_box.mp4,810,138.6,112.52,111.2,92.04
walk_the_box.mp4,820,135.56,114.72,112.26,92.0
walk_the_box.mp4,830,142.08,134.59,128.66,120.0
walk_the_box.mp4,840,148.18,125.78,124.09,104.81
walk_the_box.mp4,850,137.59,122.09,121.53,107.44
walk_the_box.mp4,860,137.26,123.15,119.42,103.66
walk_the_box.mp4,870,138.08,116.96,119.92,97.65
walk_the_box.mp4,880,141.02,106.83,118.92,93.25
walk_the_box.mp4,890,142.83,109.8,122.56,93.91
walk_the_box.mp4,900,144.32,121.4,125.5,107.1
walk_the_box.mp4,910,143.54,119.51,124.0,106.64
walk_the_box.mp4,920,149.59,95.05,130.37,91.18
walk_the_box.mp4,930,150.2,105.65,133.2,97.02
walk_the_box.mp4,940,149.58,103.46,124.34,88.55
walk_the_box.mp4,950,145.0,117.23,120.26,102.67
walk_the_box.mp4,960,147.01,102.79,118.63,91.27
walk_the_box.mp4,970,140.28,78.91,117.64,81.14
walk_the_box.mp4,980,150.59,122.1,132.11,114.96
walk_the_box.mp4,990,152.13,98.77,130.43,89.78
walk_the_box.mp4,1000,151.44,116.65,132.72,104.78
walk_the_box.mp4,1010,158.24,130.45,140.96,119.93
walk_the_box.mp4,1020,155.7,114.56,135.55,104.36
walk_the_box.mp4,1030,153.63,122.05,132.01,108.87
walk_the_box.mp4,1040,150.26,92.39,132.47,92.44
walk_the_box.mp4,1050,152.69,104.61,135.54,102.63
walk_the_box.mp4,1060,156.39,122.63,137.0,110.51
walk_the_box.mp4,1070,155.25,127.01,127.35,116.8
walk_the_box.mp4,1080,155.87,114.88,134.12,107.51
walk_the_box.mp4,1090,153.68,133.61,130.85,118.79
walk_the_box.mp4,1100,150.1,127.71,125.52,116.86
walk_the_box.mp4,1110,151.34,124.82,124.51,117.23
walk_the_box.mp4,1120,150.89,127.76,119.75,116.54
walk_the_box.mp4,1130,154.17,129.75,127.52,117.69
walk_the_box.mp4,1140,151.58,128.66,120.77,116.18
walk_the_box.mp4,1150,149.19,129.03,120.21,122.59
walk_the_box.mp4,1160,148.71,127.8,117.52,114.94
walk_the_box.mp4,1170,148.51,124.77,114.88,115.13
walk_the_box.mp4,1180,147.73,114.93,119.59,113.25
walk_the_box.mp4,1190,152.44,126.14,118.52,111.94
walk_the_box.mp4,1200,150.47,122.71,119.47,116.67
walk_the_box.mp4,1210,150.8,123.89,116.83,114.42
walk_the_box.mp4,1220,154.13,119.58,111.1,114.16
walk_the_box.mp4,1230,150.09,124.35,115.38,116.85
walk_the_box.mp4,1240,150.28,124.61,112.03,113.62
walk_the_box.mp4,1250,147.98,119.96,113.71,116.39
walk_the_box.mp4,1260,151.2,125.18,121.4,117.61
walk_the_box.mp4,1270,150.83,127.23,117.93,118.38
walk_the_box.mp4,1280,149.57,125.8,104.91,108.55
walk_the_box.mp4,1290,153.42,129.05,110.16,109.3
walk_the_box.mp4,1300,152.19,128.51,102.92,115.54
walk_the_box.mp4,1310,152.39,127.87,115.68,117.0
walk_the_box.mp4,1320,150.98,124.82,109.54,102.99
walk_the_box.mp4,1330,150.4,126.97,110.47,113.65
walk_the_box.mp4,1340,151.55,129.87,111.12,108.7
walk_the_box.mp4,1350,152.33,124.34,114.78,104.6
walk_the_box.mp4,1360,150.39,122.54,114.06,102.49
walk_the_box.mp4,1370,150.49,128.32,107.63,107.52
walk_the_box.mp4,1380,153.83,130.03,96.67,108.83
walk_the_box.mp4,1390,152.8,104.42,100.63,94.81
walk_the_box.mp4,1400,153.14,119.95,122.81,110.93
walk_the_box.mp4,1410,149.96,118.74,119.83,113.75
walk_the_box.mp4,1420,147.71,111.93,117.77,105.16
walk_the_box.mp4,1430,149.91,115.32,120.88,108.36
walk_the_box.mp4,1440,153.9,123.5,112.58,118.39
walk_the_box.mp4,1450,147.64,122.55,118.46,114.62
walk_the_box.mp4,1460,149.99,118.01,122.19,111.82
walk_the_box.mp4,1470,145.94,105.69,124.65,102.47
walk_the_box.mp4,1480,141.55,84.89,122.75,92.11
walk_the_box.mp4,1490,149.46,116.91,132.88,108.39
walk_the_box.mp4,1500,151.19,120.88,127.61,106.76
walk_the_box.mp4,1510,149.11,100.68,121.87,95.5
walk_the_box.mp4,1520,146.51,122.06,124.72,113.43
walk_the_box.mp4,1530,150.41,121.39,135.8,111.53
walk_the_box.mp4,1540,141.17,109.61,120.77,102.74
walk_the_box.mp4,1550,141.6,121.97,112.34,100.84
walk_the_box.mp4,1560,146.24,120.59,128.44,109.68
walk_the_box.mp4,1570,143.26,94.35,126.75,94.36
walk_the_box.mp4,1580,140.71,87.88,119.13,86.33
walk_the_box.mp4,1590,131.06,108.4,111.78,94.56
walk_the_box.mp4,1600,139.06,105.58,117.47,92.7
walk_the_box.mp4,1610,145.36,128.83,120.36,108.48
walk_the_box.mp4,1620,131.04,121.54,119.15,111.51
walk_the_box.mp4,1630,126.81,126.6,118.14,114.71
walk_the_box.mp4,1640,134.34,129.89,121.82,119.69
walk_the_box.mp4,1650,139.67,128.64,120.05,112.49
walk_the_box.mp4,1660,134.38,110.77,117.99,100.4
walk_the_box.mp4,1670,126.48,112.43,116.67,100.88
walk_the_box.mp4,1680,132.64,124.08,115.67,105.55
walk_the_box.mp4,1690,136.63,117.93,111.55,91.11
walk_the_box.mp4,1700,134.61,135.35,113.58,108.05
walk_the_box.mp4,1710,124.7,127.47,107.62,108.74
walk_the_box.mp4,1720,129.18,122.87,115.84,106.71
walk_the_box.mp4,1730,133.75,114.69,120.66,102.79
walk_the_box.mp4,1740,134.94,118.26,114.46,98.1
walk_the_box.mp4,1750,131.47,118.99,119.37,107.5
walk_the_box.mp4,1760,133.92,129.91,124.14,117.23
walk_the_box.mp4,1770,131.89,102.05,119.3,92.91
walk_the_box.mp4,1780,134.31,124.12,120.11,111.9
walk_the_box.mp4,1790,134.18,116.84,124.07,110.34
walk_the_box.mp4,1800,136.57,127.05,122.05,116.13
walk_the_box.mp4,1810,129.71,118.93,114.05,106.42
walk_the_box.mp4,1820,134.91,125.34,115.68,108.57
walk_the_box.mp4,1830,139.73,114.82,124.17,109.14
walk_the_box.mp4,1840,140.74,72.64,119.85,79.83
walk_the_box.mp4,1850,143.1,73.43,126.24,80.44
walk_the_box.mp4,1860,144.26,81.9,125.84,82.09
walk_the_box.mp4,1870,146.59,109.59,124.52,99.69
walk_the_box.mp4,1880,144.25,100.14,127.29,98.12
walk_the_box.mp4,1890,149.77,103.52,132.16,102.55
walk_the_box.mp4,1900,147.85,95.45,127.4,97.41
walk_the_box.mp4,1910,147.72,119.63,130.74,113.72
walk_the_box.mp4,1920,158.78,134.94,139.17,117.41
walk_the_box.mp4,1930,155.26,128.69,134.7,109.92
walk_the_box.mp4,1940,152.77,120.46,120.05,115.97
walk_the_box.mp4,1950,155.92,134.22,127.83,119.46
walk_the_box.mp4,1960,157.19,128.37,124.54,117.72
walk_the_box.mp4,1970,152.54,101.03,126.35,98.89
walk_the_box.mp4,1980,153.28,123.66,129.29,114.39
walk_the_box.mp4,1990,155.47,129.5,124.08,117.02
walk_the_box.mp4,2000,155.64,131.89,128.57,122.8
walk_the_box.mp4,2010,150.93,113.16,120.84,105.29
walk_the_box.mp4,2020,149.78,125.21,118.26,111.87
walk_the_box.mp4,2030,147.52,122.02,113.3,110.23
walk_the_box.mp4,2040,145.63,120.54,116.86,114.75
walk_the_box.mp4,2050,143.91,87.7,118.99,95.1
walk_the_box.mp4,2060,144.39,56.35,114.89,72.7
walk_the_box.mp4,2070,147.29,87.88,118.56,91.62
walk_the_box.mp4,2080,150.28,105.0,118.96,103.89
walk_the_box.mp4,2090,148.29,104.89,122.6,103.59
walk_the_box.mp4,2100,152.38,92.45,122.03,95.58
walk_the_box.mp4,2110,150.54,86.26,114.38,93.12
walk_the_box.mp4,2120,156.37,107.15,115.78,104.31
walk_the_box.mp4,2130,150.97,112.01,116.27,109.03
walk_the_box.mp4,2140,146.71,110.18,103.19,101.95
walk_the_box.mp4,2150,145.22,105.86,118.08,105.89
walk_the_box.mp4,2160,142.0,114.77,121.84,110.92
walk_the_box.mp4,2170,146.82,102.8,127.2,98.98
walk_the_box.mp4,2180,145.29,95.05,122.66,99.23
walk_the_box.mp4,2190,151.63,110.11,127.4,100.9
walk_the_box.mp4,2200,144.76,88.25,123.65,91.12
walk_the_box.mp4,2210,147.55,121.65,131.01,113.0
walk_the_box.mp4,2220,148.63,128.17,124.84,115.25
walk_the_box.mp4,2230,142.45,94.5,120.63,96.0
walk_the_box.mp4,2240,142.28,85.46,119.69,83.6
walk_the_box.mp4,2250,143.95,113.7,126.07,108.87
walk_the_box.mp4,2260,146.63,119.33,128.7,107.49
walk_the_box.mp4,2270,143.56,65.25,121.58,70.27
walk_the_box.mp4,2280,141.4,99.55,116.92,87.79
walk_the_box.mp4,2290,145.02,138.85,121.88,124.35
walk_the_box.mp4,2300,146.28,102.44,125.03,100.52
walk_the_box.mp4,2310,130.14,118.06,118.1,108.73
walk_the_box.mp4,2320,127.81,119.62,116.93,108.56
walk_the_box.mp4,2330,138.42,130.06,117.29,113.38
walk_the_box.mp4,2340,140.43,130.0,123.65,119.13
walk_the_box.mp4,2350,133.86,128.94,118.68,112.99
walk_the_box.mp4,2360,123.65,126.3,108.87,106.54
walk_the_box.mp4,2370,123.98,127.59,113.14,114.06
walk_the_box.mp4,2380,137.99,127.98,109.15,93.43
walk_the_box.mp4,2390,126.78,124.88,97.24,91.49
walk_the_box.mp4,2400,129.74,128.27,104.94,99.33
walk_the_box.mp4,2410,132.96,128.02,114.37,105.78
walk_the_box.mp4,2420,134.93,131.13,115.26,108.45
walk_the_box.mp4,2430,127.69,115.85,105.71,96.27
walk_the_box.mp4,2440,134.95,128.76,110.46,104.1
walk_the_box.mp4,2450,142.78,105.85,114.52,89.15
walk_the_box.mp4,2460,136.32,99.76,115.36,94.82
walk_the_box.mp4,2470,133.15,128.81,116.05,113.27
walk_the_box.mp4,2480,132.82,121.8,113.83,110.4
walk_the_box.mp4,2490,141.05,79.07,112.5,86.3
walk_the_box.mp4,2500,136.7,34.28,116.49,55.98
walk_the_box.mp4,2510,140.31,45.41,121.06,63.72
walk_the_box.mp4,2520,140.54,93.41,123.7,89.69
walk_the_box.mp4,2530,141.58,104.05,125.79,103.07
walk_the_box.mp4,2540,138.83,84.24,123.94,89.44
walk_the_box.mp4,2550,139.71,83.64,123.51,88.48
walk_the_box.mp4,2560,142.04,109.83,124.39,105.35
walk_the_box.mp4,2570,157.14,133.38,133.2,117.04
walk_the_box.mp4,2580,153.5,120.24,118.41,105.46
walk_the_box.mp4,2590,154.37,119.82,125.66,108.78
walk_the_box.mp4,2600,150.1,129.11,127.82,119.13
walk_the_box.mp4,2610,151.22,123.14,129.81,112.81
walk_the_box.mp4,2620,152.76,113.92,108.91,83.72
walk_the_box.mp4,2630,151.41,121.53,127.31,109.64
walk_the_box.mp4,2640,148.39,119.16,120.46,106.32
walk_the_box.mp4,2650,155.26,123.48,119.86,109.55
walk_the_box.mp4,2660,152.6,122.38,126.22,106.0
walk_the_box.mp4,2670,147.57,93.13,123.61,92.19
walk_the_box.mp4,2680,146.45,95.34,124.59,95.11
walk_the_box.mp4,2690,148.98,98.45,129.33,99.46
walk_the_box.mp4,2700,146.57,101.76,112.51,95.65
walk_the_box.mp4,2710,147.77,110.91,118.54,109.76
walk_the_box.mp4,2720,144.65,114.99,111.1,110.01
walk_the_box.mp4,2730,147.18,104.62,102.84,101.6
walk_the_box.mp4,2740,142.12,88.7,119.36,92.43
walk_the_box.mp4,2750,148.16,107.55,123.71,107.84
walk_the_box.mp4,2760,150.24,113.09,128.93,109.43
walk_the_box.mp4,2770,146.79,80.43,126.42,82.65
walk_the_box.mp4,2780,146.16,116.8,127.91,108.59
walk_the_box.mp4,2790,150.57,113.78,134.8,105.62
walk_the_box.mp4,2800,153.22,111.37,133.27,103.5
walk_the_box.mp4,2810,148.93,107.23,123.83,96.08
walk_the_box.mp4,2820,143.5,121.0,122.35,114.27
walk_the_box.mp4,2830,150.7,112.3,127.63,102.81
walk_the_box.mp4,2840,140.67,59.13,124.03,72.37
walk_the_box.mp4,2850,137.87,91.29,110.18,82.68
walk_the_box.mp4,2860,147.48,99.44,127.35,92.77
walk_the_box.mp4,2870,144.73,87.64,124.89,86.61
walk_the_box.mp4,2880,130.99,108.84,118.46,104.24
walk_the_box.mp4,2890,134.22,123.01,112.92,104.41
walk_the_box.mp4,2900,136.89,114.91,119.08,102.4
walk_the_box.mp4,2910,136.92,124.68,119.05,112.47
walk_the_box.mp4,2920,126.2,122.8,108.01,105.96
walk_the_box.mp4,2930,128.44,125.98,109.94,101.92
walk_the_box.mp4,2940,134.4,133.97,115.23,110.07
walk_the_box.mp4,2950,133.29,129.46,113.71,110.17
walk_the_box.mp4,2960,126.46,114.95,109.84,97.63
walk_the_box.mp4,2970,130.97,131.23,116.34,112.41
walk_the_box.mp4,2980,130.86,131.15,119.41,114.1
walk_the_box.mp4,2990,129.54,131.96,118.15,114.69
walk_the_box.mp4,3000,124.76,120.24,108.57,101.16
walk_the_box.mp4,3010,130.6,133.7,115.14,111.62
walk_the_box.mp4,3020,133.15,129.07,112.44,102.33
walk_the_box.mp4,3030,127.59,111.14,110.9,94.07
walk_the_box.mp4,3040,133.51,120.92,108.96,97.62
walk_the_box.mp4,3050,132.9,99.12,111.22,86.53
walk_the_box.mp4,3060,131.57,108.26,111.4,92.83
walk_the_box.mp4,3070,146.26,90.32,125.85,89.05
walk_the_box.mp4,3080,137.25,90.1,117.03,84.42
walk_the_box.mp4,3090,134.92,34.49,116.8,55.33
walk_the_box.mp4,3100,141.15,75.18,123.93,77.76
walk_the_box.mp4,3110,140.69,106.18,123.08,94.85
walk_the_box.mp4,3120,130.38,83.55,117.56,82.24
walk_the_box.mp4,3130,123.97,24.07,113.03,50.23
walk_the_box.mp4,3140,138.94,68.55,120.31,73.18
walk_the_box.mp4,3150,146.37,123.51,131.07,109.85
walk_the_box.mp4,3160,149.27,109.83,130.95,100.7
walk_the_box.mp4,3170,143.46,81.98,128.49,83.87
walk_the_box.mp4,3180,148.97,123.82,125.82,101.5
walk_the_box.mp4,3190,155.83,126.88,128.69,106.09
walk_the_box.mp4,3200,146.29,102.7,117.38,90.29
walk_the_box.mp4,3210,147.27,119.07,124.31,111.38
walk_the_box.mp4,3220,158.73,123.71,114.24,86.33
walk_the_box.mp4,3230,141.82,73.92,118.8,78.2
walk_the_box.mp4,3240,138.11,115.18,101.7,89.34
walk_the_box.mp4,3250,140.98,94.19,118.99,94.79
walk_the_box.mp4,3260,152.52,118.39,112.5,93.74
walk_the_box.mp4,3270,147.19,81.36,117.86,83.99
walk_the_box.mp4,3280,136.04,81.66,112.3,83.07
walk_the_box.mp4,3290,134.63,66.81,110.71,76.32
walk_the_box.mp4,3300,153.37,107.63,125.19,103.73
walk_the_box.mp4,3310,148.38,96.03,126.6,95.09
walk_the_box.mp4,3320,148.81,86.48,118.39,92.73
walk_the_box.mp4,3330,144.31,94.37,112.62,95.24
walk_the_box.mp4,3340,147.35,33.23,107.37,56.67
walk_the_box.mp4,3350,130.57,46.98,101.35,65.23
walk_the_box.mp4,3360,154.67,113.45,138.24,108.95
walk_the_box.mp4,3370,138.81,56.78,117.41,71.75
walk_the_box.mp4,3380,141.91,96.78,121.9,97.91
walk_the_box.mp4,3390,142.02,81.43,123.26,89.14
walk_the_box.mp4,3400,151.61,111.24,131.54,104.15
walk_the_box.mp4,3410,149.44,109.27,123.32,98.58
walk_the_box.mp4,3420,150.95,91.54,118.5,81.84
walk_the_box.mp4,3430,154.09,108.63,129.16,93.58
walk_the_box.mp4,3440,156.54,119.73,134.11,104.02
walk_the_box.mp4,3450,149.5,105.38,119.31,85.56
walk_the_box.mp4,3460,128.8,25.11,100.76,50.29
walk_the_box.mp4,3470,144.06,32.3,115.54,53.13
walk_the_box.mp4,3480,143.69,106.94,110.61,86.81
walk_the_box.mp4,3490,147.23,93.67,123.58,83.09
walk_the_box.mp4,3500,132.15,102.02,113.59,92.82
walk_the_box.mp4,3510,142.99,117.04,112.12,95.4
walk_the_box.mp4,3520,144.81,101.88,124.59,103.2
walk_the_box.mp4,3530,148.34,119.64,128.0,112.28
walk_the_box.mp4,3540,133.94,79.92,118.94,86.61
walk_the_box.mp4,3550,139.04,98.45,119.39,92.5
walk_the_box.mp4,3560,133.72,126.43,119.96,119.08
walk_the_box.mp4,3570,138.56,131.72,118.61,118.78
walk_the_box.mp4,3580,131.73,104.53,114.14,96.1
walk_the_box.mp4,3590,117.12,106.96,111.5,99.64
walk_the_box.mp4,3600,135.32,126.4,112.51,101.32
walk_the_box.mp4,3610,137.58,105.27,117.67,91.36
walk_the_box.mp4,3620,137.75,64.65,117.55,61.29
walk_the_box.mp4,3630,139.18,119.14,118.94,95.74
walk_the_box.mp4,3640,140.14,117.32,119.44,93.94
walk_the_box.mp4,3650,141.84,119.06,120.49,95.7
walk_the_box.mp4,3660,136.55,94.1,118.58,79.98
walk_the_box.mp4,3670,136.77,121.48,119.53,104.81
walk_the_box.mp4,3680,135.16,81.31,120.05,78.07
walk_the_box.mp4,3690,138.91,97.45,115.37,83.24
walk_the_box.mp4,3700,133.25,94.76,113.04,80.51
walk_the_box.mp4,3710,135.57,97.87,118.23,87.24
walk_the_box.mp4,3720,137.95,97.9,125.48,91.86
walk_the_box.mp4,3730,144.85,90.06,124.85,85.23
walk_the_box.mp4,3740,141.34,102.39,121.62,94.27
walk_the_box.mp4,3750,147.09,87.09,125.6,77.64
walk_the_box.mp4,3760,144.28,58.68,128.85,64.71
walk_the_box.mp4,3770,135.27,52.21,123.87,61.83
walk_the_box.mp4,3780,146.4,83.95,129.82,83.13
walk_the_box.mp4,3790,151.63,113.38,128.01,97.13
walk_the_box.mp4,3800,155.18,113.27,137.35,103.47
walk_the_box.mp4,3810,154.92,123.75,134.13,104.97
walk_the_box.mp4,3820,150.09,119.72,127.73,103.39
walk_the_box.mp4,3830,153.43,123.08,123.8,105.89
walk_the_box.mp4,3840,158.69,127.22,130.87,102.15
walk_the_box.mp4,3850,150.75,101.43,121.52,87.82
walk_the_box.mp4,3860,147.08,39.9,112.12,55.88
walk_the_box.mp4,3870,154.27,85.93,115.56,83.17
walk_the_box.mp4,3880,151.4,109.78,125.42,99.5
walk_the_box.mp4,3890,151.43,114.57,133.28,107.32
walk_the_box.mp4,3900,150.2,108.03,120.42,96.99
walk_the_box.mp4,3910,152.38,88.28,117.27,86.52
walk_the_box.mp4,3920,150.69,114.31,135.63,110.61
walk_the_box.mp4,3930,158.33,126.56,142.15,116.3
walk_the_box.mp4,3940,154.03,98.57,135.48,95.01
walk_the_box.mp4,3950,148.87,68.87,130.02,74.85
walk_the_box.mp4,3960,143.96,75.81,128.42,73.69
walk_the_box.mp4,3970,140.68,87.35,118.43,74.36
walk_the_box.mp4,3980,132.75,128.89,82.61,64.91
walk_the_box.mp4,3990,147.91,123.33,61.58,51.34
walk_the_box.mp4,4000,154.45,131.48,25.61,27.76
walk_the_box.mp4,4010,156.84,141.66,31.45,25.51
walk_the_box.mp4,4020,155.78,139.24,27.52,24.8
walk_the_box.mp4,4030,157.19,136.2,25.86,24.39
walk_the_box.mp4,4040,156.16,135.54,26.75,26.67
walk_the_box.mp4,4050,154.59,137.82,24.39,24.22
walk_the_box.mp4,4060,156.92,141.59,29.37,27.67
walk_the_box.mp4,4070,156.42,137.53,27.33,26.52
warmup_1.mp4,10,169.91,136.7,16.27,22.26
warmup_1.mp4,20,165.51,140.68,15.85,20.62
warmup_1.mp4,30,169.27,138.6,15.85,19.5
warmup_1.mp4,40,167.62,139.89,17.23,18.89
warmup_1.mp4,50,164.85,140.15,16.45,20.33
warmup_1.mp4,60,167.53,138.67,20.68,20.12
warmup_1.mp4,70,169.51,138.01,18.1,22.43
warmup_1.mp4,80,159.68,128.22,39.48,25.96
warmup_1.mp4,90,165.96,138.28,27.6,27.59
warmup_1.mp4,100,152.7,159.56,57.61,41.96
warmup_1.mp4,110,141.4,172.06,57.15,31.45
warmup_1.mp4,120,141.28,124.86,84.38,55.6
warmup_1.mp4,130,153.54,163.96,73.84,42.02
warmup_1.mp4,140,150.8,94.59,79.15,56.14
warmup_1.mp4,150,163.79,148.69,68.45,39.22
warmup_1.mp4,190,159.07,178.23,53.51,44.72
warmup_1.mp4,200,154.19,156.91,61.22,44.07
warmup_1.mp4,210,158.45,162.95,55.14,41.25
warmup_1.mp4,220,168.79,139.51,26.57,27.13
warmup_1.mp4,230,163.96,172.53,15.69,30.14
warmup_1.mp4,240,150.88,144.39,20.97,35.05
warmup_1.mp4,250,155.68,156.7,17.13,30.15
warmup_1.mp4,260,155.44,173.22,16.59,21.57
warmup_1.mp4,270,159.51,172.63,25.84,31.59
warmup_1.mp4,290,152.53,152.99,41.06,26.27
warmup_1.mp4,300,162.06,169.32,57.37,27.09
warmup_1.mp4,310,142.97,106.55,79.68,36.37
warmup_1.mp4,320,148.98,91.11,111.35,57.92
warmup_1.mp4,330,111.05,167.02,97.25,128.34
warmup_1.mp4,340,103.04,52.92,94.33,68.21
warmup_1.mp4,350,155.43,123.15,37.13,40.08
warmup_1.mp4,360,157.25,156.59,51.78,28.82
warmup_1.mp4,370,155.48,157.22,82.08,48.35
warmup_1.mp4,380,169.97,169.0,11.28,15.74
warmup_1.mp4,390,161.69,123.6,21.16,29.08
warmup_1.mp4,400,161.75,132.38,22.76,35.32
warmup_1.mp4,410,163.37,141.63,25.36,26.15
warmup_1.mp4,420,158.82,143.5,20.73,21.14
warmup_1.mp4,430,155.99,143.29,21.15,25.72
warmup_1.mp4,440,158.65,143.75,21.29,23.76
warmup_1.mp4,450,163.54,141.06,18.12,27.7
warmup_1.mp4,460,162.68,140.9,17.89,23.67
warmup_1.mp4,470,165.84,143.75,16.19,23.71
warmup_1.mp4,480,171.62,139.92,14.4,27.91
warmup_1.mp4,490,163.43,122.14,16.38,22.9
warmup_1.mp4,500,169.15,145.41,27.45,26.32
warmup_1.mp4,510,146.08,148.36,70.3,39.76
warmup_1.mp4,520,145.46,127.07,127.84,70.92
warmup_1.mp4,530,158.51,95.0,68.57,47.6
warmup_1.mp4,540,150.73,102.42,88.66,44.11
warmup_1.mp4,550,145.0,110.45,94.92,52.09
warmup_1.mp4,560,148.06,150.54,48.56,41.86
warmup_1.mp4,580,152.89,157.3,98.61,38.86
warmup_1.mp4,590,143.73,155.87,74.12,38.67
warmup_1.mp4,600,166.92,164.4,44.37,19.28
warmup_1.mp4,610,154.57,137.47,82.51,39.35
warmup_1.mp4,620,175.52,150.87,44.05,39.2
warmup_1.mp4,630,177.17,172.91,8.78,18.35
warmup_1.mp4,640,164.3,149.98,42.72,28.92
warmup_1.mp4,650,160.8,173.0,13.87,24.49
warmup_1.mp4,660,165.23,165.19,16.53,27.64
warmup_1.mp4,670,164.88,175.86,12.58,27.68
warmup_1.mp4,680,162.38,147.17,13.26,36.65
warmup_1.mp4,730,159.87,164.24,76.23,45.4
warmup_1.mp4,740,172.61,110.62,83.04,46.2
warmup_1.mp4,750,145.84,121.29,104.97,101.0
warmup_1.mp4,760,30.68,152.4,58.8,134.3
warmup_1.mp4,770,157.83,159.63,79.55,45.57
warmup_1.mp4,780,162.61,107.28,98.6,59.14
warmup_1.mp4,790,156.62,161.49,54.16,29.79
warmup_1.mp4,800,173.54,168.68,13.67,17.68
warmup_1.mp4,810,162.13,134.95,21.52,28.4
warmup_1.mp4,820,164.14,145.88,22.52,27.84
warmup_1.mp4,830,162.6,144.56,27.87,23.94
warmup_1.mp4,840,157.15,138.42,17.75,26.33
warmup_1.mp4,850,161.93,137.16,15.43,24.82
warmup_1.mp4,860,162.82,137.54,16.06,27.41
warmup_1.mp4,870,164.81,139.48,17.52,26.24
warmup_1.mp4,880,162.78,137.35,15.61,23.93
warmup_1.mp4,890,163.34,134.09,14.6,30.33
warmup_1.mp4,900,162.09,139.39,15.43,21.85
warmup_1.mp4,910,166.8,138.33,11.45,27.37
warmup_1.mp4,920,162.71,134.48,20.19,25.73
warmup_1.mp4,930,163.25,123.21,21.64,31.39
warmup_1.mp4,940,166.22,165.25,24.18,19.79
warmup_1.mp4,950,143.22,171.91,57.78,38.69
warmup_1.mp4,960,151.57,102.44,111.95,64.07
warmup_1.mp4,970,146.21,128.71,93.86,46.42
warmup_1.mp4,980,129.92,113.89,55.77,59.24
warmup_1.mp4,990,140.98,145.05,36.69,24.47
warmup_1.mp4,1020,163.96,174.99,123.7,107.44
warmup_1.mp4,1030,141.33,167.13,67.97,35.55
warmup_1.mp4,1040,178.79,167.35,27.8,21.52
warmup_1.mp4,1050,146.22,155.09,68.18,35.4
warmup_1.mp4,1060,159.94,177.82,41.31,25.34
warmup_1.mp4,1090,169.23,167.85,13.85,24.85
warmup_1.mp4,1100,168.84,158.49,11.46,28.68
warmup_1.mp4,1110,168.15,157.92,42.31,27.06
warmup_1.mp4,1120,166.48,146.82,52.14,31.31
warmup_1.mp4,1130,161.45,151.07,49.5,54.72
warmup_1.mp4,1140,148.6,162.21,100.54,99.29
warmup_1.mp4,1150,158.34,153.63,52.32,59.05
warmup_1.mp4,1160,168.22,174.03,119.8,40.84
warmup_1.mp4,1190,124.44,105.17,46.48,28.52
warmup_1.mp4,1200,113.61,179.14,70.19,37.02
warmup_1.mp4,1210,122.96,107.75,107.01,120.09
warmup_1.mp4,1220,143.06,155.15,52.44,38.72
warmup_1.mp4,1230,152.46,129.13,94.28,55.68
warmup_1.mp4,1240,141.55,105.58,95.59,42.64
warmup_1.mp4,1250,173.52,162.67,17.35,26.28
warmup_1.mp4,1260,139.67,141.49,35.0,38.72
warmup_1.mp4,1270,164.67,159.25,24.77,36.74
warmup_1.mp4,1280,160.78,147.48,29.51,25.55
warmup_1.mp4,1290,160.97,143.02,24.66,19.5
warmup_1.mp4,1300,164.61,141.26,19.72,24.77
warmup_1.mp4,1310,167.31,142.37,13.98,22.78
warmup_1.mp4,1320,165.54,144.81,18.01,21.21
warmup_1.mp4,1330,163.18,147.55,24.15,22.11
warmup_1.mp4,1340,163.89,144.24,18.09,19.17
warmup_1.mp4,1350,167.54,146.14,22.92,21.38
warmup_1.mp4,1360,164.43,144.71,26.01,24.38
warmup_1.mp4,1370,165.55,149.52,20.15,20.74
warmup_1.mp4,1380,171.47,157.67,23.74,27.7
warmup_1.mp4,1390,148.77,169.31,59.31,25.99
warmup_1.mp4,1400,164.15,148.85,98.33,139.47
warmup_1.mp4,1410,138.36,146.77,91.67,40.78
warmup_1.mp4,1420,132.61,151.88,114.62,47.84
warmup_1.mp4,1430,149.46,145.77,88.61,51.0
warmup_1.mp4,1440,165.17,120.95,55.6,127.82
warmup_1.mp4,1470,177.07,166.79,42.14,33.73
warmup_1.mp4,1480,176.37,163.09,33.65,30.59
warmup_1.mp4,1490,152.92,158.68,53.32,19.39
warmup_1.mp4,1510,161.13,178.27,16.57,18.51
warmup_1.mp4,1520,162.14,163.9,23.02,20.89
warmup_1.mp4,1530,169.95,155.58,15.09,30.94
warmup_1.mp4,1540,171.12,135.12,18.62,27.8
warmup_1.mp4,1550,168.05,153.66,28.92,25.59
warmup_1.mp4,1560,166.14,157.11,17.52,25.88
warmup_1.mp4,1570,171.22,164.84,25.68,27.64
warmup_1.mp4,1620,148.94,132.6,90.99,105.58
warmup_1.mp4,1630,172.61,158.05,64.16,51.03
warmup_1.mp4,1640,170.23,155.05,139.84,92.54
warmup_1.mp4,1660,102.79,88.57,91.82,59.07
warmup_1.mp4,1670,167.44,143.8,79.58,144.31
warmup_1.mp4,1680,148.88,161.01,94.68,164.71
warmup_1.mp4,1690,164.32,165.4,30.2,26.52
warmup_1.mp4,1700,168.09,162.2,32.4,26.68
warmup_1.mp4,1710,159.49,142.19,45.57,36.09
warmup_1.mp4,1720,160.58,154.54,32.64,34.89
warmup_1.mp4,1730,164.03,143.22,27.25,26.86
warmup_1.mp4,1740,158.52,141.69,18.15,23.46
warmup_1.mp4,1750,163.99,136.57,17.66,26.62
warmup_1.mp4,1760,164.63,138.43,16.32,22.41
warmup_1.mp4,1770,170.11,143.55,21.33,28.07
warmup_1.mp4,1780,170.96,141.21,18.04,27.92
warmup_1.mp4,1790,171.33,135.72,14.52,30.72
warmup_1.mp4,1800,169.26,139.97,14.68,24.8
warmup_1.mp4,1810,170.53,142.11,13.61,23.35
warmup_1.mp4,1820,164.96,139.16,14.61,25.97
warmup_1.mp4,1830,156.77,134.7,22.83,22.68
warmup_1.mp4,1840,161.13,128.16,25.65,31.66
warmup_1.mp4,1850,170.19,170.16,14.35,24.12
warmup_1.mp4,1860,149.2,164.37,47.71,39.3
warmup_1.mp4,1870,131.75,122.49,87.56,81.3
warmup_1.mp4,1880,149.42,147.06,62.52,32.07
warmup_1.mp4,1890,162.35,158.87,55.94,44.48
warmup_1.mp4,1900,163.34,128.94,77.38,52.13
warmup_1.mp4,1910,137.64,139.11,62.64,38.89
warmup_1.mp4,1920,137.85,138.19,130.09,40.16
warmup_1.mp4,1930,169.27,167.14,131.07,160.82
warmup_1.mp4,1940,175.78,174.97,40.43,36.62
warmup_1.mp4,1950,158.64,122.85,63.52,45.19
warmup_1.mp4,1960,155.14,147.8,57.41,46.85
warmup_1.mp4,1990,166.27,172.04,15.88,22.41
warmup_1.mp4,2000,169.35,157.64,20.76,23.15
warmup_1.mp4,2010,170.44,163.42,11.23,23.99
warmup_1.mp4,2020,161.87,169.1,29.38,21.6
warmup_1.mp4,2030,167.87,177.04,21.93,19.86
warmup_1.mp4,2040,170.59,145.17,37.58,29.39
warmup_1.mp4,2050,173.66,161.0,30.07,30.96
warmup_1.mp4,2060,151.05,157.72,52.73,32.09
warmup_1.mp4,2070,165.28,134.84,48.6,42.98
warmup_1.mp4,2120,102.14,83.33,78.84,86.71
warmup_1.mp4,2130,117.93,120.07,112.9,48.32
warmup_1.mp4,2140,122.22,121.82,64.3,40.53
warmup_1.mp4,2150,142.62,141.21,43.67,35.02
warmup_1.mp4,2160,113.68,145.58,78.83,55.54
warmup_1.mp4,2170,165.86,166.77,16.52,42.35
warmup_1.mp4,2180,153.82,147.09,25.13,35.18
warmup_1.mp4,2190,168.1,143.88,12.45,23.33
warmup_1.mp4,2200,165.79,150.99,37.48,40.66
warmup_1.mp4,2210,161.25,143.89,22.93,23.46
warmup_1.mp4,2220,162.43,141.99,18.95,24.12
warmup_1.mp4,2230,156.65,146.99,18.6,18.44
warmup_1.mp4,2240,159.88,147.71,19.68,17.83
warmup_1.mp4,2250,160.05,145.38,17.61,19.01
warmup_1.mp4,2260,161.2,145.91,21.49,19.42
warmup_1.mp4,2270,162.01,143.2,20.34,20.97
warmup_1.mp4,2280,171.43,144.67,17.01,24.37
warmup_1.mp4,2290,164.99,143.4,17.83,21.82
warmup_1.mp4,2300,173.17,142.71,16.14,30.1
warmup_1.mp4,2310,170.14,141.78,15.59,25.27
warmup_1.mp4,2320,162.99,142.34,14.37,25.34
warmup_1.mp4,2330,159.32,142.34,15.23,22.65
warmup_1.mp4,2340,164.71,142.36,16.2,23.46
warmup_1.mp4,2350,160.36,142.43,16.58,21.41
warmup_1.mp4,2360,164.64,139.11,17.04,23.87
warmup_1.mp4,2370,158.14,142.96,17.08,21.66
warmup_1.mp4,2380,162.55,141.85,18.06,20.03
warmup_1.mp4,2390,162.17,141.13,18.31,19.9
warmup_1.mp4,2400,166.12,137.95,17.09,21.74
warmup_1.mp4,2410,162.14,135.23,16.75,21.23
warmup_10.mp4,10,117.45,79.53,36.45,12.65
warmup_10.mp4,20,122.34,79.97,39.04,12.71
warmup_10.mp4,30,106.46,74.7,31.11,19.9
warmup_10.mp4,40,136.1,149.84,75.1,65.03
warmup_10.mp4,50,145.87,150.49,111.51,97.38
warmup_10.mp4,60,139.22,159.05,115.67,98.61
warmup_10.mp4,70,129.82,133.58,114.67,96.04
warmup_10.mp4,80,144.01,159.07,122.89,109.22
warmup_10.mp4,90,154.36,152.45,116.35,108.98
warmup_10.mp4,100,159.86,112.37,109.99,101.16
warmup_10.mp4,110,164.99,176.39,111.06,91.62
warmup_10.mp4,120,169.99,177.76,110.91,95.11
warmup_10.mp4,130,163.88,175.62,107.9,89.06
warmup_10.mp4,140,168.66,177.48,107.68,97.82
warmup_10.mp4,150,157.79,172.68,108.88,91.41
warmup_10.mp4,160,154.53,91.6,103.79,91.57
warmup_10.mp4,170,147.09,152.48,121.41,99.81
warmup_10.mp4,180,139.18,149.73,129.23,121.18
warmup_10.mp4,190,142.11,142.19,123.68,114.1
warmup_10.mp4,200,142.46,153.94,113.53,89.75
warmup_10.mp4,210,137.04,145.05,129.3,119.79
warmup_10.mp4,220,145.58,152.14,117.23,105.39
warmup_10.mp4,230,170.98,111.59,110.11,96.33
warmup_10.mp4,240,171.53,177.96,119.73,78.63
warmup_10.mp4,250,168.79,177.03,117.58,85.28
warmup_10.mp4,260,160.02,176.19,106.45,94.27
warmup_10.mp4,270,168.59,178.15,118.59,88.13
warmup_10.mp4,280,151.96,167.57,114.05,96.57
warmup_10.mp4,290,144.8,163.52,120.26,95.15
warmup_10.mp4,300,137.78,145.45,122.77,106.98
warmup_10.mp4,310,137.87,145.69,131.06,116.6
warmup_10.mp4,320,145.28,142.99,117.59,99.74
warmup_10.mp4,330,138.48,93.72,110.8,95.19
warmup_10.mp4,340,144.32,151.77,118.99,103.87
warmup_10.mp4,350,173.39,143.51,106.09,103.92
warmup_10.mp4,360,169.76,176.36,114.8,85.05
warmup_10.mp4,370,167.06,178.72,114.76,89.12
warmup_10.mp4,380,159.06,175.73,103.45,100.3
warmup_10.mp4,390,172.19,176.28,114.46,86.91
warmup_10.mp4,400,165.6,175.87,116.66,87.24
warmup_10.mp4,410,157.62,109.95,104.86,92.54
warmup_10.mp4,420,142.31,157.86,119.64,101.04
warmup_10.mp4,430,140.19,151.26,125.18,110.27
warmup_10.mp4,440,142.44,146.56,124.52,110.61
warmup_10.mp4,450,145.43,148.97,118.1,104.57
warmup_10.mp4,460,139.56,149.06,125.26,114.4
warmup_10.mp4,470,146.45,166.53,118.36,96.42
warmup_10.mp4,480,174.75,123.05,111.95,102.01
warmup_10.mp4,490,170.83,177.27,120.09,82.63
warmup_10.mp4,500,170.09,178.36,117.61,87.25
warmup_10.mp4,510,159.87,176.77,105.99,96.49
warmup_10.mp4,520,170.11,177.46,116.57,89.75
warmup_10.mp4,530,168.12,177.89,113.97,94.27
warmup_10.mp4,540,138.37,112.0,106.84,87.37
warmup_10.mp4,550,145.16,160.98,114.44,93.1
warmup_10.mp4,560,131.56,144.44,130.23,122.43
warmup_10.mp4,570,129.64,145.54,129.59,120.32
warmup_10.mp4,580,144.35,155.67,119.91,102.18
warmup_10.mp4,590,137.83,157.04,123.45,107.51
warmup_10.mp4,600,149.44,165.54,122.08,98.79
warmup_10.mp4,610,175.54,122.28,110.43,102.26
warmup_10.mp4,620,168.86,177.44,120.91,85.87
warmup_10.mp4,630,168.58,177.83,119.93,84.99
warmup_10.mp4,640,158.19,159.92,110.66,91.04
warmup_10.mp4,650,168.54,176.72,119.66,86.72
warmup_10.mp4,660,158.37,175.13,112.73,93.59
warmup_10.mp4,670,148.61,144.53,105.47,97.04
warmup_10.mp4,680,140.72,147.36,119.95,105.7
warmup_10.mp4,690,132.26,151.67,127.58,112.29
warmup_10.mp4,700,142.11,147.11,119.82,102.49
warmup_10.mp4,710,139.92,148.32,129.21,119.48
warmup_10.mp4,720,148.04,165.22,119.54,104.81
warmup_10.mp4,730,166.3,136.69,111.35,94.07
warmup_10.mp4,740,169.07,176.26,113.19,94.11
warmup_10.mp4,750,165.92,175.74,112.19,89.54
warmup_10.mp4,760,166.67,174.62,113.61,89.54
warmup_10.mp4,770,168.35,177.02,116.09,92.8
warmup_10.mp4,780,140.49,134.02,98.41,81.77
warmup_10.mp4,790,158.51,71.59,78.19,71.17
warmup_10.mp4,800,113.98,73.21,38.67,17.61
warmup_10.mp4,810,134.7,84.09,41.39,11.27
warmup_10.mp4,820,122.73,80.46,36.46,9.86
warmup_10.mp4,830,118.19,78.73,34.3,10.73
warmup_10.mp4,840,116.29,80.24,31.25,11.02
warmup_10.mp4,850,118.44,78.77,35.2,11.38
warmup_10.mp4,860,117.09,78.36,34.61,12.01
warmup_11.mp4,10,152.25,138.17,22.58,18.41
warmup_11.mp4,20,159.39,137.14,22.85,20.24
warmup_11.mp4,30,135.63,125.4,35.04,19.39
warmup_11.mp4,40,95.53,111.28,27.71,19.49
warmup_11.mp4,50,116.8,133.49,44.84,52.85
warmup_11.mp4,60,124.48,132.73,56.0,61.17
warmup_11.mp4,70,123.02,139.62,47.97,55.04
warmup_11.mp4,80,126.78,140.7,50.56,55.38
warmup_11.mp4,90,127.29,138.01,52.86,54.54
warmup_11.mp4,100,131.87,145.18,49.11,55.59
warmup_11.mp4,110,129.3,138.53,53.17,55.11
warmup_11.mp4,120,130.04,144.83,51.79,61.05
warmup_11.mp4,130,133.61,145.86,53.51,59.03
warmup_11.mp4,140,131.68,142.79,54.6,55.8
warmup_11.mp4,150,126.33,139.94,43.03,56.72
warmup_11.mp4,160,135.15,141.83,50.21,52.43
warmup_11.mp4,170,136.39,144.03,53.58,55.74
warmup_11.mp4,180,116.22,137.73,35.4,51.02
warmup_11.mp4,190,128.22,140.11,43.92,52.8
warmup_11.mp4,200,133.88,145.41,48.86,54.42
warmup_11.mp4,210,130.69,142.76,47.47,52.06
warmup_11.mp4,220,140.59,142.28,54.43,59.52
warmup_11.mp4,230,124.79,142.77,38.22,48.78
warmup_11.mp4,240,129.37,145.98,50.29,56.34
warmup_11.mp4,250,128.77,140.19,48.97,53.53
warmup_11.mp4,260,133.55,143.45,45.96,47.91
warmup_11.mp4,270,137.2,145.1,49.67,54.09
warmup_11.mp4,280,134.73,142.68,54.09,54.76
warmup_11.mp4,290,133.8,139.8,52.43,53.55
warmup_11.mp4,300,136.84,139.3,51.29,49.71
warmup_11.mp4,310,133.06,144.08,50.75,52.53
warmup_11.mp4,320,130.51,144.3,49.93,53.99
warmup_11.mp4,330,137.19,142.08,54.61,53.85
warmup_11.mp4,340,139.31,139.81,58.97,58.95
warmup_11.mp4,350,138.32,148.21,56.51,56.49
warmup_11.mp4,360,136.27,143.99,57.3,58.54
warmup_11.mp4,370,137.33,139.12,56.07,49.52
warmup_11.mp4,380,138.63,144.87,58.55,58.85
warmup_11.mp4,390,137.9,141.44,59.94,59.5
warmup_11.mp4,400,137.68,142.03,56.1,58.69
warmup_11.mp4,410,141.08,143.85,58.34,59.01
warmup_11.mp4,420,141.27,146.09,69.52,63.45
warmup_11.mp4,430,137.78,143.5,58.6,58.73
warmup_11.mp4,440,130.29,140.74,48.33,54.27
warmup_11.mp4,450,138.66,142.56,65.36,59.81
warmup_11.mp4,460,137.89,142.0,62.87,57.51
warmup_11.mp4,470,130.34,139.73,53.1,53.63
warmup_11.mp4,480,134.24,138.66,56.67,57.45
warmup_11.mp4,490,135.19,128.85,53.66,28.6
warmup_11.mp4,500,158.28,135.48,22.06,18.06
warmup_11.mp4,510,160.79,139.82,24.39,28.76
warmup_11.mp4,520,164.03,138.66,25.96,23.49
warmup_11.mp4,530,164.71,135.5,23.58,26.42
warmup_11.mp4,540,158.77,139.87,24.45,24.57
warmup_11.mp4,550,162.5,136.03,24.31,22.89
warmup_11.mp4,560,159.6,136.81,23.23,25.81
warmup_11.mp4,570,160.83,136.19,23.15,23.24
warmup_12.mp4,10,90.38,123.58,26.27,28.97
warmup_12.mp4,20,87.12,122.18,22.8,29.89
warmup_12.mp4,30,81.39,121.56,30.98,33.35
warmup_12.mp4,40,67.35,98.47,28.32,40.63
warmup_12.mp4,50,61.41,84.35,39.82,48.3
warmup_12.mp4,60,59.89,91.62,65.69,53.97
warmup_12.mp4,70,58.99,91.72,55.67,53.34
warmup_12.mp4,80,62.53,89.44,47.39,52.67
warmup_12.mp4,90,67.41,89.2,40.99,50.49
warmup_12.mp4,100,70.21,82.3,39.8,49.21
warmup_12.mp4,110,79.82,81.85,56.87,49.83
warmup_12.mp4,120,143.39,137.98,20.92,23.32
warmup_12.mp4,130,176.5,114.86,6.82,45.34
warmup_12.mp4,140,168.62,104.83,7.08,64.57
warmup_12.mp4,150,69.87,107.82,34.76,70.66
warmup_12.mp4,160,61.79,93.6,43.44,45.13
warmup_12.mp4,170,74.13,90.87,39.02,44.7
warmup_12.mp4,180,76.96,82.97,43.58,40.2
warmup_12.mp4,190,67.23,85.22,44.7,31.84
warmup_12.mp4,200,140.46,138.94,25.36,23.02
warmup_12.mp4,210,171.24,127.33,16.96,34.74
warmup_12.mp4,220,170.06,107.05,10.11,58.88
warmup_12.mp4,230,105.7,106.16,21.38,69.46
warmup_12.mp4,240,60.41,100.8,39.16,49.09
warmup_12.mp4,250,67.49,94.59,39.78,44.37
warmup_12.mp4,260,72.72,92.08,33.74,49.47
warmup_12.mp4,270,74.85,73.37,49.6,34.91
warmup_12.mp4,280,125.28,148.83,28.41,19.48
warmup_12.mp4,290,157.39,146.58,21.21,22.55
warmup_12.mp4,300,175.94,126.74,8.08,38.24
warmup_12.mp4,310,154.13,99.81,13.85,81.53
warmup_12.mp4,320,57.18,104.78,35.5,61.43
warmup_12.mp4,330,61.67,93.6,34.1,48.09
warmup_12.mp4,340,71.23,92.26,29.46,53.09
warmup_12.mp4,350,77.96,85.71,37.57,50.22
warmup_12.mp4,360,68.12,66.48,47.29,38.47
warmup_12.mp4,370,142.25,141.9,24.32,21.98
warmup_12.mp4,380,169.03,124.71,17.36,33.74
warmup_12.mp4,390,164.85,116.15,6.05,52.17
warmup_12.mp4,400,158.28,94.21,13.88,96.19
warmup_12.mp4,410,61.59,111.51,37.47,61.5
warmup_12.mp4,420,60.84,96.95,39.57,47.39
warmup_12.mp4,430,75.12,93.41,30.41,49.05
warmup_12.mp4,440,76.02,83.28,36.2,41.3
warmup_12.mp4,450,66.82,65.53,45.99,35.26
warmup_12.mp4,460,141.72,142.39,23.62,20.28
warmup_12.mp4,470,162.92,141.83,22.38,25.12
warmup_12.mp4,480,175.58,148.12,6.44,22.02
warmup_12.mp4,490,171.84,103.79,7.4,75.58
warmup_12.mp4,500,77.09,98.07,13.76,99.3
warmup_12.mp4,510,67.55,117.74,39.58,50.69
warmup_12.mp4,520,71.58,101.76,37.65,46.17
warmup_12.mp4,530,73.73,80.44,40.14,38.16
warmup_12.mp4,540,83.47,98.99,50.62,41.55
warmup_12.mp4,550,153.02,146.96,21.52,22.35
warmup_12.mp4,560,175.83,114.9,8.79,44.35
warmup_12.mp4,570,150.59,89.95,6.02,78.26
warmup_12.mp4,580,168.46,93.1,31.12,98.15
warmup_12.mp4,590,99.93,107.68,39.44,52.74
warmup_12.mp4,600,59.16,102.83,37.28,52.75
warmup_12.mp4,610,65.22,92.53,35.4,42.4
warmup_12.mp4,620,64.64,97.83,34.84,36.46
warmup_12.mp4,630,69.6,112.46,37.12,41.66
warmup_12.mp4,640,80.03,118.71,26.15,34.15
warmup_12.mp4,650,82.95,117.13,30.28,22.11
warmup_12.mp4,660,81.91,119.1,30.46,26.08
warmup_12.mp4,670,85.95,124.86,34.06,24.3
warmup_12.mp4,680,86.11,124.13,32.65,26.06
warmup_12.mp4,690,84.82,126.22,30.97,28.29
warmup_13.mp4,10,138.56,174.46,16.04,12.7
warmup_13.mp4,20,139.62,171.23,15.18,14.28
warmup_13.mp4,30,142.64,166.37,18.18,11.96
warmup_13.mp4,40,137.94,170.06,22.5,24.27
warmup_13.mp4,50,149.23,160.57,44.26,85.71
warmup_13.mp4,60,145.84,169.58,106.12,102.17
warmup_13.mp4,70,143.74,110.05,163.7,109.33
warmup_13.mp4,80,155.22,111.96,159.68,118.77
warmup_13.mp4,90,173.18,122.49,165.6,111.37
warmup_13.mp4,100,157.46,107.68,175.35,114.07
warmup_13.mp4,110,152.21,109.39,170.19,111.89
warmup_13.mp4,120,102.57,164.29,138.12,106.06
warmup_13.mp4,130,155.66,160.12,54.32,90.69
warmup_13.mp4,140,133.13,157.89,55.12,69.16
warmup_13.mp4,210,138.05,160.48,43.0,67.89
warmup_13.mp4,220,134.4,162.6,21.81,53.82
warmup_13.mp4,230,138.55,157.24,31.51,74.9
warmup_13.mp4,240,132.58,162.24,101.9,103.35
warmup_13.mp4,250,135.12,115.95,166.42,118.98
warmup_13.mp4,260,159.91,116.28,158.9,110.78
warmup_13.mp4,270,150.03,116.36,152.61,106.8
warmup_13.mp4,280,149.63,108.09,151.63,106.62
warmup_13.mp4,290,157.37,117.51,177.28,111.75
warmup_13.mp4,300,168.78,119.83,155.92,117.19
warmup_13.mp4,310,151.03,165.74,115.62,112.3
warmup_13.mp4,320,153.88,156.25,51.18,90.99
warmup_13.mp4,330,149.91,105.95,61.08,106.8
warmup_13.mp4,360,171.07,147.06,5.4,32.56
warmup_13.mp4,370,123.0,130.1,19.34,64.58
warmup_13.mp4,390,127.24,171.01,49.73,58.59
warmup_13.mp4,400,133.47,172.43,42.73,55.18
warmup_13.mp4,410,142.12,162.73,32.84,64.72
warmup_13.mp4,420,134.84,157.3,24.38,50.81
warmup_13.mp4,430,140.99,158.14,46.03,86.72
warmup_13.mp4,440,136.08,161.18,132.59,101.18
warmup_13.mp4,450,154.43,124.8,177.03,109.8
warmup_13.mp4,460,152.39,116.24,160.4,114.24
warmup_13.mp4,470,152.72,126.15,153.54,109.82
warmup_13.mp4,480,164.3,119.03,178.83,109.3
warmup_13.mp4,490,164.14,114.7,174.72,102.43
warmup_13.mp4,500,148.53,142.83,164.66,106.36
warmup_13.mp4,510,163.51,162.65,81.59,105.47
warmup_13.mp4,520,139.61,158.55,33.79,79.55
warmup_13.mp4,530,133.15,164.94,49.98,48.4
warmup_13.mp4,600,130.63,167.19,53.47,70.52
warmup_13.mp4,610,144.12,154.7,25.24,59.2
warmup_13.mp4,620,150.85,157.66,50.82,86.99
warmup_13.mp4,630,150.19,168.13,104.81,99.49
warmup_13.mp4,640,171.36,124.73,163.16,109.96
warmup_13.mp4,650,168.89,117.33,162.49,108.33
warmup_13.mp4,660,156.64,126.1,173.06,115.36
warmup_13.mp4,670,169.25,113.47,172.72,101.23
warmup_13.mp4,680,163.04,122.33,166.01,122.06
warmup_13.mp4,690,152.18,118.02,166.47,119.35
warmup_13.mp4,700,143.12,165.37,73.94,101.38
warmup_13.mp4,710,136.12,156.13,34.1,79.82
warmup_13.mp4,720,127.26,165.66,50.05,58.02
warmup_13.mp4,750,146.54,117.23,7.77,61.86
warmup_13.mp4,760,104.51,143.44,30.99,67.08
warmup_13.mp4,770,127.66,168.54,63.11,70.49
warmup_13.mp4,790,121.55,166.43,44.23,57.78
warmup_13.mp4,800,139.88,159.2,41.31,52.25
warmup_13.mp4,810,142.74,162.45,36.29,67.72
warmup_13.mp4,820,159.93,160.75,86.01,103.51
warmup_13.mp4,830,154.17,123.37,165.57,111.76
warmup_13.mp4,840,153.56,122.71,177.11,114.8
warmup_13.mp4,850,161.94,122.05,172.5,112.26
warmup_13.mp4,860,171.17,111.99,155.9,114.71
warmup_13.mp4,870,157.33,116.29,159.41,123.46
warmup_13.mp4,880,164.81,114.15,175.94,110.4
warmup_13.mp4,890,138.46,151.68,141.99,111.07
warmup_13.mp4,900,155.04,160.0,76.44,91.15
warmup_13.mp4,910,144.36,153.94,31.86,75.33
warmup_13.mp4,920,115.93,156.47,48.91,53.61
warmup_13.mp4,930,146.12,151.41,18.13,20.83
warmup_13.mp4,970,112.16,79.19,147.2,44.77
warmup_13.mp4,980,153.72,161.98,29.85,44.68
warmup_13.mp4,990,131.66,162.27,53.48,67.6
warmup_13.mp4,1000,144.91,159.97,22.4,44.86
warmup_13.mp4,1010,138.63,163.42,21.36,17.06
warmup_13.mp4,1020,143.37,166.02,19.55,17.03
warmup_13.mp4,1030,143.86,164.31,22.41,15.19
warmup_13.mp4,1040,147.58,161.09,25.35,16.27
warmup_13.mp4,1050,149.11,169.94,28.74,19.53
warmup_13.mp4,1060,146.42,171.37,21.28,19.4
warmup_13.mp4,1070,145.04,171.31,20.79,18.77
warmup_13.mp4,1080,144.12,171.9,22.09,20.88
warmup_13.mp4,1090,145.89,168.53,20.48,18.25
warmup_14.mp4,10,159.61,138.6,24.74,18.64
warmup_14.mp4,20,158.48,138.53,24.29,18.46
warmup_14.mp4,30,158.42,137.72,26.9,18.8
warmup_14.mp4,40,160.12,136.7,22.27,18.73
warmup_14.mp4,50,153.44,139.85,25.18,17.74
warmup_14.mp4,60,150.7,149.97,25.31,20.65
warmup_14.mp4,70,139.51,154.82,26.41,26.13
warmup_14.mp4,80,137.04,162.0,25.62,18.02
warmup_14.mp4,90,140.08,166.95,25.06,17.82
warmup_14.mp4,100,144.07,160.47,28.31,17.58
warmup_14.mp4,110,138.94,148.82,24.88,27.8
warmup_14.mp4,120,151.82,149.68,28.53,32.53
warmup_14.mp4,130,156.55,120.67,51.01,41.54
warmup_14.mp4,140,153.56,117.84,41.16,57.07
warmup_14.mp4,150,117.62,129.76,23.12,64.63
warmup_14.mp4,160,117.2,138.17,27.97,58.75
warmup_14.mp4,170,122.77,117.33,19.11,58.26
warmup_14.mp4,180,145.23,111.4,42.81,56.48
warmup_14.mp4,190,159.12,116.55,48.08,46.91
warmup_14.mp4,200,147.29,150.66,30.49,42.5
warmup_14.mp4,210,137.63,153.16,25.66,26.64
warmup_14.mp4,220,134.03,167.85,28.33,17.07
warmup_14.mp4,230,135.7,158.96,27.47,18.3
warmup_14.mp4,240,141.2,159.74,27.5,18.28
warmup_14.mp4,250,146.41,146.68,27.27,29.02
warmup_14.mp4,260,153.47,130.17,32.34,41.2
warmup_14.mp4,270,133.43,115.28,35.73,56.68
warmup_14.mp4,280,110.51,127.37,24.07,67.55
warmup_14.mp4,290,108.89,145.99,30.85,67.16
warmup_14.mp4,300,115.16,118.68,27.06,67.0
warmup_14.mp4,310,146.97,116.29,48.02,47.98
warmup_14.mp4,320,155.52,121.52,32.02,36.52
warmup_14.mp4,330,145.2,150.71,30.03,32.41
warmup_14.mp4,340,139.56,167.27,28.79,19.73
warmup_14.mp4,350,136.54,158.53,26.92,20.19
warmup_14.mp4,360,140.37,162.5,28.91,15.34
warmup_14.mp4,370,138.54,159.94,26.31,21.4
warmup_14.mp4,380,141.09,141.1,27.57,22.75
warmup_14.mp4,390,153.37,121.05,34.0,41.57
warmup_14.mp4,400,139.07,111.68,32.82,57.47
warmup_14.mp4,410,118.5,130.05,17.83,59.12
warmup_14.mp4,420,119.09,127.15,28.43,64.95
warmup_14.mp4,430,118.09,123.92,17.98,63.55
warmup_14.mp4,440,132.97,110.08,27.96,60.64
warmup_14.mp4,450,157.12,120.3,36.47,35.59
warmup_14.mp4,460,155.54,147.5,26.16,31.83
warmup_14.mp4,470,138.44,156.32,25.54,27.61
warmup_14.mp4,480,139.2,164.6,32.24,16.02
warmup_14.mp4,490,139.48,162.03,27.4,16.32
warmup_14.mp4,500,137.74,165.01,28.24,17.6
warmup_14.mp4,510,142.25,147.14,26.76,24.98
warmup_14.mp4,520,155.15,127.54,26.95,40.97
warmup_14.mp4,530,144.57,117.77,45.92,45.27
warmup_14.mp4,540,111.22,114.05,28.91,65.66
warmup_14.mp4,550,116.22,122.69,25.12,61.62
warmup_14.mp4,560,130.2,118.54,25.95,53.33
warmup_14.mp4,570,145.54,121.81,33.61,41.78
warmup_14.mp4,580,157.73,120.19,22.75,35.39
warmup_14.mp4,590,155.49,138.55,24.71,30.02
warmup_14.mp4,600,140.25,158.03,29.48,31.06
warmup_14.mp4,610,133.31,168.59,27.12,16.28
warmup_14.mp4,620,140.77,162.21,29.12,18.38
warmup_14.mp4,630,145.15,162.01,22.65,18.23
warmup_14.mp4,640,151.09,144.94,25.58,23.89
warmup_14.mp4,650,161.32,125.43,24.25,32.88
warmup_14.mp4,660,142.29,117.74,30.59,51.55
warmup_14.mp4,670,119.62,124.07,18.09,63.25
warmup_14.mp4,680,116.96,123.65,22.43,61.79
warmup_14.mp4,690,128.29,118.01,22.33,59.77
warmup_14.mp4,700,148.42,117.23,46.89,42.18
warmup_14.mp4,710,152.73,124.94,27.31,42.65
warmup_14.mp4,720,158.54,139.13,22.15,19.25
warmup_14.mp4,730,167.2,143.07,22.85,17.54
warmup_14.mp4,740,165.45,140.63,21.43,17.13
warmup_14.mp4,750,166.3,139.26,21.41,16.22
warmup_14.mp4,760,163.7,140.5,19.86,17.69
warmup_14.mp4,770,158.39,129.87,17.13,24.67
warmup_14.mp4,780,153.26,116.25,32.71,37.19
warmup_14.mp4,790,161.06,120.7,36.87,43.47
warmup_14.mp4,800,145.32,120.95,21.87,50.91
warmup_14.mp4,810,154.58,121.49,18.08,48.87
warmup_14.mp4,820,150.82,119.73,31.65,39.35
warmup_14.mp4,830,154.51,137.82,27.15,29.17
warmup_14.mp4,840,146.51,157.75,24.17,24.46
warmup_14.mp4,850,140.47,165.47,27.17,18.98
warmup_14.mp4,860,142.96,152.65,34.79,35.15
warmup_14.mp4,870,143.86,154.17,34.38,30.14
warmup_14.mp4,880,135.34,167.01,25.1,14.35
warmup_14.mp4,890,138.37,172.25,18.88,17.93
warmup_14.mp4,900,157.35,146.06,24.5,17.93
warmup_14.mp4,910,164.31,117.58,24.06,28.24
warmup_14.mp4,920,141.63,114.94,35.82,49.05
warmup_14.mp4,930,157.28,119.86,28.35,47.27
warmup_14.mp4,940,154.24,125.64,31.35,36.52
warmup_14.mp4,950,161.26,130.27,26.4,17.56
warmup_14.mp4,960,147.89,148.02,22.07,24.8
warmup_14.mp4,970,145.61,170.3,26.04,20.66
warmup_14.mp4,980,141.86,158.8,27.08,20.33
warmup_14.mp4,990,145.14,147.84,31.89,34.51
warmup_14.mp4,1000,140.1,161.97,24.32,23.67
warmup_14.mp4,1010,143.94,164.73,17.69,17.99
warmup_14.mp4,1020,149.88,158.9,24.69,20.54
warmup_14.mp4,1030,161.74,122.71,30.22,25.17
warmup_14.mp4,1040,140.0,119.17,21.87,44.8
warmup_14.mp4,1050,149.35,117.3,24.54,52.21
warmup_14.mp4,1060,146.07,122.98,20.12,44.43
warmup_14.mp4,1070,155.21,122.99,17.92,22.37
warmup_14.mp4,1080,149.11,138.53,25.59,22.43
warmup_14.mp4,1090,148.44,161.47,23.47,21.49
warmup_14.mp4,1100,145.16,159.8,21.89,14.94
warmup_14.mp4,1110,140.76,161.33,29.67,24.86
warmup_14.mp4,1120,140.61,162.23,25.0,16.74
warmup_14.mp4,1130,140.19,172.79,25.98,14.75
warmup_14.mp4,1140,143.62,166.45,22.91,20.43
warmup_14.mp4,1150,155.19,139.67,24.86,21.6
warmup_14.mp4,1160,153.5,119.38,19.54,29.81
warmup_14.mp4,1170,144.45,114.06,28.99,58.1
warmup_14.mp4,1180,148.76,120.68,41.6,43.86
warmup_14.mp4,1190,154.39,121.21,20.63,26.47
warmup_14.mp4,1200,151.3,135.09,25.21,23.25
warmup_14.mp4,1210,145.68,163.54,23.13,22.82
warmup_14.mp4,1220,143.55,165.7,23.53,15.66
warmup_14.mp4,1230,139.62,163.0,32.03,18.94
warmup_14.mp4,1240,139.55,161.73,27.86,23.05
warmup_14.mp4,1250,136.8,167.8,24.91,18.14
warmup_14.mp4,1260,149.16,162.05,25.69,15.63
warmup_14.mp4,1270,157.23,156.21,23.02,17.33
warmup_14.mp4,1280,164.73,121.51,27.51,27.96
warmup_14.mp4,1290,150.34,117.72,20.18,36.59
warmup_14.mp4,1300,143.89,116.91,30.33,44.59
warmup_14.mp4,1310,152.29,118.66,39.49,41.92
warmup_14.mp4,1320,150.22,124.81,15.49,29.81
warmup_14.mp4,1330,162.0,127.69,24.41,18.72
warmup_14.mp4,1340,150.12,143.47,23.27,23.85
warmup_14.mp4,1350,151.67,149.96,22.71,21.65
warmup_14.mp4,1360,138.49,170.06,24.08,14.52
warmup_14.mp4,1370,141.39,167.59,20.44,13.86
warmup_14.mp4,1380,149.85,165.21,23.46,16.2
warmup_14.mp4,1390,146.17,162.32,21.87,23.86
warmup_14.mp4,1400,157.82,138.94,20.99,23.6
warmup_14.mp4,1410,160.53,138.21,20.88,19.57
warmup_14.mp4,1420,158.79,139.27,22.19,21.89
warmup_14.mp4,1430,163.65,143.28,22.05,19.18
warmup_14.mp4,1440,166.41,141.51,21.85,16.85
warmup_14.mp4,1450,166.79,139.08,23.45,18.61
warmup_14.mp4,1460,162.36,139.88,25.62,18.34
warmup_14.mp4,1470,161.92,138.46,26.69,19.06
warmup_14.mp4,1480,158.41,142.79,23.62,21.09
warmup_14.mp4,1490,160.92,143.19,23.48,23.15
warmup_14.mp4,1500,161.88,140.43,24.92,23.44
warmup_14.mp4,1510,164.55,139.5,23.93,20.78
warmup_15.mp4,10,137.83,168.82,14.45,19.41
warmup_15.mp4,20,137.24,167.52,14.86,18.81
warmup_15.mp4,30,135.93,166.93,15.57,20.97
warmup_15.mp4,40,133.2,171.27,21.52,24.63
warmup_15.mp4,50,136.42,171.51,19.28,18.07
warmup_15.mp4,60,133.71,169.55,27.72,22.99
warmup_15.mp4,70,135.71,171.92,29.53,16.98
warmup_15.mp4,80,135.3,170.96,20.25,14.61
warmup_15.mp4,90,133.32,169.52,31.53,21.61
warmup_15.mp4,100,129.92,172.08,24.44,45.87
warmup_15.mp4,110,134.59,166.33,28.17,17.06
warmup_15.mp4,120,140.95,171.84,23.66,17.69
warmup_15.mp4,130,132.18,173.37,27.57,18.47
warmup_15.mp4,140,131.93,167.07,29.02,21.56
warmup_15.mp4,150,140.08,171.99,27.95,12.95
warmup_15.mp4,160,136.03,167.01,30.9,15.1
warmup_15.mp4,170,130.27,166.4,28.38,17.51
warmup_15.mp4,180,138.11,169.33,27.35,14.79
warmup_15.mp4,190,136.2,164.83,30.56,14.51
warmup_15.mp4,200,131.73,163.26,30.69,17.59
warmup_15.mp4,210,130.69,165.67,32.3,15.72
warmup_15.mp4,220,139.08,167.72,32.15,14.81
warmup_15.mp4,230,138.77,171.71,32.82,15.64
warmup_15.mp4,240,134.74,170.31,25.97,16.55
warmup_15.mp4,250,136.57,169.92,23.68,18.89
warmup_15.mp4,260,139.59,167.13,31.95,14.43
warmup_15.mp4,270,136.85,171.53,28.27,18.6
warmup_15.mp4,280,131.99,167.17,26.16,18.17
warmup_15.mp4,290,137.0,171.38,27.45,18.22
warmup_15.mp4,300,133.59,168.66,30.52,15.47
warmup_15.mp4,310,139.47,169.16,33.21,14.69
warmup_15.mp4,320,137.08,167.71,30.13,16.06
warmup_15.mp4,330,133.47,175.86,27.03,27.66
warmup_15.mp4,340,140.64,164.61,29.99,47.06
warmup_15.mp4,350,139.87,169.27,30.04,14.5
warmup_15.mp4,360,139.65,167.91,31.21,15.76
warmup_15.mp4,370,129.48,172.98,27.94,14.0
warmup_15.mp4,380,140.05,167.38,28.41,15.28
warmup_15.mp4,390,139.95,169.04,31.05,13.83
warmup_15.mp4,400,136.93,178.39,27.93,14.46
warmup_15.mp4,410,135.34,173.35,30.21,13.8
warmup_15.mp4,420,139.26,165.9,29.97,17.5
warmup_15.mp4,430,138.25,169.87,27.49,15.0
warmup_15.mp4,440,134.28,173.64,32.51,12.95
warmup_15.mp4,450,139.07,169.0,29.22,15.44
warmup_15.mp4,460,141.27,169.18,28.8,17.03
warmup_15.mp4,470,138.24,171.4,26.54,16.3
warmup_15.mp4,480,136.02,171.76,16.83,15.72
warmup_15.mp4,490,136.97,172.18,15.53,17.97
warmup_15.mp4,500,137.27,173.94,24.26,15.41
warmup_15.mp4,510,133.37,168.47,17.98,19.16
warmup_15.mp4,520,132.43,170.72,21.25,18.43
warmup_15.mp4,530,135.12,175.53,16.05,14.25
warmup_15.mp4,540,140.34,176.47,17.97,15.28
warmup_15.mp4,550,139.43,175.26,14.01,17.04
warmup_15.mp4,560,136.72,173.93,23.55,19.28
warmup_15.mp4,570,138.52,179.0,24.44,19.17
warmup_15.mp4,580,138.58,175.4,15.06,17.2
warmup_15.mp4,590,134.57,178.74,18.46,16.05
warmup_15.mp4,600,139.68,177.77,30.5,21.97
warmup_15.mp4,610,139.48,176.96,23.5,25.51
warmup_15.mp4,620,140.15,177.6,16.86,18.72
warmup_15.mp4,630,138.15,178.74,28.57,18.65
warmup_15.mp4,640,141.76,172.51,26.51,19.66
warmup_15.mp4,650,139.2,173.74,18.83,18.69
warmup_15.mp4,660,137.17,176.85,17.13,18.62
warmup_15.mp4,670,141.31,178.88,27.58,20.33
warmup_15.mp4,680,137.46,179.13,24.83,17.98
warmup_15.mp4,690,135.94,169.45,18.73,19.08
warmup_15.mp4,700,139.14,174.76,21.46,18.62
warmup_15.mp4,710,139.9,174.31,30.79,20.06
warmup_15.mp4,720,136.39,167.69,19.48,22.68
warmup_15.mp4,730,136.77,171.82,14.97,20.59
warmup_15.mp4,740,136.8,178.49,16.45,20.2
warmup_15.mp4,750,137.13,177.84,20.79,19.57
warmup_15.mp4,760,135.24,174.94,23.82,22.0
warmup_15.mp4,770,140.58,169.93,28.23,22.72
warmup_15.mp4,780,144.45,176.81,28.98,25.33
warmup_15.mp4,790,139.16,178.24,24.74,20.0
warmup_15.mp4,800,137.79,176.81,20.63,19.94
warmup_15.mp4,810,138.48,174.04,19.94,19.46
warmup_15.mp4,820,142.42,179.32,26.08,20.79
warmup_15.mp4,830,137.25,178.0,20.09,17.59
warmup_15.mp4,840,133.58,169.92,18.63,19.45
warmup_15.mp4,850,132.37,167.29,33.54,18.85
warmup_15.mp4,860,136.85,178.67,27.0,17.77
warmup_15.mp4,870,137.79,174.53,17.96,17.22
warmup_15.mp4,880,131.67,169.06,27.19,20.59
warmup_15.mp4,890,139.27,178.04,23.8,19.87
warmup_15.mp4,900,138.93,172.16,21.72,18.68
warmup_15.mp4,910,136.48,176.42,20.29,17.36
warmup_15.mp4,920,136.69,178.07,24.71,16.62
warmup_15.mp4,930,135.52,177.58,27.11,18.22
warmup_15.mp4,940,132.8,179.45,20.66,15.95
warmup_15.mp4,950,136.03,178.57,15.67,17.17
warmup_15.mp4,960,133.78,176.8,19.85,15.75
warmup_15.mp4,970,136.06,176.68,18.11,12.11
warmup_15.mp4,980,132.8,173.97,21.42,12.36
warmup_15.mp4,990,131.66,172.77,22.91,19.46
warmup_15.mp4,1000,135.95,173.51,22.82,17.95
warmup_15.mp4,1010,138.22,176.28,17.59,13.58
warmup_15.mp4,1020,138.72,177.73,20.61,12.97
warmup_15.mp4,1030,139.34,177.23,21.94,13.42
warmup_15.mp4,1040,137.41,173.59,20.38,14.54
warmup_15.mp4,1050,139.6,174.74,20.1,14.94
warmup_15.mp4,1060,138.6,173.08,17.01,16.3
warmup_16.mp4,10,84.48,126.31,22.61,27.91
warmup_16.mp4,20,84.55,129.21,20.83,30.61
warmup_16.mp4,30,84.06,128.74,22.37,31.88
warmup_16.mp4,40,83.1,129.26,24.5,30.6
warmup_16.mp4,50,83.18,129.6,20.44,32.85
warmup_16.mp4,60,82.8,131.24,15.29,40.37
warmup_16.mp4,70,78.36,143.84,21.26,49.07
warmup_16.mp4,80,75.19,148.28,29.1,43.44
warmup_16.mp4,90,72.78,134.22,22.35,36.65
warmup_16.mp4,100,74.55,142.62,13.0,52.98
warmup_16.mp4,110,90.47,124.05,29.54,46.25
warmup_16.mp4,120,104.28,102.6,51.05,33.02
warmup_16.mp4,130,108.93,101.61,67.8,22.34
warmup_16.mp4,140,112.5,115.76,91.19,9.55
warmup_16.mp4,150,92.3,118.01,74.11,11.21
warmup_16.mp4,160,96.34,126.13,84.1,9.45
warmup_16.mp4,170,89.3,155.2,75.81,13.16
warmup_16.mp4,180,85.38,172.25,61.87,12.94
warmup_16.mp4,190,104.95,170.4,89.27,13.74
warmup_16.mp4,200,114.43,122.22,69.37,17.82
warmup_16.mp4,210,88.02,97.05,36.48,33.55
warmup_16.mp4,220,83.99,107.13,24.85,38.86
warmup_16.mp4,230,70.7,118.9,16.77,46.92
warmup_16.mp4,240,79.62,145.67,24.77,41.66
warmup_16.mp4,250,80.41,153.68,27.66,41.82
warmup_16.mp4,260,81.42,157.19,20.38,37.44
warmup_16.mp4,270,84.1,151.05,17.81,37.57
warmup_16.mp4,280,83.39,147.64,19.26,39.71
warmup_16.mp4,290,78.6,131.64,15.2,44.41
warmup_16.mp4,300,76.81,127.55,11.54,41.99
warmup_16.mp4,310,82.88,113.01,18.36,36.93
warmup_16.mp4,320,88.59,106.7,28.72,37.59
warmup_16.mp4,330,109.35,86.25,70.38,17.77
warmup_16.mp4,340,89.93,82.66,67.61,22.49
warmup_16.mp4,350,91.13,115.51,81.7,9.04
warmup_16.mp4,360,86.07,53.06,73.16,26.92
warmup_16.mp4,370,90.02,70.2,89.52,37.38
warmup_16.mp4,380,79.48,67.77,67.57,20.42
warmup_16.mp4,390,85.98,86.21,67.81,11.46
warmup_16.mp4,400,105.7,88.56,53.27,22.51
warmup_16.mp4,410,100.95,96.31,51.74,36.37
warmup_16.mp4,420,83.5,108.33,31.42,43.83
warmup_16.mp4,430,76.95,116.27,20.77,47.66
warmup_16.mp4,440,75.23,112.18,12.52,38.46
warmup_16.mp4,450,81.23,127.36,12.6,40.91
warmup_16.mp4,460,88.88,141.97,20.98,36.33
warmup_16.mp4,470,84.38,150.76,22.84,31.04
warmup_16.mp4,480,86.55,149.43,30.93,35.2
warmup_16.mp4,490,86.78,146.07,13.26,46.01
warmup_16.mp4,500,84.36,145.66,16.87,34.92
warmup_16.mp4,510,80.28,134.01,18.25,34.81
warmup_16.mp4,520,74.76,130.1,17.09,39.79
warmup_16.mp4,530,76.31,128.15,15.46,32.68
warmup_16.mp4,540,82.66,110.36,5.45,31.42
warmup_16.mp4,550,90.15,118.96,26.85,41.32
warmup_16.mp4,560,92.24,104.09,42.47,33.03
warmup_16.mp4,570,93.36,95.55,70.92,15.16
warmup_16.mp4,580,96.51,90.3,84.31,25.23
warmup_16.mp4,590,90.84,157.09,70.83,10.15
warmup_16.mp4,600,89.25,159.21,61.71,19.78
warmup_16.mp4,610,100.59,154.14,70.63,19.32
warmup_16.mp4,620,114.12,96.87,77.27,18.65
warmup_16.mp4,630,107.61,104.87,61.21,24.75
warmup_16.mp4,640,91.87,107.7,34.37,38.31
warmup_16.mp4,650,82.76,116.7,17.42,39.69
warmup_16.mp4,660,75.47,123.98,16.02,42.0
warmup_16.mp4,670,81.73,136.72,14.74,37.21
warmup_16.mp4,680,82.78,142.89,19.49,38.66
warmup_16.mp4,690,84.34,143.55,24.78,35.76
warmup_16.mp4,700,87.54,149.35,16.26,39.87
warmup_16.mp4,710,87.78,145.14,26.57,36.17
warmup_16.mp4,720,70.63,134.56,29.56,42.18
warmup_16.mp4,730,72.91,142.25,25.9,37.33
warmup_16.mp4,740,79.48,116.85,15.65,38.26
warmup_16.mp4,750,97.84,103.82,46.01,32.32
warmup_16.mp4,760,100.71,89.0,72.03,19.32
warmup_16.mp4,770,102.44,106.07,86.18,10.5
warmup_16.mp4,780,95.25,144.34,72.52,9.68
warmup_16.mp4,790,90.18,150.47,67.75,12.41
warmup_16.mp4,800,101.04,81.13,85.71,17.97
warmup_16.mp4,810,107.19,107.18,73.59,12.38
warmup_16.mp4,820,110.42,102.78,50.54,20.3
warmup_16.mp4,830,92.84,110.97,36.24,40.22
warmup_16.mp4,840,79.59,109.79,20.51,35.9
warmup_16.mp4,850,75.56,119.99,16.95,41.56
warmup_16.mp4,860,80.02,133.52,24.15,34.33
warmup_16.mp4,870,85.14,155.26,20.1,40.9
warmup_16.mp4,880,85.38,158.69,18.88,37.35
warmup_16.mp4,890,81.16,158.31,31.66,26.9
warmup_16.mp4,900,74.29,159.82,21.16,36.04
warmup_16.mp4,910,69.08,154.61,37.27,32.37
warmup_16.mp4,920,72.74,134.57,22.32,44.11
warmup_16.mp4,930,83.29,115.13,11.72,34.1
warmup_16.mp4,940,88.38,107.01,24.51,36.19
warmup_16.mp4,950,101.4,100.02,48.77,31.08
warmup_16.mp4,960,96.28,78.66,76.73,21.58
warmup_16.mp4,970,90.09,109.64,80.44,15.13
warmup_16.mp4,980,80.46,147.61,69.45,12.52
warmup_16.mp4,990,83.44,140.14,76.7,14.97
warmup_16.mp4,1000,93.2,84.41,93.51,52.57
warmup_16.mp4,1010,85.66,127.89,72.78,16.21
warmup_16.mp4,1020,111.45,104.91,78.91,19.24
warmup_16.mp4,1030,93.28,103.21,40.27,35.93
warmup_16.mp4,1040,95.76,109.16,41.06,41.52
warmup_16.mp4,1050,78.89,114.23,17.51,39.1
warmup_16.mp4,1060,82.21,138.48,11.74,44.81
warmup_16.mp4,1070,84.18,139.27,15.9,37.39
warmup_16.mp4,1080,82.02,138.38,17.68,35.25
warmup_16.mp4,1090,83.14,126.74,12.24,33.25
warmup_16.mp4,1100,79.7,136.46,12.71,38.97
warmup_16.mp4,1110,69.3,155.82,20.27,43.75
warmup_16.mp4,1120,67.92,158.17,17.43,61.83
warmup_16.mp4,1130,70.63,119.82,3.22,74.13
warmup_16.mp4,1140,74.85,98.21,7.11,84.82
warmup_16.mp4,1150,119.02,98.02,32.86,82.75
warmup_16.mp4,1160,157.03,131.47,51.65,77.41
warmup_16.mp4,1170,159.71,135.19,44.69,85.95
warmup_16.mp4,1180,156.33,122.67,46.93,62.22
warmup_16.mp4,1190,150.37,135.95,39.41,41.83
warmup_16.mp4,1200,120.66,104.37,26.07,85.0
warmup_16.mp4,1210,83.97,108.88,6.02,81.68
warmup_16.mp4,1220,89.76,137.93,4.7,90.38
warmup_16.mp4,1230,72.62,154.98,10.06,69.61
warmup_16.mp4,1240,82.62,139.77,14.38,43.34
warmup_16.mp4,1250,83.57,126.7,15.93,30.34
warmup_16.mp4,1260,84.71,118.35,13.98,28.29
warmup_16.mp4,1270,87.08,122.44,12.57,28.88
warmup_16.mp4,1280,88.65,127.94,16.43,29.82
warmup_16.mp4,1290,85.02,136.95,9.0,40.67
warmup_16.mp4,1300,75.63,157.65,18.44,59.63
warmup_16.mp4,1310,77.38,140.07,14.81,68.39
warmup_16.mp4,1320,82.0,109.6,3.3,72.75
warmup_16.mp4,1330,121.05,91.99,17.81,88.03
warmup_16.mp4,1340,115.59,91.12,25.38,64.14
warmup_16.mp4,1350,128.54,113.95,31.19,29.07
warmup_16.mp4,1360,126.54,115.06,30.71,31.0
warmup_16.mp4,1370,119.88,113.53,25.68,37.94
warmup_16.mp4,1380,129.58,108.53,25.62,44.4
warmup_16.mp4,1390,150.57,92.87,16.1,74.58
warmup_16.mp4,1400,137.08,119.78,5.41,93.59
warmup_16.mp4,1410,88.12,126.81,3.93,92.36
warmup_16.mp4,1420,74.86,154.06,17.75,65.43
warmup_16.mp4,1430,80.74,141.9,12.67,50.54
warmup_16.mp4,1440,90.07,127.21,12.96,37.03
warmup_16.mp4,1450,91.66,112.68,14.23,24.27
warmup_16.mp4,1460,86.56,113.34,11.07,27.77
warmup_16.mp4,1470,83.31,133.48,11.07,39.08
warmup_16.mp4,1480,83.27,139.27,6.8,49.85
warmup_16.mp4,1490,83.71,159.25,11.7,65.44
warmup_16.mp4,1500,74.19,155.61,11.54,71.27
warmup_16.mp4,1510,86.6,104.91,17.44,87.2
warmup_16.mp4,1520,90.21,100.26,4.36,97.3
warmup_16.mp4,1530,138.97,74.27,12.72,87.25
warmup_16.mp4,1540,119.78,92.57,21.57,55.15
warmup_16.mp4,1550,124.74,101.92,35.89,42.98
warmup_16.mp4,1560,132.6,70.14,16.2,91.11
warmup_16.mp4,1570,106.85,101.11,7.0,94.96
warmup_16.mp4,1580,94.24,109.47,19.79,88.65
warmup_16.mp4,1590,75.18,137.29,11.36,77.26
warmup_16.mp4,1600,75.64,149.17,10.99,61.6
warmup_16.mp4,1610,87.37,119.22,16.94,27.3
warmup_16.mp4,1620,86.48,105.24,11.55,25.27
warmup_16.mp4,1630,84.35,109.24,10.17,28.38
warmup_16.mp4,1640,88.65,114.27,10.59,25.77
warmup_16.mp4,1650,87.21,135.39,9.46,37.2
warmup_16.mp4,1660,76.05,154.22,13.35,59.88
warmup_16.mp4,1670,71.79,148.67,13.04,62.87
warmup_16.mp4,1680,83.74,108.36,23.5,85.36
warmup_16.mp4,1690,75.7,100.28,15.77,89.18
warmup_16.mp4,1700,128.25,103.81,26.26,109.47
warmup_16.mp4,1710,130.96,69.79,34.86,86.89
warmup_16.mp4,1720,131.79,102.1,19.35,47.97
warmup_16.mp4,1730,128.07,82.26,21.79,75.28
warmup_16.mp4,1740,118.74,103.15,35.27,95.7
warmup_16.mp4,1750,89.97,95.37,24.0,87.02
warmup_16.mp4,1760,74.81,118.01,7.64,87.39
warmup_16.mp4,1770,76.32,151.65,9.27,71.16
warmup_16.mp4,1780,84.89,139.77,11.81,46.34
warmup_16.mp4,1790,87.37,130.56,14.75,32.79
warmup_16.mp4,1800,88.37,123.01,10.08,29.86
warmup_16.mp4,1810,86.3,121.23,10.43,27.12
warmup_16.mp4,1820,85.53,134.39,17.52,31.26
warmup_16.mp4,1830,85.19,143.15,10.11,48.41
warmup_16.mp4,1840,75.24,154.77,13.03,61.31
warmup_16.mp4,1850,78.72,143.28,2.94,70.88
warmup_16.mp4,1860,93.22,98.94,34.08,85.16
warmup_16.mp4,1870,75.84,97.97,10.54,92.87
warmup_16.mp4,1880,117.94,85.54,21.59,84.12
warmup_16.mp4,1890,134.51,74.13,18.15,79.35
warmup_16.mp4,1900,127.49,75.78,17.27,82.81
warmup_16.mp4,1910,114.47,91.71,47.8,83.28
warmup_16.mp4,1920,95.75,97.81,31.07,86.68
warmup_16.mp4,1930,66.53,127.04,7.55,85.81
warmup_16.mp4,1940,79.81,149.91,12.71,72.02
warmup_16.mp4,1950,85.06,131.0,15.77,43.9
warmup_16.mp4,1960,87.85,115.72,14.58,28.09
warmup_16.mp4,1970,86.67,107.67,11.53,26.91
warmup_16.mp4,1980,88.67,114.68,11.34,28.97
warmup_16.mp4,1990,89.13,124.06,11.68,31.15
warmup_16.mp4,2000,84.65,133.88,9.33,37.66
warmup_16.mp4,2010,78.89,149.06,8.75,56.54
warmup_16.mp4,2020,73.06,158.3,12.31,70.47
warmup_16.mp4,2030,74.21,134.35,7.4,76.89
warmup_16.mp4,2040,94.56,108.23,22.02,96.24
warmup_16.mp4,2050,151.14,115.79,18.25,105.1
warmup_16.mp4,2060,123.29,94.57,35.31,89.2
warmup_16.mp4,2070,122.78,98.96,31.83,61.91
warmup_16.mp4,2080,124.4,98.89,33.54,87.78
warmup_16.mp4,2090,126.76,106.05,29.76,95.69
warmup_16.mp4,2100,98.89,112.14,23.06,89.72
warmup_16.mp4,2110,86.02,120.82,5.28,93.26
warmup_16.mp4,2120,76.56,164.1,9.2,79.78
warmup_16.mp4,2130,84.7,148.45,12.14,49.27
warmup_16.mp4,2140,85.11,124.36,16.22,30.82
warmup_16.mp4,2150,85.11,111.64,11.26,30.61
warmup_16.mp4,2160,84.28,114.07,11.1,32.16
warmup_16.mp4,2170,84.21,128.18,14.8,35.43
warmup_16.mp4,2180,85.85,138.17,19.75,34.28
warmup_16.mp4,2190,80.19,151.04,14.36,54.03
warmup_16.mp4,2200,79.06,156.18,18.11,78.45
warmup_16.mp4,2210,79.33,110.89,8.5,80.7
warmup_16.mp4,2220,88.71,97.56,23.33,91.41
warmup_16.mp4,2230,123.19,81.78,28.03,82.5
warmup_16.mp4,2240,131.13,83.43,44.51,61.55
warmup_16.mp4,2250,123.32,96.47,35.46,47.44
warmup_16.mp4,2260,122.26,91.34,27.11,58.79
warmup_16.mp4,2270,113.08,90.2,8.2,95.13
warmup_16.mp4,2280,85.25,109.59,8.47,79.01
warmup_16.mp4,2290,76.05,131.46,10.81,82.2
warmup_16.mp4,2300,71.15,169.47,12.78,66.3
warmup_16.mp4,2310,84.28,156.64,11.97,49.74
warmup_16.mp4,2320,86.31,143.63,12.63,45.8
warmup_16.mp4,2330,77.83,136.37,17.09,43.25
warmup_16.mp4,2340,80.01,140.05,14.8,50.4
warmup_16.mp4,2350,84.49,143.6,17.8,44.37
warmup_16.mp4,2360,82.74,135.56,24.53,36.2
warmup_16.mp4,2370,84.36,134.94,29.59,35.39
warmup_16.mp4,2380,85.49,131.02,19.98,32.97
warmup_16.mp4,2390,88.16,128.05,23.97,24.54
warmup_16.mp4,2400,86.22,124.09,25.57,26.61
warmup_16.mp4,2410,85.98,122.92,19.53,28.28
warmup_16.mp4,2420,84.47,121.84,18.88,29.06
warmup_16.mp4,2430,84.49,124.14,18.69,26.75
warmup_17.mp4,10,85.83,129.27,29.2,29.34
warmup_17.mp4,20,86.24,133.63,32.51,30.64
warmup_17.mp4,30,87.79,131.21,29.21,27.86
warmup_17.mp4,40,85.42,132.71,33.03,30.43
warmup_17.mp4,50,81.56,123.31,23.04,27.13
warmup_17.mp4,60,81.54,119.1,27.08,28.28
warmup_17.mp4,70,86.73,142.32,23.23,46.46
warmup_17.mp4,80,87.81,148.78,18.3,55.66
warmup_17.mp4,90,83.47,131.15,13.05,50.43
warmup_17.mp4,100,87.3,143.6,11.98,63.51
warmup_17.mp4,110,82.47,141.29,39.44,59.3
warmup_17.mp4,120,89.08,161.63,109.27,130.86
warmup_17.mp4,130,153.6,146.98,156.46,171.26
warmup_17.mp4,140,143.96,144.67,150.75,167.48
warmup_17.mp4,150,148.31,142.53,152.18,150.34
warmup_17.mp4,160,163.15,164.19,53.68,72.82
warmup_17.mp4,170,88.66,122.65,23.97,58.16
warmup_17.mp4,180,85.72,130.18,22.63,50.95
warmup_17.mp4,190,122.98,156.95,95.87,123.87
warmup_17.mp4,200,156.33,157.86,164.67,166.74
warmup_17.mp4,210,148.42,155.32,152.97,171.34
warmup_17.mp4,220,144.74,148.63,150.87,171.79
warmup_17.mp4,230,163.66,170.37,73.58,99.73
warmup_17.mp4,240,88.09,126.72,19.03,55.43
warmup_17.mp4,250,84.4,130.74,16.4,52.47
warmup_17.mp4,260,170.35,170.16,114.62,129.33
warmup_17.mp4,270,153.15,155.34,156.4,174.03
warmup_17.mp4,280,155.89,152.41,158.81,171.22
warmup_17.mp4,290,138.39,146.33,154.54,152.16
warmup_17.mp4,300,162.59,167.94,64.02,84.73
warmup_17.mp4,310,87.3,129.26,24.89,59.57
warmup_17.mp4,320,95.56,127.22,24.87,50.93
warmup_17.mp4,330,163.51,165.52,102.46,117.01
warmup_17.mp4,340,143.06,152.67,154.92,166.08
warmup_17.mp4,350,130.27,151.09,146.37,164.4
warmup_17.mp4,360,144.74,149.36,155.84,171.77
warmup_17.mp4,370,156.37,162.37,102.11,125.5
warmup_17.mp4,380,87.28,130.66,21.71,56.33
warmup_17.mp4,390,86.38,126.09,23.31,59.05
warmup_17.mp4,400,159.88,166.59,65.38,86.96
warmup_17.mp4,410,139.32,149.26,146.72,144.32
warmup_17.mp4,420,142.13,148.46,154.14,168.5
warmup_17.mp4,430,153.44,154.44,161.99,170.38
warmup_17.mp4,440,102.54,159.31,125.17,131.43
warmup_17.mp4,450,80.82,124.37,32.88,41.45
warmup_17.mp4,460,84.45,116.04,24.64,50.48
warmup_17.mp4,470,149.75,150.09,69.56,76.93
warmup_17.mp4,480,134.2,144.05,152.69,157.88
warmup_17.mp4,490,153.96,152.94,167.19,169.64
warmup_17.mp4,500,155.92,149.43,162.21,173.83
warmup_17.mp4,510,157.22,162.16,112.21,132.17
warmup_17.mp4,520,82.15,127.6,31.27,40.53
warmup_17.mp4,530,93.04,127.57,28.47,58.29
warmup_17.mp4,540,85.61,130.92,22.23,68.38
warmup_17.mp4,550,79.3,118.86,15.37,45.73
warmup_17.mp4,560,81.51,123.32,15.66,40.33
warmup_17.mp4,570,83.8,126.75,19.39,36.36
warmup_17.mp4,580,87.51,119.24,14.69,25.95
warmup_17.mp4,590,87.81,118.71,20.63,26.21
warmup_17.mp4,600,87.54,121.87,24.99,28.09
warmup_17.mp4,610,93.77,122.3,11.42,31.69
warmup_17.mp4,620,91.69,123.21,16.04,28.1
warmup_17.mp4,630,88.78,122.1,21.24,28.8
warmup_17.mp4,640,88.88,122.79,21.08,29.69
warmup_18.mp4,10,140.25,173.27,23.76,16.12
warmup_18.mp4,20,139.68,174.98,21.44,15.6
warmup_18.mp4,30,140.49,173.45,21.34,16.31
warmup_18.mp4,40,140.7,173.55,19.98,16.58
warmup_18.mp4,50,139.42,171.55,19.95,17.01
warmup_18.mp4,60,138.81,170.26,20.33,17.0
warmup_18.mp4,70,137.19,173.47,23.16,17.08
warmup_18.mp4,80,133.4,167.04,28.02,19.96
warmup_18.mp4,90,133.23,166.19,25.79,21.14
warmup_18.mp4,100,152.07,153.47,19.16,61.47
warmup_18.mp4,110,138.46,142.89,46.82,81.28
warmup_18.mp4,120,116.85,153.68,135.43,105.4
warmup_18.mp4,130,159.98,124.85,145.3,118.88
warmup_18.mp4,140,136.41,124.43,171.19,115.61
warmup_18.mp4,150,154.42,169.33,97.24,103.31
warmup_18.mp4,160,140.67,157.39,67.04,108.22
warmup_18.mp4,170,132.56,132.7,42.54,82.24
warmup_18.mp4,180,127.27,156.17,48.74,68.64
warmup_18.mp4,190,144.8,155.11,73.28,103.7
warmup_18.mp4,200,151.81,163.4,124.97,109.92
warmup_18.mp4,210,163.57,125.48,154.64,115.12
warmup_18.mp4,220,158.73,137.02,153.24,118.18
warmup_18.mp4,230,138.92,150.51,163.14,120.61
warmup_18.mp4,240,161.49,169.18,118.92,118.33
warmup_18.mp4,250,143.09,142.39,91.8,97.9
warmup_18.mp4,260,157.57,146.65,6.02,33.81
warmup_18.mp4,270,136.69,154.42,63.71,106.4
warmup_18.mp4,280,145.96,159.08,68.33,91.63
warmup_18.mp4,290,135.75,145.03,151.67,111.34
warmup_18.mp4,300,158.77,145.66,162.9,106.54
warmup_18.mp4,310,155.69,127.3,165.02,111.25
warmup_18.mp4,320,143.29,140.22,162.57,110.93
warmup_18.mp4,330,157.98,160.75,122.41,124.86
warmup_18.mp4,340,143.16,147.6,81.91,102.92
warmup_18.mp4,350,111.69,148.42,23.12,52.75
warmup_18.mp4,360,144.68,142.64,60.27,88.63
warmup_18.mp4,370,150.79,156.14,79.26,101.18
warmup_18.mp4,380,134.24,154.91,148.2,108.33
warmup_18.mp4,390,143.47,134.1,174.73,112.27
warmup_18.mp4,400,151.28,136.47,170.25,108.55
warmup_18.mp4,410,144.02,135.13,170.5,108.78
warmup_18.mp4,420,158.66,161.79,117.48,110.44
warmup_18.mp4,430,139.31,150.08,89.33,101.53
warmup_18.mp4,440,133.84,144.09,81.41,88.14
warmup_18.mp4,450,139.8,152.67,57.94,89.9
warmup_18.mp4,460,139.66,162.3,59.7,85.33
warmup_18.mp4,470,161.49,161.46,103.78,106.11
warmup_18.mp4,480,141.55,134.62,148.49,109.06
warmup_18.mp4,490,165.11,145.54,156.02,104.55
warmup_18.mp4,500,166.87,149.2,149.19,108.77
warmup_18.mp4,510,142.52,146.62,159.97,115.33
warmup_18.mp4,520,157.17,168.63,116.17,119.29
warmup_18.mp4,530,126.23,108.78,69.68,67.58
warmup_18.mp4,540,119.48,148.16,21.33,36.92
warmup_18.mp4,550,137.47,147.14,45.06,60.17
warmup_18.mp4,560,143.16,158.26,49.31,84.01
warmup_18.mp4,570,166.38,164.3,110.26,117.36
warmup_18.mp4,580,137.05,146.64,166.21,114.27
warmup_18.mp4,590,151.03,129.65,173.6,112.78
warmup_18.mp4,600,137.85,119.97,154.4,118.42
warmup_18.mp4,610,137.5,134.95,127.01,110.03
warmup_18.mp4,620,163.67,155.39,90.48,83.68
warmup_18.mp4,630,132.36,178.3,40.13,39.54
warmup_18.mp4,640,136.62,172.17,33.15,18.17
warmup_18.mp4,650,137.44,174.77,14.28,14.61
warmup_18.mp4,660,139.08,172.3,20.22,15.52
warmup_18.mp4,670,138.33,171.69,24.14,14.93
warmup_18.mp4,680,139.37,170.96,17.28,19.25
warmup_18.mp4,690,139.79,169.99,15.76,17.36
warmup_18.mp4,700,140.43,172.12,19.23,16.71
warmup_19.mp4,10,85.03,123.17,20.13,28.04
warmup_19.mp4,20,87.53,125.89,19.44,29.78
warmup_19.mp4,30,87.69,130.68,22.11,31.57
warmup_19.mp4,40,87.53,130.44,20.86,30.99
warmup_19.mp4,50,87.06,131.27,21.4,29.03
warmup_19.mp4,60,84.47,120.95,19.09,26.67
warmup_19.mp4,70,87.0,133.63,24.5,31.98
warmup_19.mp4,80,82.04,128.41,19.64,36.65
warmup_19.mp4,90,85.59,119.4,14.4,31.56
warmup_19.mp4,100,86.87,118.45,13.3,32.96
warmup_19.mp4,110,88.57,122.89,16.77,32.75
warmup_19.mp4,120,156.57,162.72,26.61,50.4
warmup_19.mp4,130,130.28,155.05,117.06,122.27
warmup_19.mp4,140,143.75,143.61,160.16,173.83
warmup_19.mp4,150,138.5,150.91,176.28,160.75
warmup_19.mp4,160,154.53,157.76,124.22,121.74
warmup_19.mp4,170,82.4,144.09,35.88,95.47
warmup_19.mp4,180,131.48,173.48,66.9,105.2
warmup_19.mp4,190,131.02,157.18,78.31,105.4
warmup_19.mp4,200,142.62,147.48,100.03,123.06
warmup_19.mp4,210,135.43,154.54,161.0,145.75
warmup_19.mp4,220,153.29,151.64,164.2,176.37
warmup_19.mp4,230,145.1,156.1,122.24,125.4
warmup_19.mp4,240,155.84,135.93,131.66,118.2
warmup_19.mp4,250,140.93,170.03,78.82,106.25
warmup_19.mp4,260,132.1,161.78,70.66,97.05
warmup_19.mp4,270,152.06,156.99,108.58,126.82
warmup_19.mp4,280,147.49,151.16,165.27,175.46
warmup_19.mp4,290,134.41,135.19,161.22,143.82
warmup_19.mp4,300,142.5,147.95,162.38,160.63
warmup_19.mp4,310,154.31,155.52,102.86,118.55
warmup_19.mp4,320,146.03,166.42,89.24,108.03
warmup_19.mp4,330,130.83,171.74,68.84,101.39
warmup_19.mp4,340,155.98,158.91,73.6,89.92
warmup_19.mp4,350,145.4,153.58,168.41,170.81
warmup_19.mp4,360,126.27,130.86,172.1,143.39
warmup_19.mp4,370,149.46,149.82,164.37,164.55
warmup_19.mp4,380,139.92,156.93,106.25,125.64
warmup_19.mp4,390,133.61,145.15,95.75,111.55
warmup_19.mp4,400,125.52,163.83,65.7,90.3
warmup_19.mp4,410,135.58,152.16,82.24,105.22
warmup_19.mp4,420,150.29,162.47,119.09,125.99
warmup_19.mp4,430,145.7,140.63,166.23,174.5
warmup_19.mp4,440,147.57,143.07,173.21,170.7
warmup_19.mp4,450,133.52,134.49,141.28,138.44
warmup_19.mp4,460,155.31,135.39,132.29,124.06
warmup_19.mp4,470,151.38,165.39,90.05,106.5
warmup_19.mp4,480,141.92,165.53,79.69,104.71
warmup_19.mp4,490,138.97,129.27,75.43,80.25
warmup_19.mp4,500,123.28,155.32,165.87,166.98
warmup_19.mp4,510,90.81,120.54,151.15,139.27
warmup_19.mp4,520,139.09,142.31,170.14,161.23
warmup_19.mp4,530,124.57,117.81,151.79,157.52
warmup_19.mp4,540,121.14,147.34,79.68,105.34
warmup_19.mp4,550,135.98,166.22,80.64,107.5
warmup_19.mp4,560,127.76,158.11,70.05,102.59
warmup_19.mp4,570,159.2,158.23,51.58,81.99
warmup_19.mp4,580,156.87,153.05,63.49,90.33
warmup_19.mp4,590,135.81,148.85,38.48,62.59
warmup_19.mp4,600,73.01,109.73,38.54,38.83
warmup_19.mp4,610,81.34,121.23,23.67,29.18
warmup_19.mp4,620,85.78,114.81,16.79,23.2
warmup_19.mp4,630,87.27,122.97,19.09,26.88
warmup_19.mp4,640,83.53,119.46,22.07,27.42
warmup_19.mp4,650,85.96,116.86,18.87,25.4
warmup_2.mp4,10,150.64,165.73,22.08,21.74
warmup_2.mp4,20,151.96,165.6,20.33,21.15
warmup_2.mp4,30,151.49,167.43,22.04,21.72
warmup_2.mp4,40,154.95,166.84,20.08,21.04
warmup_2.mp4,50,152.54,163.97,18.84,17.03
warmup_2.mp4,60,147.43,170.8,18.02,16.57
warmup_2.mp4,70,145.6,178.4,26.79,16.32
warmup_2.mp4,80,119.83,153.22,64.72,54.23
warmup_2.mp4,90,147.34,171.02,91.56,90.86
warmup_2.mp4,100,136.22,84.14,148.67,84.16
warmup_2.mp4,110,148.36,92.44,167.59,90.64
warmup_2.mp4,120,145.83,103.54,138.13,99.26
warmup_2.mp4,130,139.42,97.21,156.04,94.09
warmup_2.mp4,140,134.75,94.56,154.62,103.25
warmup_2.mp4,150,143.45,93.3,156.67,93.51
warmup_2.mp4,160,148.22,104.63,145.29,104.04
warmup_2.mp4,170,137.45,102.59,158.07,109.34
warmup_2.mp4,180,158.89,100.25,160.17,98.07
warmup_2.mp4,190,123.97,118.26,138.02,88.47
warmup_2.mp4,200,142.86,163.81,71.99,77.93
warmup_2.mp4,210,128.76,161.09,49.4,52.11
warmup_2.mp4,220,140.5,175.14,30.94,19.46
warmup_2.mp4,230,153.21,173.8,20.72,16.35
warmup_2.mp4,240,152.32,173.01,20.53,21.84
warmup_2.mp4,250,150.26,170.01,18.11,20.93
warmup_2.mp4,260,151.3,172.41,20.54,20.68
warmup_2.mp4,270,153.65,172.18,20.94,18.99
warmup_2.mp4,280,154.23,173.18,19.72,17.81
warmup_2.mp4,290,157.81,165.91,22.75,14.4
warmup_2.mp4,300,137.38,174.22,37.45,43.77
warmup_2.mp4,310,125.97,166.19,73.05,80.77
warmup_2.mp4,320,138.81,159.77,116.88,73.9
warmup_2.mp4,330,132.96,100.05,164.18,102.48
warmup_2.mp4,340,144.92,104.27,166.71,92.62
warmup_2.mp4,350,147.75,100.52,151.54,98.3
warmup_2.mp4,360,143.61,99.85,154.39,91.98
warmup_2.mp4,370,142.82,101.57,148.25,95.35
warmup_2.mp4,380,140.68,100.99,148.25,94.03
warmup_2.mp4,390,146.02,103.37,146.82,96.56
warmup_2.mp4,400,139.88,103.9,151.63,91.36
warmup_2.mp4,410,156.87,104.27,170.15,83.84
warmup_2.mp4,420,136.26,168.2,113.93,88.63
warmup_2.mp4,430,134.95,167.01,66.75,85.15
warmup_2.mp4,440,125.33,157.51,46.09,62.3
warmup_2.mp4,450,138.42,171.91,24.98,30.03
warmup_2.mp4,460,148.89,173.84,19.89,18.42
warmup_2.mp4,470,155.51,171.14,17.6,22.32
warmup_2.mp4,480,155.54,168.41,20.64,20.82
warmup_2.mp4,490,154.37,171.41,21.74,20.1
warmup_2.mp4,500,154.28,167.56,24.57,18.01
warmup_2.mp4,510,135.67,166.34,39.7,47.28
warmup_2.mp4,520,101.32,165.1,83.84,84.48
warmup_2.mp4,530,153.66,165.21,111.41,95.45
warmup_2.mp4,540,140.49,90.23,134.1,94.83
warmup_2.mp4,550,126.16,88.29,148.25,93.15
warmup_2.mp4,560,150.87,92.66,161.77,84.74
warmup_2.mp4,570,133.27,99.02,148.16,88.53
warmup_2.mp4,580,132.35,91.77,147.76,85.47
warmup_2.mp4,590,133.43,89.99,144.17,87.51
warmup_2.mp4,600,134.66,98.18,144.19,97.73
warmup_2.mp4,610,134.44,95.95,147.51,102.73
warmup_2.mp4,620,128.73,91.77,166.89,102.99
warmup_2.mp4,630,125.64,146.01,141.15,76.96
warmup_2.mp4,640,150.95,163.07,76.7,89.98
warmup_2.mp4,650,104.46,155.45,77.17,75.93
warmup_2.mp4,660,133.42,166.18,31.34,49.33
warmup_2.mp4,670,147.59,167.26,21.99,22.22
warmup_2.mp4,680,155.52,172.48,20.21,18.58
warmup_2.mp4,690,154.08,173.44,16.24,18.31
warmup_2.mp4,700,154.19,170.5,17.69,15.8
warmup_2.mp4,710,148.56,165.5,22.25,21.41
warmup_2.mp4,720,137.06,162.08,46.34,65.84
warmup_2.mp4,730,152.98,165.91,75.73,88.96
warmup_2.mp4,740,133.87,145.67,147.25,89.98
warmup_2.mp4,750,132.1,89.17,134.15,85.26
warmup_2.mp4,760,136.33,96.52,130.6,91.86
warmup_2.mp4,770,146.28,110.97,158.57,107.06
warmup_2.mp4,780,141.98,104.71,137.82,101.11
warmup_2.mp4,790,147.49,100.2,120.98,96.27
warmup_2.mp4,800,146.91,100.99,130.19,102.52
warmup_2.mp4,810,151.53,97.38,116.08,94.66
warmup_2.mp4,820,152.06,94.46,113.85,93.82
warmup_2.mp4,830,128.39,97.59,150.8,80.24
warmup_2.mp4,840,141.74,168.29,111.42,102.51
warmup_2.mp4,850,151.42,164.05,61.95,80.89
warmup_2.mp4,860,137.27,160.16,38.35,63.86
warmup_2.mp4,870,152.52,176.16,22.05,18.99
warmup_2.mp4,880,148.69,173.51,22.08,18.53
warmup_2.mp4,890,156.29,170.23,19.01,18.79
warmup_2.mp4,900,151.5,171.95,21.31,17.83
warmup_2.mp4,910,151.17,168.94,24.52,19.15
warmup_2.mp4,920,138.79,173.24,29.18,41.62
warmup_2.mp4,930,134.13,162.46,101.04,80.35
warmup_2.mp4,940,150.42,165.05,107.31,96.79
warmup_2.mp4,950,144.25,95.56,132.96,103.98
warmup_2.mp4,960,127.14,89.28,146.33,94.0
warmup_2.mp4,970,129.3,97.12,147.97,93.95
warmup_2.mp4,980,140.12,101.35,141.73,94.23
warmup_2.mp4,990,140.62,93.55,132.46,85.68
warmup_2.mp4,1000,136.44,99.25,131.41,88.83
warmup_2.mp4,1010,144.01,95.39,157.66,90.22
warmup_2.mp4,1020,146.23,94.84,154.44,93.29
warmup_2.mp4,1030,131.37,93.34,147.37,82.14
warmup_2.mp4,1040,140.14,84.87,123.92,82.58
warmup_2.mp4,1050,119.19,164.46,128.5,82.74
warmup_2.mp4,1060,107.3,169.72,76.06,84.61
warmup_2.mp4,1070,130.01,156.5,40.32,65.38
warmup_2.mp4,1080,146.0,168.56,20.85,21.73
warmup_2.mp4,1090,148.43,177.1,23.13,16.13
warmup_2.mp4,1100,151.53,176.83,23.51,17.15
warmup_2.mp4,1110,146.23,173.51,23.3,16.86
warmup_2.mp4,1120,137.59,174.41,28.31,34.47
warmup_2.mp4,1130,165.53,164.73,98.52,73.09
warmup_2.mp4,1140,148.03,166.13,101.44,90.86
warmup_2.mp4,1150,139.02,92.21,140.62,98.15
warmup_2.mp4,1160,129.88,93.58,145.32,92.15
warmup_2.mp4,1170,140.37,97.24,154.34,84.79
warmup_2.mp4,1180,147.43,97.23,163.39,81.64
warmup_2.mp4,1190,157.08,101.79,167.12,83.11
warmup_2.mp4,1200,130.86,92.86,144.31,83.94
warmup_2.mp4,1210,133.12,96.97,160.18,81.44
warmup_2.mp4,1220,150.45,87.0,162.03,89.39
warmup_2.mp4,1230,134.8,165.01,107.26,89.19
warmup_2.mp4,1240,88.87,164.13,89.78,77.75
warmup_2.mp4,1250,131.19,160.09,41.04,45.38
warmup_2.mp4,1260,142.32,174.55,24.62,24.31
warmup_2.mp4,1270,147.37,175.09,24.89,18.73
warmup_2.mp4,1280,153.19,173.2,22.28,19.97
warmup_2.mp4,1290,149.92,174.08,27.58,20.64
warmup_2.mp4,1300,152.0,173.88,24.6,19.82
warmup_2.mp4,1310,149.8,172.96,24.67,19.31
warmup_2.mp4,1320,150.56,175.14,23.86,18.57
warmup_2.mp4,1330,148.65,176.45,25.27,17.05
warmup_3.mp4,10,83.93,137.42,24.06,35.03
warmup_3.mp4,20,84.71,135.24,24.02,34.58
warmup_3.mp4,30,84.41,132.09,22.77,32.54
warmup_3.mp4,40,84.57,133.4,22.2,34.02
warmup_3.mp4,50,84.45,134.76,19.72,35.24
warmup_3.mp4,60,84.6,130.41,18.94,34.29
warmup_3.mp4,70,85.94,129.57,20.33,31.75
warmup_3.mp4,80,86.21,132.6,22.33,33.0
warmup_3.mp4,90,85.01,130.13,18.89,35.18
warmup_3.mp4,100,83.64,138.97,24.79,47.62
warmup_3.mp4,110,74.52,133.55,55.08,40.21
warmup_3.mp4,120,80.63,170.02,77.04,63.53
warmup_3.mp4,130,110.78,172.02,60.44,78.63
warmup_3.mp4,140,168.43,164.97,84.92,98.09
warmup_3.mp4,150,171.51,160.65,79.96,100.2
warmup_3.mp4,160,171.45,162.39,83.34,101.8
warmup_3.mp4,170,167.82,160.03,136.48,139.16
warmup_3.mp4,180,159.29,159.4,137.02,139.57
warmup_3.mp4,190,156.66,159.58,137.49,144.26
warmup_3.mp4,200,156.84,158.68,139.61,143.91
warmup_3.mp4,210,162.8,161.26,144.01,145.96
warmup_3.mp4,220,165.79,155.71,131.83,134.74
warmup_3.mp4,230,170.27,157.35,71.74,92.03
warmup_3.mp4,240,132.94,162.95,54.68,64.27
warmup_3.mp4,250,85.94,151.1,65.05,51.11
warmup_3.mp4,260,74.8,125.24,29.86,55.87
warmup_3.mp4,270,78.89,123.7,16.93,41.67
warmup_3.mp4,280,83.36,124.7,21.33,29.33
warmup_3.mp4,290,87.64,118.25,18.91,24.39
warmup_3.mp4,300,88.66,118.64,19.55,23.89
warmup_3.mp4,310,86.01,120.57,18.45,25.61
warmup_3.mp4,320,86.45,123.19,19.36,25.65
warmup_3.mp4,330,86.75,125.11,20.87,28.02
warmup_3.mp4,340,88.03,128.71,13.14,33.45
warmup_3.mp4,350,89.47,132.34,11.97,44.09
warmup_3.mp4,360,84.75,138.41,20.22,50.81
warmup_3.mp4,370,83.97,144.04,31.98,54.17
warmup_3.mp4,380,87.34,166.22,65.9,49.63
warmup_3.mp4,390,105.63,170.18,69.59,63.24
warmup_3.mp4,400,159.26,168.81,68.76,86.78
warmup_3.mp4,410,168.36,155.92,86.39,99.07
warmup_3.mp4,420,166.72,156.32,152.56,151.4
warmup_3.mp4,430,167.93,161.06,155.5,155.3
warmup_3.mp4,440,163.41,157.2,147.19,145.2
warmup_3.mp4,450,165.59,152.88,148.9,147.52
warmup_3.mp4,460,165.29,152.72,145.88,143.16
warmup_3.mp4,470,164.92,157.62,146.34,144.43
warmup_3.mp4,480,165.87,160.68,64.03,73.07
warmup_3.mp4,490,81.09,167.87,57.61,79.39
warmup_3.mp4,500,86.12,148.75,25.33,64.24
warmup_3.mp4,510,85.84,130.98,19.94,52.49
warmup_3.mp4,520,79.08,126.64,11.32,41.96
warmup_3.mp4,530,84.68,123.09,17.97,29.84
warmup_3.mp4,540,85.74,123.35,15.54,32.36
warmup_3.mp4,550,87.93,117.01,19.69,24.86
warmup_3.mp4,560,87.13,118.79,20.1,23.84
warmup_3.mp4,570,83.92,121.9,15.14,29.47
warmup_3.mp4,580,86.95,120.43,17.28,30.07
warmup_3.mp4,590,90.34,126.42,13.4,30.97
warmup_3.mp4,600,85.11,121.51,9.36,36.55
warmup_3.mp4,610,89.33,125.19,13.3,46.26
warmup_3.mp4,620,84.57,139.98,16.82,55.84
warmup_3.mp4,630,85.43,158.1,56.75,56.66
warmup_3.mp4,640,139.23,171.32,59.93,58.86
warmup_3.mp4,650,165.89,163.86,91.73,105.34
warmup_3.mp4,660,160.24,157.38,142.39,144.51
warmup_3.mp4,670,153.34,156.81,124.42,127.83
warmup_3.mp4,680,157.49,155.68,123.76,125.01
warmup_3.mp4,690,166.9,157.86,148.23,148.31
warmup_3.mp4,700,163.7,157.32,148.22,150.57
warmup_3.mp4,710,167.12,159.47,148.61,148.93
warmup_3.mp4,720,163.0,151.52,96.74,105.54
warmup_3.mp4,730,165.05,159.88,76.64,89.68
warmup_3.mp4,740,141.61,163.16,54.2,69.15
warmup_3.mp4,750,80.15,146.92,43.18,72.68
warmup_3.mp4,760,79.46,132.21,27.41,54.53
warmup_3.mp4,770,78.61,122.36,14.22,47.95
warmup_3.mp4,780,86.99,125.12,9.24,35.31
warmup_3.mp4,790,85.44,128.16,19.4,29.58
warmup_3.mp4,800,91.1,131.57,24.25,30.04
warmup_3.mp4,810,92.58,129.89,20.03,27.65
warmup_3.mp4,820,90.23,124.31,17.13,27.22
warmup_3.mp4,830,87.99,128.65,12.19,34.93
warmup_3.mp4,840,88.14,126.38,15.66,29.08
warmup_3.mp4,850,84.51,126.31,9.69,39.86
warmup_3.mp4,860,89.77,129.25,13.0,48.48
warmup_3.mp4,870,78.96,139.77,26.26,54.72
warmup_3.mp4,880,128.42,173.44,41.49,54.11
warmup_3.mp4,890,162.74,172.5,76.67,92.41
warmup_3.mp4,900,163.8,160.21,125.59,132.1
warmup_3.mp4,910,165.24,154.95,154.91,152.07
warmup_3.mp4,920,164.36,154.81,149.66,147.68
warmup_3.mp4,930,164.82,163.11,152.87,153.55
warmup_3.mp4,940,166.38,159.93,150.26,149.38
warmup_3.mp4,950,169.13,161.44,154.9,154.2
warmup_3.mp4,960,169.75,161.31,156.11,155.48
warmup_3.mp4,970,161.87,163.87,70.74,89.87
warmup_3.mp4,980,117.41,173.88,59.38,59.07
warmup_3.mp4,990,89.29,154.4,53.64,45.16
warmup_3.mp4,1000,84.12,129.31,21.54,50.78
warmup_3.mp4,1010,81.4,122.27,12.13,35.82
warmup_3.mp4,1020,84.97,122.08,9.87,29.13
warmup_3.mp4,1030,85.82,120.72,14.91,25.46
warmup_3.mp4,1040,85.16,122.62,14.82,33.49
warmup_3.mp4,1050,85.09,124.76,14.57,34.45
warmup_3.mp4,1060,85.61,124.69,18.3,31.18
warmup_3.mp4,1070,87.49,124.51,11.92,31.32
warmup_3.mp4,1080,83.91,123.35,9.51,41.48
warmup_3.mp4,1090,93.07,134.58,12.73,53.42
warmup_3.mp4,1100,84.66,142.04,25.44,51.4
warmup_3.mp4,1110,92.13,169.87,66.1,60.59
warmup_3.mp4,1120,152.62,169.76,68.46,81.39
warmup_3.mp4,1130,144.45,163.5,136.52,146.58
warmup_3.mp4,1140,136.79,161.91,127.33,143.49
warmup_3.mp4,1150,156.34,161.98,143.37,152.43
warmup_3.mp4,1160,163.01,160.51,150.42,154.31
warmup_3.mp4,1170,147.02,155.5,134.57,143.41
warmup_3.mp4,1180,92.7,153.12,93.59,137.4
warmup_3.mp4,1190,109.0,159.48,104.21,148.18
warmup_3.mp4,1200,162.18,157.64,143.42,146.09
warmup_3.mp4,1210,165.54,164.65,74.97,95.99
warmup_3.mp4,1220,81.57,170.66,81.95,75.36
warmup_3.mp4,1230,88.38,148.94,40.57,61.97
warmup_3.mp4,1240,86.37,124.16,20.5,46.2
warmup_3.mp4,1250,85.6,122.46,12.88,34.86
warmup_3.mp4,1260,90.44,127.54,14.85,32.55
warmup_3.mp4,1270,87.56,124.25,17.93,29.86
warmup_3.mp4,1280,85.38,123.17,14.19,30.31
warmup_3.mp4,1290,85.73,122.81,16.55,29.4
warmup_3.mp4,1300,85.36,124.91,19.11,28.02
warmup_3.mp4,1310,86.14,128.14,17.45,32.32
warmup_3.mp4,1320,85.5,124.6,17.24,29.25
warmup_3.mp4,1330,86.4,121.98,15.84,29.4
warmup_3.mp4,1340,86.21,124.27,16.71,30.37
warmup_3.mp4,1350,86.56,129.61,19.23,32.57
warmup_3.mp4,1360,85.85,126.06,19.85,30.28
warmup_4.mp4,10,137.01,168.37,19.71,23.96
warmup_4.mp4,20,137.48,167.02,22.56,24.57
warmup_4.mp4,30,136.83,169.16,21.46,24.28
warmup_4.mp4,40,137.52,168.52,21.99,23.15
warmup_4.mp4,50,134.54,167.08,22.05,24.92
warmup_4.mp4,60,137.36,166.79,24.32,24.37
warmup_4.mp4,70,134.84,169.95,37.59,24.59
warmup_4.mp4,80,125.93,165.63,78.97,24.84
warmup_4.mp4,90,123.08,147.56,114.9,32.79
warmup_4.mp4,100,127.11,149.02,146.31,30.37
warmup_4.mp4,110,132.55,145.88,154.46,23.21
warmup_4.mp4,120,121.32,142.96,152.53,32.32
warmup_4.mp4,130,128.49,147.52,156.38,28.58
warmup_4.mp4,140,131.49,163.96,167.3,33.39
warmup_4.mp4,150,171.66,114.82,121.61,81.3
warmup_4.mp4,160,105.91,135.84,105.68,99.76
warmup_4.mp4,170,103.63,156.28,88.83,100.03
warmup_4.mp4,180,74.4,155.29,54.84,90.14
warmup_4.mp4,190,74.63,142.59,60.37,98.57
warmup_4.mp4,200,84.26,150.67,86.63,81.13
warmup_4.mp4,210,176.67,153.15,105.94,89.7
warmup_4.mp4,220,148.77,175.86,138.18,33.09
warmup_4.mp4,230,108.39,131.21,150.74,41.09
warmup_4.mp4,240,103.66,139.13,156.43,38.82
warmup_4.mp4,250,104.55,135.17,149.29,48.96
warmup_4.mp4,260,106.2,124.55,154.14,38.69
warmup_4.mp4,270,107.51,134.16,151.63,29.61
warmup_4.mp4,280,123.45,154.46,159.7,24.94
warmup_4.mp4,290,134.28,164.31,166.07,22.15
warmup_4.mp4,300,159.06,133.72,120.99,72.29
warmup_4.mp4,310,104.6,137.55,119.51,83.84
warmup_4.mp4,320,90.68,145.96,97.56,86.45
warmup_4.mp4,330,78.55,152.1,64.51,88.88
warmup_4.mp4,340,93.52,155.83,68.58,87.11
warmup_4.mp4,350,90.58,144.93,91.81,87.83
warmup_4.mp4,360,169.17,138.96,108.98,80.29
warmup_4.mp4,370,167.09,141.59,126.28,47.16
warmup_4.mp4,380,122.15,146.12,149.46,28.67
warmup_4.mp4,390,117.15,136.56,147.11,33.65
warmup_4.mp4,400,117.04,145.81,149.9,43.35
warmup_4.mp4,410,116.68,136.39,149.99,43.43
warmup_4.mp4,420,108.32,135.34,152.87,34.08
warmup_4.mp4,430,122.37,139.48,147.25,29.88
warmup_4.mp4,440,125.59,153.83,142.91,31.03
warmup_4.mp4,450,140.36,158.52,153.85,24.66
warmup_4.mp4,460,163.19,120.57,103.16,78.28
warmup_4.mp4,470,95.73,135.44,109.22,79.97
warmup_4.mp4,480,86.05,147.73,81.87,88.62
warmup_4.mp4,490,78.48,143.92,69.28,97.32
warmup_4.mp4,500,73.05,135.65,66.71,92.9
warmup_4.mp4,510,89.01,136.14,98.88,80.19
warmup_4.mp4,520,175.01,140.4,108.92,73.72
warmup_4.mp4,530,121.13,176.73,142.99,25.5
warmup_4.mp4,540,120.47,137.42,140.72,37.9
warmup_4.mp4,550,116.11,128.33,133.37,54.5
warmup_4.mp4,560,116.88,150.94,140.71,51.36
warmup_4.mp4,570,119.39,139.46,140.54,38.49
warmup_4.mp4,580,117.98,143.51,142.31,35.66
warmup_4.mp4,590,129.75,144.74,139.91,42.77
warmup_4.mp4,600,129.08,158.48,143.77,25.98
warmup_4.mp4,610,148.22,168.72,143.65,16.74
warmup_4.mp4,620,163.93,120.92,108.99,78.47
warmup_4.mp4,630,98.68,133.05,101.23,82.46
warmup_4.mp4,640,84.64,145.03,82.53,90.1
warmup_4.mp4,650,96.12,150.03,69.83,89.59
warmup_4.mp4,660,80.91,142.21,72.87,88.66
warmup_4.mp4,670,101.86,138.77,103.17,79.04
warmup_4.mp4,680,150.44,137.71,91.34,62.75
warmup_4.mp4,690,104.23,165.33,152.19,28.03
warmup_4.mp4,700,123.96,137.21,143.98,29.04
warmup_4.mp4,710,118.47,130.78,144.67,44.98
warmup_4.mp4,720,117.72,143.49,144.99,46.54
warmup_4.mp4,730,119.37,144.02,143.46,43.08
warmup_4.mp4,740,114.63,142.43,141.88,41.33
warmup_4.mp4,750,120.96,139.33,143.56,36.69
warmup_4.mp4,760,130.2,153.9,144.32,27.52
warmup_4.mp4,770,169.67,154.56,133.25,32.0
warmup_4.mp4,780,145.46,126.95,113.45,84.24
warmup_4.mp4,790,83.48,139.14,86.98,95.7
warmup_4.mp4,800,98.27,148.75,66.74,88.12
warmup_4.mp4,810,80.03,145.83,43.86,96.67
warmup_4.mp4,820,80.76,144.71,60.87,83.53
warmup_4.mp4,830,93.03,131.55,104.45,85.84
warmup_4.mp4,840,171.91,143.0,110.65,86.62
warmup_4.mp4,850,149.56,162.8,152.98,29.04
warmup_4.mp4,860,111.79,146.15,148.16,29.3
warmup_4.mp4,870,107.21,130.57,149.63,35.35
warmup_4.mp4,880,110.19,139.43,148.57,41.77
warmup_4.mp4,890,108.5,135.38,136.07,55.73
warmup_4.mp4,900,133.75,156.57,125.12,24.21
warmup_4.mp4,910,149.5,168.46,97.57,29.95
warmup_4.mp4,920,134.32,152.05,41.49,26.34
warmup_4.mp4,930,137.8,164.52,25.6,22.71
warmup_4.mp4,940,141.74,165.65,25.8,21.67
warmup_4.mp4,950,137.84,168.33,27.7,20.38
warmup_4.mp4,960,141.23,167.77,25.27,20.42
warmup_4.mp4,970,143.46,169.62,26.94,22.49
warmup_4.mp4,980,144.31,172.57,25.4,21.24
warmup_4.mp4,990,143.01,170.79,25.55,19.59
warmup_4.mp4,1000,141.99,169.78,26.46,18.62
warmup_4.mp4,1010,141.6,168.85,24.6,19.78
warmup_4.mp4,1020,140.0,168.76,22.52,19.83
warmup_4.mp4,1030,138.96,169.03,24.45,20.11
warmup_4.mp4,1040,135.82,167.98,23.81,19.22
warmup_4.mp4,1050,136.16,164.84,33.36,18.94
warmup_4.mp4,1060,134.69,166.34,31.03,19.78
warmup_4.mp4,1070,138.99,168.85,28.23,19.19
warmup_4.mp4,1080,139.42,170.62,28.16,17.55
warmup_4.mp4,1090,139.61,171.0,28.02,17.25
warmup_4.mp4,1100,139.18,172.77,29.94,15.8
warmup_4.mp4,1110,138.72,174.18,25.79,15.86
warmup_4.mp4,1120,137.73,173.86,25.0,16.14
warmup_4.mp4,1130,142.34,175.18,22.95,14.76
warmup_4.mp4,1140,140.06,175.21,23.1,15.17
warmup_5.mp4,10,143.56,168.61,21.35,16.78
warmup_5.mp4,20,142.88,167.78,20.91,18.8
warmup_5.mp4,30,145.57,166.42,21.6,19.95
warmup_5.mp4,40,142.88,166.68,18.26,18.8
warmup_5.mp4,50,143.6,166.13,14.94,18.94
warmup_5.mp4,60,143.24,167.45,17.83,18.52
warmup_5.mp4,70,143.17,166.18,20.01,18.68
warmup_5.mp4,80,144.81,166.69,20.92,18.83
warmup_5.mp4,90,147.73,168.19,23.35,19.57
warmup_5.mp4,100,142.16,167.06,26.41,22.76
warmup_5.mp4,110,139.78,165.93,24.34,21.25
warmup_5.mp4,120,137.91,169.21,26.17,22.1
warmup_5.mp4,130,137.66,168.03,29.16,25.15
warmup_5.mp4,140,148.43,171.57,26.75,26.91
warmup_5.mp4,150,146.82,166.04,40.49,42.61
warmup_5.mp4,160,148.57,164.47,15.63,31.98
warmup_5.mp4,180,156.95,167.96,17.62,20.32
warmup_5.mp4,210,167.83,165.81,33.05,17.6
warmup_5.mp4,230,162.74,174.07,24.88,38.71
warmup_5.mp4,240,151.43,177.69,22.31,13.19
warmup_5.mp4,250,163.32,175.21,14.21,16.85
warmup_5.mp4,260,151.66,170.51,18.55,20.99
warmup_5.mp4,270,164.61,168.88,16.38,18.67
warmup_5.mp4,280,99.45,162.53,10.49,41.23
warmup_5.mp4,290,163.3,171.29,15.69,21.57
warmup_5.mp4,300,166.92,159.58,163.19,155.15
warmup_5.mp4,330,166.68,165.54,15.65,24.3
warmup_5.mp4,350,160.12,167.07,19.07,23.27
warmup_5.mp4,360,170.7,174.05,12.24,21.7
warmup_5.mp4,370,156.01,166.4,17.84,24.46
warmup_5.mp4,390,157.39,176.17,13.47,14.95
warmup_5.mp4,400,144.55,176.03,32.19,12.69
warmup_5.mp4,410,175.12,162.62,149.98,129.2
warmup_5.mp4,450,156.26,172.45,13.03,17.86
warmup_5.mp4,460,153.03,171.59,11.97,26.05
warmup_5.mp4,510,147.81,168.4,8.49,25.52
warmup_5.mp4,540,155.92,165.31,15.54,26.43
warmup_5.mp4,550,149.52,162.06,27.97,26.45
warmup_5.mp4,560,141.09,165.57,28.61,27.65
warmup_5.mp4,570,129.51,160.15,28.07,36.89
warmup_5.mp4,580,150.47,159.52,26.51,23.48
warmup_5.mp4,590,141.26,167.17,34.78,24.04
warmup_5.mp4,600,138.89,169.85,32.97,25.46
warmup_5.mp4,610,140.67,171.35,27.16,22.1
warmup_5.mp4,620,146.53,169.41,26.24,16.44
warmup_5.mp4,630,143.8,170.88,26.86,15.92
warmup_5.mp4,640,144.44,164.64,24.92,17.9
warmup_5.mp4,650,139.37,167.07,23.67,17.3
warmup_5.mp4,660,145.47,168.58,26.26,15.72
warmup_5.mp4,670,145.75,165.99,23.7,17.76
warmup_6.mp4,10,86.04,121.95,27.05,30.4
warmup_6.mp4,20,86.27,126.92,32.9,30.3
warmup_6.mp4,30,87.04,127.92,31.98,31.88
warmup_6.mp4,40,84.81,123.35,31.03,28.51
warmup_6.mp4,50,85.72,118.4,30.17,24.41
warmup_6.mp4,60,89.13,119.67,27.71,24.95
warmup_6.mp4,70,87.32,113.35,22.42,24.16
warmup_6.mp4,80,82.77,120.87,29.29,27.9
warmup_6.mp4,90,83.93,110.21,21.93,19.86
warmup_6.mp4,100,82.68,112.18,12.8,25.26
warmup_6.mp4,110,81.78,115.16,17.22,24.85
warmup_6.mp4,120,81.73,127.78,25.41,32.1
warmup_6.mp4,130,86.29,119.58,21.84,26.55
warmup_6.mp4,140,85.21,117.48,19.64,28.74
warmup_6.mp4,150,85.96,114.48,22.56,23.61
warmup_6.mp4,160,83.41,113.77,23.75,25.13
warmup_6.mp4,170,81.72,113.12,19.76,23.79
warmup_6.mp4,180,84.3,114.79,16.67,22.84
warmup_6.mp4,190,81.04,112.61,14.91,24.93
warmup_6.mp4,200,83.37,125.34,33.37,27.67
warmup_6.mp4,210,83.34,115.28,25.77,26.18
warmup_6.mp4,220,86.46,121.19,20.94,29.98
warmup_6.mp4,230,88.29,114.67,20.46,25.79
warmup_6.mp4,240,83.28,119.49,23.62,27.66
warmup_6.mp4,250,83.62,122.71,31.45,26.85
warmup_6.mp4,260,85.44,114.36,15.69,24.24
warmup_6.mp4,270,84.8,109.4,13.07,23.88
warmup_6.mp4,280,85.14,119.06,25.71,23.6
warmup_6.mp4,290,84.52,124.65,31.14,28.15
warmup_6.mp4,300,86.24,116.69,23.67,24.44
warmup_6.mp4,310,87.09,116.14,22.28,24.37
warmup_6.mp4,320,85.5,124.27,31.92,28.65
warmup_6.mp4,330,83.46,114.87,22.3,24.1
warmup_6.mp4,340,84.26,107.22,16.17,20.85
warmup_6.mp4,350,84.33,112.22,13.92,23.98
warmup_6.mp4,360,83.39,126.38,33.13,30.02
warmup_6.mp4,370,86.68,122.58,31.16,25.82
warmup_6.mp4,380,88.76,111.83,22.76,21.74
warmup_6.mp4,390,89.72,115.5,24.87,21.47
warmup_6.mp4,400,90.21,118.68,24.69,23.99
warmup_6.mp4,410,85.71,128.63,37.14,28.42
warmup_6.mp4,420,83.86,117.45,25.14,21.56
warmup_6.mp4,430,84.6,107.23,13.52,20.76
warmup_6.mp4,440,81.53,102.56,15.99,17.82
warmup_6.mp4,450,84.72,133.59,36.94,30.1
warmup_6.mp4,460,87.93,125.75,29.7,27.29
warmup_6.mp4,470,86.89,122.69,26.09,28.74
warmup_6.mp4,480,87.1,123.99,27.59,27.84
warmup_6.mp4,490,88.18,129.36,27.48,29.79
warmup_6.mp4,500,89.8,115.11,22.04,23.19
warmup_6.mp4,510,91.3,105.62,16.42,18.87
warmup_6.mp4,520,97.08,101.41,12.65,18.3
warmup_6.mp4,530,90.91,103.2,14.85,18.57
warmup_6.mp4,540,86.03,135.67,34.34,31.8
warmup_6.mp4,550,89.18,162.2,42.71,45.35
warmup_6.mp4,560,87.3,161.88,48.74,46.73
warmup_6.mp4,570,84.95,129.15,33.66,29.94
warmup_6.mp4,580,89.47,102.26,16.22,17.95
warmup_6.mp4,590,95.25,101.75,14.26,18.8
warmup_6.mp4,600,89.69,104.16,18.64,19.73
warmup_6.mp4,610,86.33,137.05,35.98,33.65
warmup_6.mp4,620,92.49,162.33,41.97,45.7
warmup_6.mp4,630,88.86,151.04,40.06,41.13
warmup_6.mp4,640,86.57,114.83,27.87,22.29
warmup_6.mp4,650,92.41,98.79,13.71,17.98
warmup_6.mp4,660,91.78,94.82,14.11,16.96
warmup_6.mp4,670,88.66,110.68,20.5,22.94
warmup_6.mp4,680,90.08,155.8,41.71,44.8
warmup_6.mp4,690,89.34,155.92,44.57,44.58
warmup_6.mp4,700,83.84,125.27,28.39,30.85
warmup_6.mp4,710,89.89,103.49,18.13,20.03
warmup_6.mp4,720,91.42,95.78,13.62,18.62
warmup_6.mp4,730,86.4,104.98,17.79,21.62
warmup_6.mp4,740,85.23,132.16,33.45,35.29
warmup_6.mp4,750,88.09,157.88,41.66,45.18
warmup_6.mp4,760,86.92,154.74,40.7,47.07
warmup_6.mp4,770,81.99,117.71,31.65,26.82
warmup_6.mp4,780,91.02,104.77,17.72,19.28
warmup_6.mp4,790,91.32,95.37,13.56,17.34
warmup_6.mp4,800,89.05,101.77,15.73,19.78
warmup_6.mp4,810,83.41,122.5,32.42,29.18
warmup_6.mp4,820,90.27,157.64,41.86,46.84
warmup_6.mp4,830,86.97,155.96,44.87,46.29
warmup_6.mp4,840,85.79,133.88,32.86,35.28
warmup_6.mp4,850,86.35,106.54,22.02,20.8
warmup_6.mp4,860,91.66,96.15,14.33,17.34
warmup_6.mp4,870,92.14,95.16,14.97,17.37
warmup_6.mp4,880,85.58,105.29,23.36,19.91
warmup_6.mp4,890,82.77,130.22,35.59,31.84
warmup_6.mp4,900,86.76,141.86,38.22,38.47
warmup_6.mp4,910,84.7,132.68,35.98,33.15
warmup_6.mp4,920,84.26,124.71,31.71,29.72
warmup_6.mp4,930,83.24,125.15,32.12,30.46
warmup_6.mp4,940,83.33,123.42,32.15,29.12
warmup_6.mp4,950,83.96,122.04,29.51,29.04
warmup_6.mp4,960,83.64,121.89,29.21,28.15
warmup_6.mp4,970,83.79,123.44,31.26,28.1
warmup_6.mp4,980,84.34,129.13,38.52,29.72
warmup_6.mp4,990,84.02,124.04,34.49,28.65
warmup_6.mp4,1000,82.89,117.24,28.11,28.39
warmup_6.mp4,1010,86.33,116.53,21.84,27.6
warmup_6.mp4,1020,85.54,118.63,21.46,29.94
warmup_6.mp4,1030,82.67,123.22,30.55,31.43
warmup_6.mp4,1040,83.82,127.57,30.14,31.96
warmup_6.mp4,1050,83.62,125.36,31.13,29.05
warmup_6.mp4,1060,83.48,131.12,37.87,34.35
warmup_6.mp4,1070,82.24,123.3,33.03,30.66
warmup_6.mp4,1080,85.73,116.55,22.62,28.82
warmup_6.mp4,1090,85.98,122.94,25.64,31.38
warmup_6.mp4,1100,85.51,122.17,24.23,33.06
warmup_6.mp4,1110,83.77,124.05,32.64,31.03
warmup_6.mp4,1120,82.76,128.6,37.75,31.32
warmup_6.mp4,1130,82.22,130.46,40.57,31.52
warmup_6.mp4,1140,83.98,135.2,40.35,34.44
warmup_6.mp4,1150,84.72,125.6,32.64,30.71
warmup_6.mp4,1160,82.4,118.48,27.34,28.71
warmup_6.mp4,1170,88.54,121.92,22.68,30.68
warmup_6.mp4,1180,84.03,121.66,25.87,29.52
warmup_6.mp4,1190,83.73,126.98,31.57,32.46
warmup_6.mp4,1200,82.94,127.2,34.32,28.65
warmup_6.mp4,1210,83.27,132.53,37.27,29.89
warmup_6.mp4,1220,85.53,131.67,35.8,31.68
warmup_6.mp4,1230,83.23,120.76,29.3,28.24
warmup_6.mp4,1240,87.22,118.29,20.19,30.12
warmup_6.mp4,1250,87.96,123.98,23.72,31.8
warmup_6.mp4,1260,81.42,120.25,29.15,31.19
warmup_6.mp4,1270,83.0,128.08,32.14,33.55
warmup_6.mp4,1280,81.41,125.5,34.39,28.47
warmup_6.mp4,1290,83.94,137.47,38.67,35.5
warmup_6.mp4,1300,85.38,139.15,40.06,36.48
warmup_6.mp4,1310,84.9,119.85,24.92,30.15
warmup_6.mp4,1320,84.92,119.44,24.82,29.41
warmup_6.mp4,1330,84.5,120.0,23.06,31.19
warmup_6.mp4,1340,83.02,117.73,24.27,31.2
warmup_6.mp4,1350,80.49,124.59,38.31,27.95
warmup_6.mp4,1360,81.86,127.25,40.36,28.16
warmup_6.mp4,1370,82.38,130.2,38.99,30.4
warmup_6.mp4,1380,81.74,131.02,39.08,32.2
warmup_6.mp4,1390,88.44,123.97,31.56,25.9
warmup_6.mp4,1400,89.09,127.69,23.3,33.56
warmup_6.mp4,1410,88.39,127.27,26.71,31.09
warmup_6.mp4,1420,87.09,122.93,26.31,28.84
warmup_6.mp4,1430,85.62,119.81,27.28,28.18
warmup_6.mp4,1440,85.51,119.38,26.0,29.58
warmup_6.mp4,1450,85.7,118.51,24.37,29.75
warmup_7.mp4,10,88.09,120.6,23.51,25.36
warmup_7.mp4,20,87.88,118.69,22.43,24.51
warmup_7.mp4,30,87.78,118.68,21.39,26.2
warmup_7.mp4,40,87.5,116.59,15.43,23.23
warmup_7.mp4,50,78.63,113.94,25.78,23.55
warmup_7.mp4,60,171.56,134.62,74.44,79.41
warmup_7.mp4,70,162.12,155.71,68.99,132.93
warmup_7.mp4,80,162.81,166.95,160.02,159.87
warmup_7.mp4,90,156.04,169.93,94.14,123.54
warmup_7.mp4,100,138.77,170.0,37.5,57.85
warmup_7.mp4,110,88.47,119.82,20.2,28.39
warmup_7.mp4,120,122.57,123.28,18.36,38.03
warmup_7.mp4,130,148.67,141.44,75.8,101.89
warmup_7.mp4,140,114.64,168.05,91.6,156.28
warmup_7.mp4,150,142.18,168.73,112.29,119.88
warmup_7.mp4,160,125.05,173.41,45.82,67.14
warmup_7.mp4,170,89.76,114.83,15.03,24.75
warmup_7.mp4,180,140.42,119.06,33.98,46.75
warmup_7.mp4,190,146.12,146.62,81.56,110.06
warmup_7.mp4,200,161.81,170.98,161.89,159.62
warmup_7.mp4,210,157.19,169.37,130.09,107.3
warmup_7.mp4,220,135.99,173.42,35.64,84.9
warmup_7.mp4,230,91.41,121.97,18.1,29.49
warmup_7.mp4,240,120.53,121.49,8.21,40.95
warmup_7.mp4,250,154.6,154.45,75.4,110.89
warmup_7.mp4,260,148.05,169.99,148.3,155.64
warmup_7.mp4,270,142.28,172.04,148.59,128.6
warmup_7.mp4,280,79.57,175.29,83.23,105.24
warmup_7.mp4,290,89.55,125.64,25.28,32.08
warmup_7.mp4,300,83.29,109.07,29.2,24.21
warmup_7.mp4,310,169.62,133.13,82.34,75.27
warmup_7.mp4,320,154.74,164.07,63.31,143.16
warmup_7.mp4,330,167.0,170.23,164.89,170.6
warmup_7.mp4,340,167.93,177.06,87.2,127.87
warmup_7.mp4,350,89.57,151.95,57.56,44.29
warmup_7.mp4,360,78.8,102.81,20.33,23.51
warmup_7.mp4,370,173.91,149.97,83.83,94.48
warmup_7.mp4,380,109.42,160.31,80.99,142.68
warmup_7.mp4,390,166.91,170.53,164.22,170.05
warmup_7.mp4,400,118.26,177.69,96.19,117.74
warmup_7.mp4,410,92.46,133.68,56.94,33.04
warmup_7.mp4,420,85.49,110.83,17.18,25.45
warmup_7.mp4,430,88.54,117.43,16.72,25.81
warmup_7.mp4,440,88.13,115.66,18.94,27.12
warmup_7.mp4,450,85.95,118.55,19.88,28.38
warmup_7.mp4,460,84.44,111.64,16.06,29.27
warmup_7.mp4,470,83.56,110.98,17.95,28.46
warmup_8.mp4,10,165.04,138.58,23.74,20.28
warmup_8.mp4,20,166.91,137.67,28.43,20.35
warmup_8.mp4,30,166.52,137.03,27.0,17.26
warmup_8.mp4,40,164.68,139.27,22.87,20.57
warmup_8.mp4,50,150.92,129.74,38.75,22.82
warmup_8.mp4,60,155.57,127.35,30.47,20.42
warmup_8.mp4,70,164.74,135.86,22.29,19.31
warmup_8.mp4,80,157.7,132.96,23.47,20.08
warmup_8.mp4,90,139.66,121.94,44.91,18.22
warmup_8.mp4,100,159.06,127.71,27.8,24.04
warmup_8.mp4,110,170.54,136.46,27.14,17.67
warmup_8.mp4,120,157.65,137.83,23.8,20.86
warmup_8.mp4,130,142.21,120.99,55.68,17.78
warmup_8.mp4,140,159.14,130.13,29.18,21.58
warmup_8.mp4,150,166.28,130.88,22.46,18.66
warmup_8.mp4,160,159.61,138.43,24.38,21.53
warmup_8.mp4,170,143.01,130.79,43.5,16.47
warmup_8.mp4,180,161.75,130.62,22.11,9.12
warmup_8.mp4,190,166.33,135.52,19.55,21.17
warmup_8.mp4,200,165.45,137.7,17.73,23.32
warmup_8.mp4,210,154.53,125.75,30.8,28.69
warmup_8.mp4,220,146.66,123.25,45.38,13.6
warmup_8.mp4,230,160.35,134.33,27.45,16.09
warmup_8.mp4,240,161.99,138.83,24.35,14.78
warmup_8.mp4,250,162.66,133.23,16.77,17.55
warmup_8.mp4,260,170.72,133.36,15.83,18.7
warmup_8.mp4,270,169.0,132.85,16.93,16.87
warmup_8.mp4,280,165.94,135.94,19.96,13.67
warmup_8.mp4,290,170.44,147.35,26.43,9.24
warmup_8.mp4,300,167.78,144.5,29.98,16.14
warmup_8.mp4,310,174.4,136.45,19.23,19.41
warmup_8.mp4,320,169.58,140.24,18.82,13.77
warmup_8.mp4,330,167.43,142.84,22.58,13.69
warmup_8.mp4,340,161.71,140.86,22.64,19.88
warmup_8.mp4,350,166.27,134.21,21.05,21.66
warmup_8.mp4,360,167.39,141.58,22.14,10.47
warmup_8.mp4,370,163.39,142.19,23.15,14.13
warmup_8.mp4,380,167.18,132.95,19.14,26.53
warmup_8.mp4,390,165.9,136.58,16.85,14.86
warmup_8.mp4,400,162.27,140.39,21.34,11.61
warmup_8.mp4,410,163.78,141.7,26.66,17.66
warmup_8.mp4,420,168.74,137.9,21.56,19.17
warmup_8.mp4,430,168.1,140.42,20.2,11.27
warmup_8.mp4,440,166.8,144.84,24.81,14.34
warmup_8.mp4,450,171.68,144.26,25.49,19.13
warmup_8.mp4,460,169.21,137.47,19.63,17.18
warmup_8.mp4,470,155.3,134.03,23.25,16.91
warmup_8.mp4,480,158.38,130.21,22.73,20.1
warmup_8.mp4,490,159.53,134.41,23.68,21.14
warmup_8.mp4,500,160.04,135.79,22.21,17.9
warmup_8.mp4,510,162.48,132.05,25.21,24.11
warmup_8.mp4,520,162.73,131.3,22.7,23.0
warmup_8.mp4,530,165.08,133.01,23.43,21.95
warmup_8.mp4,540,162.26,131.17,23.19,18.82
warmup_8.mp4,550,164.01,133.44,25.2,20.03
warmup_8.mp4,560,164.79,132.65,24.59,21.2
warmup_9.mp4,10,88.49,133.87,31.92,31.59
warmup_9.mp4,20,86.83,132.76,37.17,30.87
warmup_9.mp4,30,86.84,130.36,35.87,30.59
warmup_9.mp4,40,86.75,129.02,30.48,35.36
warmup_9.mp4,50,86.86,134.04,39.42,42.85
warmup_9.mp4,60,101.0,168.83,100.7,57.75
warmup_9.mp4,70,163.68,167.94,148.54,42.43
warmup_9.mp4,80,143.1,156.52,171.04,42.23
warmup_9.mp4,90,154.22,168.39,167.72,41.62
warmup_9.mp4,100,135.87,172.69,154.12,37.88
warmup_9.mp4,110,123.17,167.28,150.06,45.28
warmup_9.mp4,120,139.39,170.93,156.59,39.75
warmup_9.mp4,130,124.54,164.89,103.37,46.23
warmup_9.mp4,140,105.12,174.01,65.9,105.75
warmup_9.mp4,150,125.8,167.73,46.46,150.91
warmup_9.mp4,160,169.4,172.37,40.37,173.85
warmup_9.mp4,170,107.13,171.04,51.3,144.87
warmup_9.mp4,180,163.83,163.92,65.03,167.26
warmup_9.mp4,190,161.15,169.59,52.97,172.66
warmup_9.mp4,200,81.48,171.59,59.71,126.22
warmup_9.mp4,210,101.83,174.05,89.82,99.53
warmup_9.mp4,220,128.8,144.72,136.04,42.47
warmup_9.mp4,230,157.84,164.85,153.05,33.77
warmup_9.mp4,240,160.7,153.02,148.16,40.54
warmup_9.mp4,250,159.49,150.8,149.57,34.56
warmup_9.mp4,260,161.28,153.12,156.18,37.62
warmup_9.mp4,270,157.88,161.08,163.28,52.88
warmup_9.mp4,280,145.54,139.7,143.51,39.06
warmup_9.mp4,290,108.45,176.71,73.32,102.59
warmup_9.mp4,300,115.56,170.35,52.18,137.38
warmup_9.mp4,310,172.85,170.81,42.88,171.05
warmup_9.mp4,320,97.51,170.55,29.8,162.34
warmup_9.mp4,330,172.24,167.74,33.44,172.43
warmup_9.mp4,340,174.98,169.2,40.32,171.15
warmup_9.mp4,350,114.67,172.54,48.02,148.81
warmup_9.mp4,360,145.49,177.99,78.35,115.25
warmup_9.mp4,370,126.6,149.86,137.51,35.71
warmup_9.mp4,380,160.47,154.57,152.52,31.11
warmup_9.mp4,390,165.75,152.07,141.16,37.28
warmup_9.mp4,400,169.24,159.76,129.25,32.38
warmup_9.mp4,410,159.97,162.31,150.64,36.85
warmup_9.mp4,420,164.8,147.75,154.66,43.14
warmup_9.mp4,430,115.62,132.45,123.97,34.23
warmup_9.mp4,440,118.66,178.26,62.76,107.59
warmup_9.mp4,450,163.17,169.99,89.96,114.58
warmup_9.mp4,460,158.17,167.1,67.84,166.65
warmup_9.mp4,470,173.69,166.36,53.12,159.99
warmup_9.mp4,480,168.64,167.85,63.66,163.94
warmup_9.mp4,490,158.32,172.85,46.22,172.67
warmup_9.mp4,500,111.16,172.09,37.51,155.71
warmup_9.mp4,510,122.27,178.62,78.96,108.46
warmup_9.mp4,520,108.12,161.27,128.29,51.36
warmup_9.mp4,530,165.87,175.63,142.95,33.29
warmup_9.mp4,540,160.11,148.88,162.85,36.12
warmup_9.mp4,550,162.69,168.93,140.83,37.93
warmup_9.mp4,560,167.59,172.38,137.59,27.34
warmup_9.mp4,570,159.98,155.62,168.76,32.76
warmup_9.mp4,580,135.69,162.21,142.82,38.41
warmup_9.mp4,590,129.86,177.81,95.28,95.76
warmup_9.mp4,600,106.27,173.61,56.73,105.47
warmup_9.mp4,610,130.37,170.72,42.21,170.74
warmup_9.mp4,620,158.0,169.7,45.02,170.81
warmup_9.mp4,630,108.65,167.62,46.32,157.58
warmup_9.mp4,640,115.57,169.29,56.17,170.33
warmup_9.mp4,650,171.84,164.38,46.63,170.69
warmup_9.mp4,660,115.22,171.27,65.34,96.96
warmup_9.mp4,670,104.01,173.02,115.45,68.89
warmup_9.mp4,680,145.14,174.18,159.22,43.85
warmup_9.mp4,690,143.32,169.57,173.42,47.45
warmup_9.mp4,700,150.79,159.86,164.63,33.26
warmup_9.mp4,710,161.22,162.5,149.43,28.84
warmup_9.mp4,720,162.15,174.72,147.9,71.61
warmup_9.mp4,730,161.86,166.71,147.57,34.07
warmup_9.mp4,740,112.85,173.65,113.44,57.71
warmup_9.mp4,750,117.59,174.81,46.42,97.98
warmup_9.mp4,760,170.81,170.06,65.9,157.52
warmup_9.mp4,770,157.91,172.16,43.81,173.05
warmup_9.mp4,780,108.16,172.36,35.24,155.65
warmup_9.mp4,790,172.47,170.37,29.11,171.56
warmup_9.mp4,800,168.18,171.21,40.91,170.25
warmup_9.mp4,810,134.02,172.6,39.12,153.94
warmup_9.mp4,820,113.19,173.88,41.88,97.31
warmup_9.mp4,830,85.37,127.5,58.87,32.05
warmup_9.mp4,840,83.74,128.57,23.06,33.25
warmup_9.mp4,850,88.26,121.34,17.44,30.4
warmup_9.mp4,860,86.87,121.81,24.59,27.07
warmup_9.mp4,870,89.97,124.98,28.52,29.24
warmup_9.mp4,880,89.85,128.16,33.67,28.35
warmup_9.mp4,890,90.39,127.77,31.98,28.95
w_raise.mp4,10,139.4,172.05,18.97,9.83
w_raise.mp4,20,142.51,172.36,18.12,9.25
w_raise.mp4,30,143.23,172.17,19.15,10.49
w_raise.mp4,40,140.21,172.08,17.07,10.72
w_raise.mp4,50,138.12,178.89,20.63,10.92
w_raise.mp4,60,137.76,177.94,22.25,12.87
w_raise.mp4,70,147.84,171.65,22.47,15.82
w_raise.mp4,80,138.95,173.41,24.52,29.65
w_raise.mp4,90,136.67,167.35,22.24,62.17
w_raise.mp4,100,137.26,153.51,35.91,94.09
w_raise.mp4,110,140.58,153.82,62.75,102.32
w_raise.mp4,120,143.49,156.03,82.5,112.5
w_raise.mp4,130,139.41,147.18,75.38,85.21
w_raise.mp4,140,145.49,148.95,75.56,107.19
w_raise.mp4,150,124.52,145.96,116.49,90.16
w_raise.mp4,160,161.47,115.93,120.18,93.85
w_raise.mp4,170,153.06,108.86,128.4,85.64
w_raise.mp4,180,138.07,117.27,129.87,89.36
w_raise.mp4,190,154.32,101.53,139.48,86.21
w_raise.mp4,200,144.85,118.51,128.72,92.53
w_raise.mp4,210,139.98,133.68,126.98,88.21
w_raise.mp4,220,129.58,138.17,112.06,83.23
w_raise.mp4,230,117.47,147.36,87.76,104.41
w_raise.mp4,240,132.26,156.56,89.33,104.95
w_raise.mp4,250,143.25,159.51,68.27,95.27
w_raise.mp4,260,139.25,153.45,66.98,89.28
w_raise.mp4,270,136.3,145.29,68.48,80.8
w_raise.mp4,280,141.66,141.84,69.51,95.93
w_raise.mp4,290,149.46,136.95,93.87,90.01
w_raise.mp4,300,147.51,122.26,119.35,85.08
w_raise.mp4,310,122.63,112.85,123.15,83.96
w_raise.mp4,320,140.94,117.1,108.98,81.43
w_raise.mp4,330,142.6,117.75,121.81,83.38
w_raise.mp4,340,143.39,121.58,121.06,87.25
w_raise.mp4,350,150.22,110.1,127.36,87.42
w_raise.mp4,360,149.65,100.97,122.07,86.75
w_raise.mp4,370,153.1,123.96,101.54,81.06
w_raise.mp4,380,107.89,136.96,87.55,85.71
w_raise.mp4,390,115.29,142.63,80.81,91.41
w_raise.mp4,400,126.77,156.98,60.38,95.53
w_raise.mp4,410,132.31,155.28,71.86,102.89
w_raise.mp4,420,133.52,159.54,71.58,103.4
w_raise.mp4,430,130.36,154.02,92.54,109.45
w_raise.mp4,440,117.56,146.74,79.01,109.64
w_raise.mp4,450,140.47,138.01,96.74,94.33
w_raise.mp4,460,155.63,120.14,124.35,87.02
w_raise.mp4,470,154.09,112.95,129.23,91.64
w_raise.mp4,480,125.09,111.5,119.72,85.15
w_raise.mp4,490,130.28,115.45,123.47,84.64
w_raise.mp4,500,158.49,107.47,111.73,91.94
w_raise.mp4,510,154.47,114.91,105.35,97.3
w_raise.mp4,520,150.38,112.18,106.25,83.12
w_raise.mp4,530,122.44,138.32,95.44,90.7
w_raise.mp4,540,121.9,134.63,74.31,88.6
w_raise.mp4,550,125.05,140.51,97.37,105.59
w_raise.mp4,560,129.64,154.62,69.43,102.88
w_raise.mp4,570,139.15,157.74,81.0,113.38
w_raise.mp4,580,141.95,155.19,81.32,105.23
w_raise.mp4,590,135.52,156.8,68.89,92.01
w_raise.mp4,600,107.85,144.38,83.05,102.16
w_raise.mp4,610,140.69,138.75,92.75,93.05
w_raise.mp4,620,146.41,116.97,117.78,82.81
w_raise.mp4,630,157.6,114.73,116.77,97.41
w_raise.mp4,640,133.8,112.61,131.06,86.01
w_raise.mp4,650,125.21,117.0,122.92,93.19
w_raise.mp4,660,155.25,109.56,113.08,92.35
w_raise.mp4,670,136.51,109.08,128.03,85.15
w_raise.mp4,680,147.57,114.92,105.02,86.06
w_raise.mp4,690,142.22,130.7,88.14,87.59
w_raise.mp4,700,100.31,134.09,80.11,93.1
w_raise.mp4,710,122.0,138.8,102.7,108.79
w_raise.mp4,720,127.73,147.73,70.92,83.75
w_raise.mp4,730,132.85,156.85,72.91,106.69
w_raise.mp4,740,141.5,151.71,71.7,103.96
w_raise.mp4,750,135.12,156.37,73.04,96.59
w_raise.mp4,760,122.95,139.67,91.57,94.49
w_raise.mp4,770,115.31,135.38,78.4,98.02
w_raise.mp4,780,148.5,112.16,99.85,92.77
w_raise.mp4,790,152.63,111.66,129.49,99.03
w_raise.mp4,800,128.68,112.93,122.05,91.15
w_raise.mp4,810,140.17,104.35,129.95,83.32
w_raise.mp4,820,151.43,107.5,125.71,84.32
w_raise.mp4,830,143.19,114.95,111.29,81.24
w_raise.mp4,840,138.48,131.74,93.3,83.06
w_raise.mp4,850,107.34,138.95,83.49,100.57
w_raise.mp4,860,130.39,145.95,98.73,101.98
w_raise.mp4,870,138.55,154.83,77.04,99.93
w_raise.mp4,880,138.61,155.69,90.46,115.3
w_raise.mp4,890,136.43,155.41,84.65,111.43
w_raise.mp4,900,131.95,146.72,83.31,89.23
w_raise.mp4,910,110.16,139.06,68.5,103.25
w_raise.mp4,920,148.12,126.99,93.92,83.76
w_raise.mp4,930,153.77,106.31,118.63,90.31
w_raise.mp4,940,127.07,101.55,123.32,89.67
w_raise.mp4,950,123.7,107.14,118.97,88.09
w_raise.mp4,960,130.06,103.5,124.14,88.34
w_raise.mp4,970,153.05,99.31,125.37,89.25
w_raise.mp4,980,146.99,100.07,109.2,85.14
w_raise.mp4,990,107.51,133.1,90.76,98.86
w_raise.mp4,1000,108.16,142.76,97.56,109.72
w_raise.mp4,1010,134.59,158.45,78.1,98.31
w_raise.mp4,1020,125.88,150.27,61.55,92.74
w_raise.mp4,1030,141.8,147.52,56.68,84.91
w_raise.mp4,1040,144.07,145.35,18.34,59.18
w_raise.mp4,1050,135.94,153.37,14.6,30.67
w_raise.mp4,1060,133.07,174.56,17.82,23.35
w_raise.mp4,1070,139.37,175.86,18.67,26.59
w_raise.mp4,1080,140.37,170.67,14.01,22.48
w_raise.mp4,1090,140.81,170.89,16.46,20.23
w_raise.mp4,1100,137.59,168.1,20.16,14.84
w_raise.mp4,1110,141.83,168.1,20.0,14.76
w_raise.mp4,1120,140.25,171.37,15.22,14.8
w_raise.mp4,1130,140.06,168.07,14.19,15.86
band_pull_apart.mp4,10,156.86,126.02,26.02,27.57
band_pull_apart.mp4,20,149.44,125.37,25.18,26.16
band_pull_apart.mp4,30,155.79,125.7,25.37,27.71
band_pull_apart.mp4,40,154.4,126.09,24.53,26.44
band_pull_apart.mp4,50,156.65,125.82,25.76,27.52
band_pull_apart.mp4,60,154.42,126.05,24.99,26.03
band_pull_apart.mp4,70,153.86,128.5,26.0,26.12
band_pull_apart.mp4,80,154.76,126.09,25.74,26.61
band_pull_apart.mp4,90,148.24,125.34,26.41,27.15
band_pull_apart.mp4,100,137.35,124.19,33.11,29.73
band_pull_apart.mp4,110,135.18,132.88,60.31,50.04
band_pull_apart.mp4,120,135.35,135.61,65.37,40.52
band_pull_apart.mp4,130,139.43,122.99,69.53,39.72
band_pull_apart.mp4,140,148.71,110.52,93.79,53.99
band_pull_apart.mp4,150,157.52,132.87,88.0,64.72
band_pull_apart.mp4,160,166.8,117.18,96.99,81.39
band_pull_apart.mp4,170,167.71,138.02,106.13,81.29
band_pull_apart.mp4,180,169.74,156.44,102.89,85.52
band_pull_apart.mp4,190,171.02,162.3,94.7,96.83
band_pull_apart.mp4,200,168.02,161.83,87.82,95.0
band_pull_apart.mp4,210,166.26,166.5,84.76,93.97
band_pull_apart.mp4,220,167.02,172.08,79.62,89.99
band_pull_apart.mp4,230,168.41,159.58,73.49,68.5
band_pull_apart.mp4,240,165.47,141.29,68.86,57.86
band_pull_apart.mp4,250,160.86,151.78,66.36,50.26
band_pull_apart.mp4,260,162.77,156.53,69.33,47.18
band_pull_apart.mp4,270,167.48,147.45,74.21,69.79
band_pull_apart.mp4,280,168.91,167.83,81.87,94.3
band_pull_apart.mp4,290,167.4,168.07,84.77,96.91
band_pull_apart.mp4,300,168.21,162.93,95.55,90.79
band_pull_apart.mp4,310,170.47,167.32,99.97,97.19
band_pull_apart.mp4,320,168.27,152.6,102.14,96.61
band_pull_apart.mp4,330,179.03,171.63,97.82,109.22
band_pull_apart.mp4,340,177.76,166.99,101.82,102.88
band_pull_apart.mp4,350,177.7,168.25,95.47,106.6
band_pull_apart.mp4,360,158.87,128.57,102.91,91.14
band_pull_apart.mp4,370,168.42,159.38,104.72,81.84
band_pull_apart.mp4,380,170.22,166.21,94.05,87.66
band_pull_apart.mp4,390,169.14,156.66,89.75,85.56
band_pull_apart.mp4,400,168.12,161.34,88.11,83.45
band_pull_apart.mp4,410,168.13,161.06,77.72,80.34
band_pull_apart.mp4,420,167.8,168.39,75.14,68.46
band_pull_apart.mp4,430,159.76,153.85,72.12,59.09
band_pull_apart.mp4,440,160.84,152.66,73.17,54.27
band_pull_apart.mp4,450,167.48,150.18,76.17,67.93
band_pull_apart.mp4,460,170.95,171.25,80.72,93.23
band_pull_apart.mp4,470,170.88,164.27,87.9,97.31
band_pull_apart.mp4,480,169.17,170.01,94.71,94.77
band_pull_apart.mp4,490,156.95,141.52,105.91,91.62
band_pull_apart.mp4,500,174.3,170.9,99.35,97.03
band_pull_apart.mp4,510,174.82,170.9,100.34,109.41
band_pull_apart.mp4,520,169.77,171.86,90.99,116.22
band_pull_apart.mp4,530,175.83,168.26,96.36,107.41
band_pull_apart.mp4,540,167.53,137.69,108.7,89.34
band_pull_apart.mp4,550,169.99,136.42,109.22,86.25
band_pull_apart.mp4,560,174.0,171.47,100.72,86.53
band_pull_apart.mp4,570,173.14,172.87,97.88,90.7
band_pull_apart.mp4,580,169.41,167.53,92.7,86.82
band_pull_apart.mp4,590,169.98,160.43,92.31,86.03
band_pull_apart.mp4,600,169.14,155.37,86.09,77.72
band_pull_apart.mp4,610,166.06,149.44,75.75,66.0
band_pull_apart.mp4,620,161.96,153.55,74.53,53.8
band_pull_apart.mp4,630,165.45,152.07,74.24,50.15
band_pull_apart.mp4,640,166.27,158.98,79.09,71.46
band_pull_apart.mp4,650,168.87,168.69,90.76,87.64
band_pull_apart.mp4,660,170.91,174.84,92.22,89.64
band_pull_apart.mp4,670,171.44,171.47,99.51,91.67
band_pull_apart.mp4,680,167.02,150.94,106.99,89.9
band_pull_apart.mp4,690,171.98,159.06,99.8,95.36
band_pull_apart.mp4,700,178.04,169.72,99.14,110.82
band_pull_apart.mp4,710,174.43,167.66,98.75,113.43
band_pull_apart.mp4,720,167.16,150.43,105.25,94.81
band_pull_apart.mp4,730,170.05,148.74,98.65,93.83
band_pull_apart.mp4,740,174.44,171.09,100.68,89.5
band_pull_apart.mp4,750,170.38,168.48,97.46,88.71
band_pull_apart.mp4,760,169.59,168.04,86.34,97.84
band_pull_apart.mp4,770,165.31,164.55,89.9,89.24
band_pull_apart.mp4,780,168.84,165.21,82.3,87.28
band_pull_apart.mp4,790,162.68,168.84,76.44,79.34
band_pull_apart.mp4,800,163.41,171.61,76.26,66.62
band_pull_apart.mp4,810,164.07,154.19,76.9,58.25
band_pull_apart.mp4,820,169.5,167.41,80.79,82.69
band_pull_apart.mp4,830,170.14,172.25,89.08,93.22
band_pull_apart.mp4,840,173.71,171.27,100.84,95.1
band_pull_apart.mp4,850,168.15,150.96,104.65,98.33
band_pull_apart.mp4,860,177.16,167.76,98.52,105.28
band_pull_apart.mp4,870,171.32,153.24,101.96,109.1
band_pull_apart.mp4,880,172.0,108.63,95.2,118.61
band_pull_apart.mp4,890,175.72,161.61,100.37,101.26
band_pull_apart.mp4,900,169.21,138.48,104.88,91.36
band_pull_apart.mp4,910,172.93,170.71,100.6,89.36
band_pull_apart.mp4,920,170.27,168.01,98.45,89.04
band_pull_apart.mp4,930,166.84,160.04,88.93,94.7
band_pull_apart.mp4,940,167.92,161.64,86.08,88.84
band_pull_apart.mp4,950,169.27,149.97,82.56,77.81
band_pull_apart.mp4,960,165.04,160.33,74.56,71.8
band_pull_apart.mp4,970,161.24,152.09,72.3,53.36
band_pull_apart.mp4,980,161.37,157.72,73.63,55.81
band_pull_apart.mp4,990,168.65,170.72,85.58,79.62
band_pull_apart.mp4,1000,170.14,176.2,83.5,97.45
band_pull_apart.mp4,1010,169.04,166.68,92.67,97.29
band_pull_apart.mp4,1020,171.8,170.38,105.88,97.19
band_pull_apart.mp4,1030,168.68,120.09,103.89,92.09
band_pull_apart.mp4,1040,162.72,123.05,106.94,85.08
band_pull_apart.mp4,1050,152.11,128.1,99.93,73.31
band_pull_apart.mp4,1060,144.32,119.97,85.14,54.91
band_pull_apart.mp4,1070,146.29,132.6,66.27,53.12
band_pull_apart.mp4,1080,142.61,122.69,26.36,29.68
band_pull_apart.mp4,1090,159.42,128.3,24.7,33.26
band_pull_apart.mp4,1100,156.62,125.94,25.88,29.27
band_pull_apart.mp4,1110,156.09,127.5,24.67,32.23
band_pull_apart.mp4,1120,157.12,131.27,27.05,31.51
band_pull_apart.mp4,1130,155.93,126.82,25.6,32.7
barbell_dead_row.mp4,10,82.21,102.92,27.56,27.42
barbell_dead_row.mp4,20,79.71,103.73,28.26,28.47
barbell_dead_row.mp4,30,79.56,102.61,23.71,27.27
barbell_dead_row.mp4,40,82.38,102.88,26.46,26.87
barbell_dead_row.mp4,50,80.77,105.6,28.13,28.06
barbell_dead_row.mp4,60,80.27,103.34,27.42,27.76
barbell_dead_row.mp4,70,79.21,102.16,25.03,28.1
barbell_dead_row.mp4,80,81.52,100.57,25.23,27.98
barbell_dead_row.mp4,90,81.18,90.98,15.71,24.13
barbell_dead_row.mp4,100,84.13,95.93,20.15,30.37
barbell_dead_row.mp4,110,88.87,123.52,32.97,55.97
barbell_dead_row.mp4,120,110.6,145.23,58.69,89.62
barbell_dead_row.mp4,130,130.24,166.35,70.78,93.21
barbell_dead_row.mp4,140,130.52,166.02,77.89,101.56
barbell_dead_row.mp4,150,132.94,170.75,80.46,105.57
barbell_dead_row.mp4,160,138.71,168.32,65.69,93.44
barbell_dead_row.mp4,170,146.89,164.28,73.26,106.46
barbell_dead_row.mp4,180,150.52,161.8,66.52,98.37
barbell_dead_row.mp4,190,123.5,145.05,64.89,112.57
barbell_dead_row.mp4,200,110.48,120.95,64.23,99.55
barbell_dead_row.mp4,210,134.81,112.17,24.6,30.17
barbell_dead_row.mp4,220,165.66,134.76,30.13,31.95
barbell_dead_row.mp4,230,169.16,143.89,31.45,30.19
barbell_dead_row.mp4,240,169.36,141.63,30.45,29.23
barbell_dead_row.mp4,250,157.28,128.27,26.49,26.65
barbell_dead_row.mp4,260,61.53,81.48,26.96,60.84
barbell_dead_row.mp4,270,87.86,116.77,44.45,93.01
barbell_dead_row.mp4,280,110.3,137.44,56.03,92.25
barbell_dead_row.mp4,290,111.79,158.45,58.97,95.27
barbell_dead_row.mp4,300,136.56,168.48,78.37,101.93
barbell_dead_row.mp4,310,142.56,176.71,79.44,106.12
barbell_dead_row.mp4,320,128.24,167.2,68.56,99.21
barbell_dead_row.mp4,330,114.22,126.28,70.57,102.78
barbell_dead_row.mp4,340,68.85,80.56,30.79,72.05
barbell_dead_row.mp4,350,154.07,149.53,125.23,137.31
barbell_dead_row.mp4,360,173.25,138.65,33.97,31.7
barbell_dead_row.mp4,370,150.21,133.17,120.29,123.76
barbell_dead_row.mp4,380,154.89,67.5,23.25,40.24
barbell_dead_row.mp4,390,113.98,77.11,20.57,36.25
barbell_dead_row.mp4,400,85.39,105.32,49.31,87.51
barbell_dead_row.mp4,410,107.55,125.9,61.72,95.57
barbell_dead_row.mp4,420,115.98,153.91,56.35,98.2
barbell_dead_row.mp4,430,138.63,169.33,70.94,98.96
barbell_dead_row.mp4,440,135.26,171.37,70.36,102.18
barbell_dead_row.mp4,450,118.87,131.72,66.62,98.31
barbell_dead_row.mp4,460,79.13,95.33,49.0,55.34
barbell_dead_row.mp4,470,154.9,105.3,23.51,33.02
barbell_dead_row.mp4,480,163.51,158.12,24.17,22.36
barbell_dead_row.mp4,490,170.5,154.84,23.53,22.85
barbell_dead_row.mp4,500,171.4,147.75,25.89,25.62
barbell_dead_row.mp4,510,109.87,105.28,19.57,29.41
barbell_dead_row.mp4,520,85.44,105.33,44.77,81.84
barbell_dead_row.mp4,530,104.98,124.32,61.85,94.72
barbell_dead_row.mp4,540,109.81,157.52,55.15,94.53
barbell_dead_row.mp4,550,139.19,172.07,69.5,93.3
barbell_dead_row.mp4,560,148.41,166.49,80.7,105.37
barbell_dead_row.mp4,570,140.45,160.19,70.55,99.16
barbell_dead_row.mp4,580,105.79,118.65,60.64,100.77
barbell_dead_row.mp4,590,157.39,134.46,19.32,26.18
barbell_dead_row.mp4,600,173.95,148.1,24.06,24.69
barbell_dead_row.mp4,610,167.34,152.53,25.09,25.68
barbell_dead_row.mp4,620,168.38,152.39,23.83,24.96
barbell_dead_row.mp4,630,133.47,112.51,19.46,26.81
barbell_dead_row.mp4,640,69.93,89.48,22.91,57.35
barbell_dead_row.mp4,650,102.55,123.94,58.27,96.24
barbell_dead_row.mp4,660,116.33,144.46,48.08,96.78
barbell_dead_row.mp4,670,135.89,168.41,62.6,95.63
barbell_dead_row.mp4,680,147.11,158.9,69.76,94.96
barbell_dead_row.mp4,690,106.97,134.37,55.28,101.35
barbell_dead_row.mp4,700,76.99,95.9,24.2,45.69
barbell_dead_row.mp4,710,170.62,144.59,24.25,24.3
barbell_dead_row.mp4,720,164.1,152.74,32.21,26.83
barbell_dead_row.mp4,730,168.74,152.8,26.12,24.82
barbell_dead_row.mp4,740,171.72,143.22,23.07,25.08
barbell_dead_row.mp4,750,159.63,137.48,21.12,23.29
barbell_dead_row.mp4,760,68.04,92.12,28.48,56.69
barbell_dead_row.mp4,770,93.93,124.32,49.85,96.51
barbell_dead_row.mp4,780,105.11,139.54,49.45,99.96
barbell_dead_row.mp4,790,132.16,168.55,65.72,99.92
barbell_dead_row.mp4,800,142.52,171.96,81.98,108.4
barbell_dead_row.mp4,810,134.2,172.8,74.94,104.76
barbell_dead_row.mp4,820,142.15,171.28,82.87,108.21
barbell_dead_row.mp4,830,136.58,171.7,75.57,102.95
barbell_dead_row.mp4,840,137.43,170.91,67.9,95.22
barbell_dead_row.mp4,850,132.98,168.73,73.84,104.83
barbell_dead_row.mp4,860,137.84,170.83,65.99,98.09
barbell_dead_row.mp4,870,111.03,154.96,48.84,86.86
barbell_dead_row.mp4,880,94.67,133.19,37.65,70.07
barbell_dead_row.mp4,890,73.02,109.1,17.8,45.5
barbell_dead_row.mp4,900,78.13,92.75,12.86,22.68
barbell_dead_row.mp4,910,78.91,97.14,17.67,23.97
barbell_dead_row.mp4,920,82.09,99.56,20.02,25.22
barbell_dead_row.mp4,930,80.72,101.68,21.81,26.03
barbell_dead_row.mp4,940,82.59,104.7,23.32,28.21
barbell_dead_row.mp4,950,81.49,101.46,25.19,27.27
barbell_dead_row.mp4,960,79.78,98.79,25.05,26.55
barbell_row.mp4,10,99.1,76.32,20.8,16.16
barbell_row.mp4,20,97.2,77.39,19.54,16.88
barbell_row.mp4,30,97.86,76.58,19.0,18.39
barbell_row.mp4,40,98.97,77.76,19.24,18.42
barbell_row.mp4,50,98.39,77.08,20.09,17.36
barbell_row.mp4,60,97.36,77.43,19.14,17.8
barbell_row.mp4,70,96.63,74.9,20.58,14.88
barbell_row.mp4,80,97.12,77.52,20.5,15.09
barbell_row.mp4,90,95.54,75.74,19.39,15.78
barbell_row.mp4,100,93.66,75.02,17.39,14.19
barbell_row.mp4,110,96.38,72.5,27.15,18.49
barbell_row.mp4,120,123.21,91.56,66.8,39.12
barbell_row.mp4,130,146.85,117.27,70.74,44.42
barbell_row.mp4,140,160.67,131.19,89.08,62.82
barbell_row.mp4,150,155.0,131.98,90.67,75.51
barbell_row.mp4,160,157.84,136.92,97.94,85.12
barbell_row.mp4,170,162.9,128.13,99.63,68.69
barbell_row.mp4,180,165.46,135.5,91.36,70.45
barbell_row.mp4,190,162.24,121.05,85.12,53.36
barbell_row.mp4,200,132.74,97.45,72.23,40.27
barbell_row.mp4,210,128.38,94.11,72.42,45.26
barbell_row.mp4,220,117.94,78.62,88.12,46.12
barbell_row.mp4,230,97.25,101.18,85.66,78.74
barbell_row.mp4,240,86.81,37.3,34.45,26.12
barbell_row.mp4,250,82.23,147.22,77.49,109.81
barbell_row.mp4,260,71.82,62.78,43.56,37.41
barbell_row.mp4,270,97.98,121.21,83.74,100.38
barbell_row.mp4,280,110.69,81.15,79.25,51.9
barbell_row.mp4,290,133.1,87.6,74.66,41.74
barbell_row.mp4,300,144.71,99.43,78.22,37.08
barbell_row.mp4,310,138.37,102.61,72.03,39.99
barbell_row.mp4,320,127.04,95.17,83.99,55.11
barbell_row.mp4,330,99.85,87.83,91.06,66.21
barbell_row.mp4,340,58.83,40.32,59.45,32.58
barbell_row.mp4,350,96.18,123.91,95.28,85.37
barbell_row.mp4,360,109.81,120.55,108.93,85.77
barbell_row.mp4,370,60.5,40.68,49.8,36.12
barbell_row.mp4,380,102.33,99.61,89.95,81.0
barbell_row.mp4,390,118.0,79.55,84.92,48.2
barbell_row.mp4,400,137.31,95.46,75.76,43.07
barbell_row.mp4,410,145.16,104.61,75.79,39.76
barbell_row.mp4,420,137.54,102.09,70.1,39.05
barbell_row.mp4,430,125.31,94.92,78.25,48.86
barbell_row.mp4,440,107.81,79.62,92.58,53.5
barbell_row.mp4,450,74.37,72.98,68.59,57.91
barbell_row.mp4,460,122.05,149.6,112.0,123.25
barbell_row.mp4,470,117.17,151.02,104.48,113.34
barbell_row.mp4,480,123.65,149.83,109.22,119.9
barbell_row.mp4,490,96.53,131.03,82.67,106.33
barbell_row.mp4,500,114.4,78.87,90.26,48.17
barbell_row.mp4,510,130.18,92.44,75.7,43.49
barbell_row.mp4,520,141.96,104.87,77.17,41.95
barbell_row.mp4,530,143.9,104.03,76.79,41.33
barbell_row.mp4,540,141.79,108.68,72.91,43.62
barbell_row.mp4,550,118.92,85.51,81.37,48.14
barbell_row.mp4,560,103.8,118.98,93.12,102.12
barbell_row.mp4,570,119.87,154.81,102.05,120.05
barbell_row.mp4,580,128.86,153.2,116.34,125.89
barbell_row.mp4,590,118.81,142.64,102.11,108.43
barbell_row.mp4,600,120.54,143.75,103.96,111.5
barbell_row.mp4,610,120.8,148.72,100.13,117.3
barbell_row.mp4,620,115.53,78.63,85.81,44.99
barbell_row.mp4,630,140.58,104.8,74.5,45.13
barbell_row.mp4,640,150.3,106.92,79.67,41.92
barbell_row.mp4,650,139.82,101.41,73.93,41.42
barbell_row.mp4,660,119.53,85.66,87.86,48.39
barbell_row.mp4,670,119.48,133.19,107.49,110.49
barbell_row.mp4,680,71.5,146.41,62.6,115.23
barbell_row.mp4,690,74.5,138.42,63.28,101.14
barbell_row.mp4,700,78.38,140.37,66.54,101.98
barbell_row.mp4,710,107.1,147.65,90.33,111.86
barbell_row.mp4,720,111.38,149.12,99.68,125.83
barbell_row.mp4,730,116.85,77.9,91.27,48.85
barbell_row.mp4,740,133.25,98.01,77.91,49.47
barbell_row.mp4,750,148.8,118.98,80.26,52.01
barbell_row.mp4,760,158.77,129.86,87.82,56.9
barbell_row.mp4,770,165.3,147.38,96.27,85.38
barbell_row.mp4,780,158.1,132.84,94.65,78.57
barbell_row.mp4,790,157.77,132.27,86.98,70.8
barbell_row.mp4,800,156.31,129.2,95.34,76.96
barbell_row.mp4,810,161.48,133.42,91.01,70.52
barbell_row.mp4,820,164.88,134.8,96.14,73.73
barbell_row.mp4,830,168.26,138.69,86.44,53.59
barbell_row.mp4,840,168.21,131.8,90.96,55.04
barbell_row.mp4,850,167.71,131.4,84.91,51.21
barbell_row.mp4,860,168.07,131.82,84.95,51.6
barbell_row.mp4,870,170.11,129.35,92.19,54.28
barbell_row.mp4,880,168.92,136.57,85.78,50.93
barbell_row.mp4,890,155.68,120.35,90.19,63.07
barbell_row.mp4,900,162.84,125.63,84.19,56.96
barbell_row.mp4,910,151.31,117.94,91.9,63.73
barbell_row.mp4,920,154.67,120.08,85.68,56.85
barbell_row.mp4,930,163.79,125.69,91.6,60.39
barbell_row.mp4,940,151.51,125.4,91.04,62.34
barbell_row.mp4,950,118.24,83.05,67.48,39.15
barbell_row.mp4,960,108.59,83.8,49.37,32.31
barbell_row.mp4,970,94.43,70.49,30.19,15.43
barbell_row.mp4,980,93.45,72.79,19.84,11.49
barbell_row.mp4,990,95.43,74.38,22.23,12.21
barbell_row.mp4,1000,96.74,73.81,20.78,16.67
barbell_row.mp4,1010,96.35,77.15,19.97,17.06
barbell_row.mp4,1020,93.97,76.48,20.17,16.5
barbell_row.mp4,1030,92.26,74.28,19.14,16.06
barbell_shrug.mp4,10,96.7,75.67,23.48,13.13
barbell_shrug.mp4,20,96.65,76.41,21.54,13.98
barbell_shrug.mp4,30,94.82,75.16,21.77,13.4
barbell_shrug.mp4,40,97.8,76.92,21.33,14.86
barbell_shrug.mp4,50,97.36,75.96,21.01,14.69
barbell_shrug.mp4,60,96.81,76.38,21.45,13.33
barbell_shrug.mp4,70,96.2,75.68,21.72,13.15
barbell_shrug.mp4,80,99.61,75.57,21.27,15.29
barbell_shrug.mp4,90,98.32,75.88,21.59,15.89
barbell_shrug.mp4,100,95.9,71.21,23.23,13.43
barbell_shrug.mp4,110,92.79,73.05,21.8,14.83
barbell_shrug.mp4,120,93.01,70.88,24.55,17.17
barbell_shrug.mp4,130,110.18,78.85,52.86,27.82
barbell_shrug.mp4,140,145.11,103.91,82.01,49.74
barbell_shrug.mp4,150,155.95,122.24,85.5,62.53
barbell_shrug.mp4,160,157.32,121.87,101.21,74.19
barbell_shrug.mp4,170,169.45,129.38,90.72,62.9
barbell_shrug.mp4,180,163.68,122.57,109.8,77.84
barbell_shrug.mp4,190,164.1,130.15,95.9,75.59
barbell_shrug.mp4,200,161.66,122.76,87.03,54.33
barbell_shrug.mp4,210,142.87,99.35,73.94,37.32
barbell_shrug.mp4,220,108.29,79.55,37.14,23.22
barbell_shrug.mp4,230,108.45,84.83,32.97,19.97
barbell_shrug.mp4,240,108.39,80.43,31.91,16.47
barbell_shrug.mp4,250,107.83,83.67,29.78,18.26
barbell_shrug.mp4,260,100.85,78.36,18.52,22.59
barbell_shrug.mp4,270,97.1,79.14,13.03,23.55
barbell_shrug.mp4,280,101.2,82.37,14.62,21.07
barbell_shrug.mp4,290,104.49,85.15,23.38,17.15
barbell_shrug.mp4,300,104.96,83.95,26.55,17.69
barbell_shrug.mp4,310,107.03,84.46,27.54,16.96
barbell_shrug.mp4,320,106.18,81.06,28.77,16.34
barbell_shrug.mp4,330,101.27,81.39,14.53,18.73
barbell_shrug.mp4,340,98.47,80.76,11.53,20.4
barbell_shrug.mp4,350,101.69,79.0,13.74,18.31
barbell_shrug.mp4,360,106.35,80.37,26.28,14.3
barbell_shrug.mp4,370,104.22,83.1,24.88,16.23
barbell_shrug.mp4,380,107.56,81.81,30.08,15.27
barbell_shrug.mp4,390,99.18,82.52,17.82,18.45
barbell_shrug.mp4,400,96.56,76.44,11.37,24.14
barbell_shrug.mp4,410,98.7,75.86,11.64,25.22
barbell_shrug.mp4,420,100.31,80.21,13.46,18.58
barbell_shrug.mp4,430,104.22,84.56,24.53,17.25
barbell_shrug.mp4,440,105.56,85.06,24.35,17.61
barbell_shrug.mp4,450,106.41,83.95,24.86,15.75
barbell_shrug.mp4,460,98.07,81.0,12.41,21.35
barbell_shrug.mp4,470,98.71,78.82,14.44,28.75
barbell_shrug.mp4,480,98.45,80.45,17.04,35.43
barbell_shrug.mp4,490,103.22,78.99,16.89,18.73
barbell_shrug.mp4,500,111.23,82.33,30.96,15.25
barbell_shrug.mp4,510,107.66,81.14,27.21,14.9
barbell_shrug.mp4,520,107.33,81.3,24.05,15.28
barbell_shrug.mp4,530,99.29,79.11,13.53,23.63
barbell_shrug.mp4,540,93.67,75.55,11.72,26.8
barbell_shrug.mp4,550,94.94,76.37,12.85,32.07
barbell_shrug.mp4,560,99.43,79.74,18.66,17.77
barbell_shrug.mp4,570,107.12,80.97,27.47,15.88
barbell_shrug.mp4,580,105.98,81.9,26.76,15.3
barbell_shrug.mp4,590,102.94,79.93,26.5,16.18
barbell_shrug.mp4,600,103.11,81.99,28.21,19.89
barbell_shrug.mp4,610,125.03,86.25,58.58,31.89
barbell_shrug.mp4,620,139.02,97.82,79.19,43.77
barbell_shrug.mp4,630,144.89,110.21,86.76,55.76
barbell_shrug.mp4,640,140.07,124.49,82.09,68.45
barbell_shrug.mp4,650,140.96,120.31,85.82,69.87
barbell_shrug.mp4,660,144.32,121.2,93.17,72.26
barbell_shrug.mp4,670,143.81,128.96,90.56,79.03
barbell_shrug.mp4,680,143.2,120.46,90.01,66.11
barbell_shrug.mp4,690,145.47,116.94,92.19,65.19
barbell_shrug.mp4,700,147.42,119.39,86.15,59.87
barbell_shrug.mp4,710,142.09,104.93,81.75,43.08
barbell_shrug.mp4,720,109.96,83.71,48.33,32.78
barbell_shrug.mp4,730,91.41,76.31,18.99,16.76
barbell_shrug.mp4,740,91.67,71.44,19.53,14.23
barbell_shrug.mp4,750,98.46,72.9,21.73,15.07
barbell_shrug.mp4,760,96.96,74.3,20.74,15.52
barbell_shrug.mp4,770,92.04,74.74,20.13,13.96
barbell_shrug.mp4,780,96.06,74.34,21.5,14.72
barbell_shrug.mp4,790,98.54,76.22,23.93,15.02
burpees.mp4,10,77.2,109.5,25.75,31.37
burpees.mp4,20,76.58,109.97,26.74,31.81
burpees.mp4,30,76.91,109.01,25.13,31.8
burpees.mp4,40,75.36,109.15,27.05,31.28
burpees.mp4,50,76.42,109.64,26.13,31.05
burpees.mp4,60,75.53,109.93,24.22,31.98
burpees.mp4,70,74.94,114.04,27.53,33.97
burpees.mp4,80,72.2,104.76,19.79,29.61
burpees.mp4,90,94.15,144.99,36.88,79.32
burpees.mp4,100,117.7,165.83,62.76,114.2
burpees.mp4,110,115.49,160.65,65.38,103.71
burpees.mp4,120,90.31,137.47,72.64,113.23
burpees.mp4,130,79.74,149.09,60.31,130.9
burpees.mp4,140,83.76,155.87,48.99,128.11
burpees.mp4,150,84.25,142.39,46.52,108.9
burpees.mp4,160,98.7,101.02,41.42,88.09
burpees.mp4,170,130.23,79.07,37.15,73.95
burpees.mp4,180,152.1,148.79,28.58,63.57
burpees.mp4,190,102.85,121.07,45.47,98.91
burpees.mp4,200,76.54,159.74,55.59,136.18
burpees.mp4,210,103.46,157.47,80.61,134.38
burpees.mp4,220,96.73,166.49,54.5,109.51
burpees.mp4,230,118.75,171.9,73.78,117.1
burpees.mp4,240,82.11,139.87,26.7,63.04
burpees.mp4,250,78.17,95.55,14.0,14.78
burpees.mp4,260,74.15,103.45,10.49,21.3
burpees.mp4,270,105.18,160.98,41.31,81.35
burpees.mp4,280,120.29,171.31,57.78,111.54
burpees.mp4,290,107.37,164.04,65.55,115.31
burpees.mp4,300,139.88,167.09,76.79,114.26
burpees.mp4,310,95.24,152.15,76.86,119.45
burpees.mp4,320,81.82,154.44,59.36,139.14
burpees.mp4,330,83.97,142.96,43.74,110.83
burpees.mp4,340,169.83,135.38,20.84,96.88
burpees.mp4,350,149.84,129.91,35.88,79.63
burpees.mp4,360,89.9,127.45,43.68,90.11
burpees.mp4,370,85.24,152.17,54.55,137.0
burpees.mp4,380,83.14,131.46,47.45,103.4
burpees.mp4,390,138.55,167.1,88.65,113.14
burpees.mp4,400,148.0,167.58,87.41,112.74
burpees.mp4,410,111.57,159.11,46.56,79.27
burpees.mp4,420,74.71,101.32,18.39,20.78
burpees.mp4,430,75.59,99.82,14.88,21.72
burpees.mp4,440,108.67,166.21,47.05,83.91
burpees.mp4,450,141.01,169.01,88.1,116.57
burpees.mp4,460,135.61,161.35,94.31,117.17
burpees.mp4,470,105.87,123.72,78.87,97.4
burpees.mp4,480,82.41,150.59,64.94,127.27
burpees.mp4,490,79.03,141.17,43.66,114.7
burpees.mp4,500,141.55,92.24,24.99,73.54
burpees.mp4,530,144.72,107.93,27.85,60.56
burpees.mp4,540,80.31,158.59,55.87,129.32
burpees.mp4,550,91.87,151.77,72.84,117.95
burpees.mp4,560,141.94,151.68,92.83,101.9
burpees.mp4,570,140.96,174.45,85.19,114.36
burpees.mp4,580,132.81,164.47,82.28,112.85
burpees.mp4,590,82.49,137.36,15.38,44.26
burpees.mp4,600,75.99,97.69,16.62,18.45
burpees.mp4,610,79.78,101.71,17.75,26.15
burpees.mp4,620,128.38,170.49,60.31,94.81
burpees.mp4,630,153.06,172.73,105.78,122.2
burpees.mp4,640,138.63,166.44,87.85,114.09
burpees.mp4,650,100.18,159.52,78.62,127.83
burpees.mp4,660,82.16,155.33,62.36,140.99
burpees.mp4,670,79.82,127.15,47.48,101.77
burpees.mp4,680,137.06,148.29,40.6,63.43
burpees.mp4,700,89.6,104.91,42.73,90.64
burpees.mp4,710,83.99,148.06,61.48,111.05
burpees.mp4,720,83.89,158.16,65.16,138.71
burpees.mp4,730,114.56,121.72,75.18,90.54
burpees.mp4,740,136.11,175.2,82.03,118.45
burpees.mp4,750,150.24,168.54,96.14,115.84
burpees.mp4,760,105.22,160.31,43.81,82.37
burpees.mp4,770,76.03,94.16,14.26,20.08
burpees.mp4,780,76.12,92.99,12.17,23.55
burpees.mp4,790,102.39,149.99,41.37,75.85
burpees.mp4,800,149.53,171.85,92.99,113.92
burpees.mp4,810,139.86,169.51,93.95,120.11
burpees.mp4,820,109.0,113.1,77.6,86.78
burpees.mp4,830,94.02,162.66,75.56,135.06
burpees.mp4,840,82.03,152.78,58.58,126.73
burpees.mp4,850,90.51,123.31,57.8,98.1
burpees.mp4,860,161.56,175.09,26.99,95.63
burpees.mp4,870,144.23,167.38,42.01,60.5
burpees.mp4,880,92.4,134.39,59.43,89.69
burpees.mp4,890,84.01,142.25,48.47,115.11
burpees.mp4,900,84.79,142.07,69.46,114.76
burpees.mp4,910,111.14,115.94,45.91,77.33
burpees.mp4,920,144.8,165.79,94.63,120.35
burpees.mp4,930,147.49,169.68,91.57,118.05
burpees.mp4,940,111.11,164.49,51.09,88.31
burpees.mp4,950,77.8,99.28,15.99,18.66
burpees.mp4,960,79.37,98.28,14.44,25.6
burpees.mp4,970,81.01,104.94,15.17,23.23
burpees.mp4,980,81.77,108.82,10.38,23.09
burpees.mp4,990,81.64,111.89,12.29,24.78
burpees.mp4,1000,79.61,109.66,12.8,23.67
burpees.mp4,1010,78.96,110.65,14.0,23.05
burpees.mp4,1020,76.12,107.2,12.45,25.34
burpees.mp4,1030,86.53,124.18,13.74,28.4
burpees.mp4,1040,86.41,108.16,16.38,19.88
burpees.mp4,1050,82.11,99.73,14.77,17.82
burpees.mp4,1060,83.86,104.31,17.23,19.75
burpees.mp4,1070,81.82,108.04,20.4,25.41
burpees.mp4,1080,82.57,113.53,23.01,32.66
burpees.mp4,1090,83.9,113.73,23.86,32.64
clean_and_press.mp4,10,106.8,81.64,24.04,15.34
clean_and_press.mp4,20,109.55,82.74,23.37,17.25
clean_and_press.mp4,30,107.13,80.23,23.19,15.58
clean_and_press.mp4,40,107.33,79.97,23.53,15.82
clean_and_press.mp4,50,107.84,82.71,23.07,16.14
clean_and_press.mp4,60,108.54,82.12,23.37,15.88
clean_and_press.mp4,70,106.0,81.51,23.51,15.94
clean_and_press.mp4,80,104.37,79.64,23.16,17.45
clean_and_press.mp4,90,102.87,79.88,26.35,19.79
clean_and_press.mp4,100,119.82,87.63,61.53,37.0
clean_and_press.mp4,110,139.46,104.75,82.02,51.4
clean_and_press.mp4,120,143.73,121.44,86.62,69.92
clean_and_press.mp4,130,139.54,131.18,80.27,72.31
clean_and_press.mp4,140,124.86,143.48,89.12,110.23
clean_and_press.mp4,150,135.03,133.53,96.77,88.07
clean_and_press.mp4,160,141.32,139.73,109.06,110.39
clean_and_press.mp4,170,145.74,131.72,101.32,103.51
clean_and_press.mp4,180,153.76,139.09,107.11,107.42
clean_and_press.mp4,190,149.92,120.55,105.81,108.61
clean_and_press.mp4,200,155.32,140.74,158.39,154.62
clean_and_press.mp4,210,170.07,160.19,172.79,153.35
clean_and_press.mp4,220,172.67,147.45,172.32,143.36
clean_and_press.mp4,230,159.85,141.84,163.86,149.46
clean_and_press.mp4,240,150.67,122.92,101.56,104.81
clean_and_press.mp4,250,136.72,132.59,98.44,102.61
clean_and_press.mp4,260,136.81,135.84,95.21,106.39
clean_and_press.mp4,270,135.27,141.52,84.71,94.91
clean_and_press.mp4,280,145.6,154.75,77.72,90.17
clean_and_press.mp4,290,126.5,105.07,98.33,76.93
clean_and_press.mp4,300,131.3,102.35,89.15,61.87
clean_and_press.mp4,310,147.71,123.19,86.97,66.63
clean_and_press.mp4,320,150.78,126.23,95.51,70.7
clean_and_press.mp4,330,149.21,132.25,97.27,78.34
clean_and_press.mp4,340,137.79,105.5,95.15,59.17
clean_and_press.mp4,350,129.2,139.01,92.03,106.53
clean_and_press.mp4,360,138.86,132.43,96.94,84.93
clean_and_press.mp4,370,139.23,143.59,109.27,113.64
clean_and_press.mp4,380,152.48,116.44,99.15,107.27
clean_and_press.mp4,390,153.36,123.56,99.88,108.75
clean_and_press.mp4,400,146.64,119.27,104.51,118.05
clean_and_press.mp4,410,159.83,142.42,159.2,150.03
clean_and_press.mp4,420,167.76,154.19,171.81,148.82
clean_and_press.mp4,430,170.83,145.39,169.37,141.32
clean_and_press.mp4,440,150.28,129.75,149.61,139.08
clean_and_press.mp4,450,134.9,117.21,99.97,98.32
clean_and_press.mp4,460,138.83,136.28,103.87,111.39
clean_and_press.mp4,470,135.45,140.86,95.78,103.29
clean_and_press.mp4,480,148.93,150.0,101.79,108.61
clean_and_press.mp4,490,130.04,135.52,92.26,95.89
clean_and_press.mp4,500,133.82,97.97,100.25,60.19
clean_and_press.mp4,510,147.49,119.63,88.46,65.33
clean_and_press.mp4,520,151.87,127.71,93.89,68.79
clean_and_press.mp4,530,145.03,127.77,97.84,78.17
clean_and_press.mp4,540,130.78,140.4,91.83,104.1
clean_and_press.mp4,550,137.69,138.04,107.08,98.72
clean_and_press.mp4,560,138.53,141.61,106.44,113.87
clean_and_press.mp4,570,133.11,128.56,91.91,96.44
clean_and_press.mp4,580,143.63,124.73,102.27,102.97
clean_and_press.mp4,590,125.37,118.99,111.59,115.43
clean_and_press.mp4,600,149.54,137.19,149.12,153.09
clean_and_press.mp4,610,170.34,152.62,170.79,148.6
clean_and_press.mp4,620,162.21,153.69,169.11,150.09
clean_and_press.mp4,630,133.7,124.62,130.46,137.63
clean_and_press.mp4,640,128.77,119.06,98.46,102.22
clean_and_press.mp4,650,138.6,139.07,107.74,110.66
clean_and_press.mp4,660,133.14,139.83,87.52,96.1
clean_and_press.mp4,670,145.26,148.89,101.83,107.9
clean_and_press.mp4,680,123.99,124.82,86.22,91.95
clean_and_press.mp4,690,127.57,107.51,93.51,69.66
clean_and_press.mp4,700,151.62,126.97,93.0,67.82
clean_and_press.mp4,710,143.87,122.83,90.57,68.15
clean_and_press.mp4,720,130.84,137.52,92.4,99.79
clean_and_press.mp4,730,135.87,133.77,97.81,85.69
clean_and_press.mp4,740,136.62,138.84,102.52,107.75
clean_and_press.mp4,750,140.31,143.44,104.31,114.99
clean_and_press.mp4,760,138.56,107.41,98.24,103.21
clean_and_press.mp4,770,125.61,116.27,114.77,120.76
clean_and_press.mp4,780,159.39,147.71,160.58,152.92
clean_and_press.mp4,790,167.31,147.05,175.4,141.38
clean_and_press.mp4,800,161.53,144.54,168.25,140.85
clean_and_press.mp4,810,130.43,115.22,113.84,117.68
clean_and_press.mp4,820,129.24,132.41,103.05,112.79
clean_and_press.mp4,830,134.67,138.16,85.87,98.73
clean_and_press.mp4,840,145.07,149.9,87.41,95.24
clean_and_press.mp4,850,132.02,142.38,84.59,95.06
clean_and_press.mp4,860,121.74,96.66,93.14,65.23
clean_and_press.mp4,870,144.18,125.15,93.49,75.34
clean_and_press.mp4,880,155.69,131.76,92.85,66.31
clean_and_press.mp4,890,139.66,122.43,100.75,75.89
clean_and_press.mp4,900,130.68,131.92,96.01,93.11
clean_and_press.mp4,910,134.92,142.73,97.4,103.13
clean_and_press.mp4,920,143.82,137.42,97.89,108.99
clean_and_press.mp4,930,148.14,122.02,106.34,113.07
clean_and_press.mp4,940,123.32,110.28,109.85,120.74
clean_and_press.mp4,950,150.31,125.23,151.53,147.01
clean_and_press.mp4,960,168.91,141.51,171.87,135.88
clean_and_press.mp4,970,145.68,130.1,153.89,146.94
clean_and_press.mp4,980,108.54,117.07,108.58,119.23
clean_and_press.mp4,990,131.77,140.0,104.02,112.21
clean_and_press.mp4,1000,140.86,147.48,90.45,92.82
clean_and_press.mp4,1010,133.83,149.62,58.55,65.41
clean_and_press.mp4,1020,97.38,70.71,39.84,40.89
clean_and_press.mp4,1030,107.82,81.34,22.86,20.88
clean_and_press.mp4,1040,109.72,83.41,27.06,19.11
clean_and_press.mp4,1050,109.18,82.88,24.77,17.89
clean_and_press.mp4,1060,111.33,76.69,28.31,15.47
clean_and_press.mp4,1070,113.26,77.77,32.1,14.99
clean_and_press.mp4,1080,112.77,77.43,31.04,15.97
clean_and_press.mp4,1090,109.15,79.21,26.17,15.89
deadlift.mp4,10,157.55,132.99,26.6,26.3
deadlift.mp4,20,158.99,131.3,27.07,26.43
deadlift.mp4,30,161.5,130.52,26.94,27.86
deadlift.mp4,40,153.89,130.0,23.3,24.87
deadlift.mp4,50,154.29,127.9,23.11,23.73
deadlift.mp4,60,156.52,128.03,22.98,23.63
deadlift.mp4,70,162.48,128.98,27.07,26.24
deadlift.mp4,80,158.48,130.88,23.82,24.94
deadlift.mp4,90,166.14,126.35,18.49,27.86
deadlift.mp4,100,149.61,118.06,36.63,30.2
deadlift.mp4,110,156.14,106.09,95.88,31.85
deadlift.mp4,120,152.05,105.38,112.49,30.49
deadlift.mp4,130,143.56,101.55,107.0,40.17
deadlift.mp4,140,139.93,105.62,115.37,47.98
deadlift.mp4,150,145.55,100.87,99.1,40.94
deadlift.mp4,160,143.17,102.33,111.88,44.94
deadlift.mp4,170,141.74,106.41,109.11,46.18
deadlift.mp4,180,136.85,110.65,105.03,43.38
deadlift.mp4,190,141.13,107.4,98.49,46.7
deadlift.mp4,200,149.42,101.8,108.65,37.65
deadlift.mp4,210,151.34,104.9,84.07,48.56
deadlift.mp4,220,160.83,103.42,84.53,53.06
deadlift.mp4,230,146.7,118.3,32.83,32.67
deadlift.mp4,240,153.93,124.95,29.47,27.31
deadlift.mp4,250,161.93,131.03,17.42,26.71
deadlift.mp4,260,162.72,131.98,23.5,23.9
deadlift.mp4,270,161.56,131.62,21.43,25.55
deadlift.mp4,280,165.35,131.76,20.89,27.75
deadlift.mp4,290,164.43,130.29,25.1,27.64
deadlift.mp4,300,149.09,109.67,60.98,28.7
deadlift.mp4,310,158.6,105.94,78.21,41.83
deadlift.mp4,320,147.26,102.33,80.9,45.9
deadlift.mp4,330,141.43,106.3,98.41,38.09
deadlift.mp4,340,133.02,108.04,96.13,42.97
deadlift.mp4,350,148.49,110.73,93.95,46.04
deadlift.mp4,360,145.76,117.27,72.31,56.66
deadlift.mp4,370,142.99,114.63,86.05,52.62
deadlift.mp4,380,142.33,105.42,104.39,41.86
deadlift.mp4,390,141.83,112.87,87.8,35.73
deadlift.mp4,400,157.36,104.1,82.43,49.68
deadlift.mp4,410,153.15,105.73,84.23,36.83
deadlift.mp4,420,167.71,123.59,26.3,26.8
deadlift.mp4,430,165.93,130.59,26.44,23.89
deadlift.mp4,440,173.2,128.28,24.37,27.77
deadlift.mp4,450,166.14,128.42,23.96,28.29
deadlift.mp4,460,157.96,126.43,31.75,28.46
deadlift.mp4,470,154.1,102.84,84.76,42.88
deadlift.mp4,480,165.09,101.62,89.16,56.64
deadlift.mp4,490,150.87,97.64,106.99,35.69
deadlift.mp4,500,144.1,104.6,110.89,44.89
deadlift.mp4,510,146.48,108.34,88.91,54.81
deadlift.mp4,520,146.84,108.6,90.23,52.6
deadlift.mp4,530,150.3,111.65,89.87,56.48
deadlift.mp4,540,146.84,101.76,96.34,41.78
deadlift.mp4,550,150.46,104.33,91.6,53.21
deadlift.mp4,560,160.07,99.79,94.16,55.49
deadlift.mp4,570,152.57,108.03,87.2,35.09
deadlift.mp4,580,164.78,124.69,34.19,29.13
deadlift.mp4,590,170.78,126.53,30.22,24.75
deadlift.mp4,600,170.47,127.81,34.09,26.28
deadlift.mp4,610,171.17,125.96,33.76,28.03
deadlift.mp4,620,159.52,120.54,34.94,29.73
deadlift.mp4,630,156.35,106.35,90.44,39.63
deadlift.mp4,640,161.98,108.27,105.19,34.42
deadlift.mp4,650,151.32,98.42,107.77,38.25
deadlift.mp4,660,144.63,100.15,102.36,39.29
deadlift.mp4,670,147.81,112.28,86.16,55.4
deadlift.mp4,680,149.23,111.29,97.34,49.33
deadlift.mp4,690,149.22,116.79,90.64,49.02
deadlift.mp4,700,139.64,101.78,93.79,42.41
deadlift.mp4,710,158.61,100.82,100.35,42.87
deadlift.mp4,720,160.48,104.43,88.75,47.22
deadlift.mp4,730,153.63,109.2,71.88,39.73
deadlift.mp4,740,164.79,126.84,24.91,24.61
deadlift.mp4,750,156.53,131.58,20.92,22.23
deadlift.mp4,760,162.23,127.12,20.61,24.7
deadlift.mp4,770,163.6,131.45,26.59,22.62
deadlift.mp4,780,150.73,122.24,34.87,27.78
deadlift.mp4,790,158.15,102.49,86.27,48.02
deadlift.mp4,800,157.47,102.41,94.51,47.72
deadlift.mp4,810,143.4,101.22,103.47,38.41
deadlift.mp4,820,147.17,115.75,88.72,51.72
deadlift.mp4,830,154.69,119.91,78.02,55.16
deadlift.mp4,840,150.55,112.86,88.56,52.18
deadlift.mp4,850,141.87,101.04,105.25,38.59
deadlift.mp4,860,152.92,105.89,85.23,56.75
deadlift.mp4,870,159.45,100.22,92.4,53.38
deadlift.mp4,880,152.66,108.71,87.11,34.79
deadlift.mp4,890,160.04,127.1,30.72,25.1
deadlift.mp4,900,160.0,130.09,16.92,22.01
deadlift.mp4,910,161.13,130.82,21.35,21.89
deadlift.mp4,920,166.06,128.74,31.0,23.69
deadlift.mp4,930,154.55,106.48,82.9,40.15
deadlift.mp4,940,162.13,102.08,96.79,49.29
deadlift.mp4,950,150.42,99.72,115.83,40.83
deadlift.mp4,960,139.2,99.96,96.49,43.88
deadlift.mp4,970,147.51,111.42,92.42,53.43
deadlift.mp4,980,152.32,101.73,106.72,52.86
deadlift.mp4,990,144.38,106.8,93.89,49.56
deadlift.mp4,1000,144.13,102.94,101.28,45.67
deadlift.mp4,1010,142.83,104.46,104.52,45.16
deadlift.mp4,1020,144.69,106.08,108.61,47.54
deadlift.mp4,1030,143.15,97.28,103.54,39.2
deadlift.mp4,1040,141.33,98.06,107.1,38.16
deadlift.mp4,1050,155.02,105.29,95.45,25.32
deadlift.mp4,1060,169.25,129.23,14.01,37.07
deadlift.mp4,1070,159.37,137.38,31.43,24.46
deadlift.mp4,1080,159.63,138.89,35.93,25.14
deadlift.mp4,1090,164.39,138.3,30.05,29.11
deadlift.mp4,1100,165.28,139.03,32.79,29.5
deadlift.mp4,1110,157.89,134.44,30.93,27.47
deadlift.mp4,1120,159.89,135.29,31.29,26.68
deadlift.mp4,1130,155.47,137.63,28.39,25.47
diamond_pushup.mp4,10,155.0,130.47,26.56,27.51
diamond_pushup.mp4,20,153.1,130.29,28.01,27.53
diamond_pushup.mp4,30,152.1,129.64,28.11,26.61
diamond_pushup.mp4,40,150.85,131.84,28.12,26.35
diamond_pushup.mp4,50,152.67,128.59,28.01,27.61
diamond_pushup.mp4,60,149.36,131.87,28.58,26.89
diamond_pushup.mp4,70,153.37,126.33,28.96,29.4
diamond_pushup.mp4,80,156.36,128.71,26.63,27.09
diamond_pushup.mp4,90,155.6,128.03,23.9,30.05
diamond_pushup.mp4,100,142.47,112.92,46.87,30.61
diamond_pushup.mp4,110,144.63,97.13,96.89,35.63
diamond_pushup.mp4,120,147.3,105.26,59.25,53.92
diamond_pushup.mp4,130,153.08,95.43,105.23,55.29
diamond_pushup.mp4,150,170.03,166.8,36.93,28.13
diamond_pushup.mp4,160,172.61,158.8,39.8,38.99
diamond_pushup.mp4,170,167.35,151.96,7.72,19.38
diamond_pushup.mp4,180,166.14,167.5,11.16,24.12
diamond_pushup.mp4,190,154.15,150.29,35.98,35.45
diamond_pushup.mp4,200,158.74,132.72,64.15,33.96
diamond_pushup.mp4,210,151.28,122.9,53.98,33.41
diamond_pushup.mp4,220,146.56,98.59,89.1,36.98
diamond_pushup.mp4,230,146.9,151.18,74.79,26.72
diamond_pushup.mp4,240,148.8,86.88,84.69,41.6
diamond_pushup.mp4,250,156.41,138.06,51.67,23.64
diamond_pushup.mp4,260,134.6,113.27,76.45,38.81
diamond_pushup.mp4,270,129.37,145.58,56.88,35.7
diamond_pushup.mp4,280,122.39,138.04,46.79,38.63
diamond_pushup.mp4,290,137.37,135.07,38.36,37.02
diamond_pushup.mp4,300,149.64,144.12,24.91,34.06
diamond_pushup.mp4,310,156.0,156.41,28.37,26.31
diamond_pushup.mp4,320,134.52,138.96,38.75,29.67
diamond_pushup.mp4,330,137.77,136.24,44.6,33.31
diamond_pushup.mp4,350,153.3,173.2,103.18,120.88
diamond_pushup.mp4,360,163.07,155.26,19.66,28.06
diamond_pushup.mp4,370,163.78,144.8,18.98,33.64
diamond_pushup.mp4,390,129.71,78.33,57.74,45.75
diamond_pushup.mp4,400,137.38,137.09,47.51,30.34
diamond_pushup.mp4,410,146.98,97.06,31.62,50.68
diamond_pushup.mp4,440,176.33,140.48,3.47,34.42
diamond_pushup.mp4,450,126.57,144.2,21.51,36.13
diamond_pushup.mp4,460,139.2,109.31,26.65,41.84
diamond_pushup.mp4,470,145.91,118.95,44.71,39.48
diamond_pushup.mp4,480,141.95,93.7,24.52,40.95
diamond_pushup.mp4,490,138.29,112.67,15.72,43.59
diamond_pushup.mp4,510,114.99,140.58,42.38,35.51
diamond_pushup.mp4,540,147.12,90.9,31.32,53.05
diamond_pushup.mp4,550,140.03,88.45,36.5,35.19
diamond_pushup.mp4,560,136.9,97.9,28.8,43.07
diamond_pushup.mp4,570,145.47,122.75,20.28,49.89
diamond_pushup.mp4,580,154.75,160.24,143.71,89.5
diamond_pushup.mp4,590,168.51,118.68,79.67,58.84
diamond_pushup.mp4,610,130.75,121.36,33.44,44.25
diamond_pushup.mp4,620,144.33,123.79,32.16,33.01
diamond_pushup.mp4,630,158.0,132.79,57.73,37.22
diamond_pushup.mp4,640,133.0,94.74,99.9,69.67
diamond_pushup.mp4,650,174.19,163.04,9.29,29.79
diamond_pushup.mp4,680,148.88,108.18,110.39,65.27
diamond_pushup.mp4,690,140.88,118.71,72.3,51.63
diamond_pushup.mp4,700,134.62,98.54,79.49,37.13
diamond_pushup.mp4,710,155.97,110.84,50.01,21.63
diamond_pushup.mp4,720,164.74,134.6,20.37,32.78
diamond_pushup.mp4,730,161.05,132.42,21.6,32.5
diamond_pushup.mp4,740,162.38,138.49,25.74,35.07
diamond_pushup.mp4,750,168.66,140.9,27.32,30.34
diamond_pushup.mp4,760,160.45,136.12,26.39,27.47
diamond_pushup.mp4,770,147.85,135.74,29.62,31.89
diamond_pushup.mp4,780,159.27,134.44,26.49,30.3
diamond_pushup.mp4,790,158.68,133.67,24.38,29.41
diamond_pushup.mp4,800,161.62,132.39,25.81,27.2
drag_curl.mp4,10,161.58,138.31,28.37,30.04
drag_curl.mp4,20,158.91,137.35,26.32,27.43
drag_curl.mp4,30,164.51,135.99,29.18,28.48
drag_curl.mp4,40,168.01,132.32,23.44,28.02
drag_curl.mp4,50,167.31,133.3,24.08,29.43
drag_curl.mp4,60,164.48,131.72,19.45,29.12
drag_curl.mp4,70,163.33,133.26,19.82,29.61
drag_curl.mp4,80,161.43,129.56,22.62,28.75
drag_curl.mp4,90,158.21,125.91,21.04,31.05
drag_curl.mp4,100,144.98,109.11,59.22,32.05
drag_curl.mp4,110,157.95,106.17,113.75,29.24
drag_curl.mp4,120,145.97,112.04,95.4,36.41
drag_curl.mp4,130,148.4,105.96,108.72,36.64
drag_curl.mp4,140,148.13,100.34,100.98,37.79
drag_curl.mp4,150,155.51,102.56,100.02,38.0
drag_curl.mp4,160,155.79,102.72,89.68,38.96
drag_curl.mp4,170,156.15,103.87,95.99,34.8
drag_curl.mp4,180,143.17,109.24,92.95,30.01
drag_curl.mp4,190,141.73,116.03,92.27,26.67
drag_curl.mp4,200,151.75,99.14,109.71,29.1
drag_curl.mp4,210,140.65,100.31,94.51,37.04
drag_curl.mp4,220,139.34,120.39,99.77,29.11
drag_curl.mp4,230,135.96,117.87,104.66,20.8
drag_curl.mp4,240,142.3,100.02,96.73,17.53
drag_curl.mp4,250,130.7,90.57,87.01,29.66
drag_curl.mp4,260,129.38,103.86,88.81,53.53
drag_curl.mp4,270,131.53,115.15,97.82,72.4
drag_curl.mp4,280,132.51,121.78,86.47,64.81
drag_curl.mp4,290,128.53,101.42,83.67,44.54
drag_curl.mp4,300,133.96,106.48,82.62,48.92
drag_curl.mp4,310,150.17,104.77,88.2,33.46
drag_curl.mp4,320,148.61,100.61,113.3,35.51
drag_curl.mp4,330,154.78,107.22,88.95,29.32
drag_curl.mp4,340,146.36,107.43,64.98,32.87
drag_curl.mp4,350,142.18,107.84,91.2,30.24
drag_curl.mp4,360,154.17,110.26,87.35,31.83
drag_curl.mp4,370,141.19,103.91,103.13,28.47
drag_curl.mp4,380,119.75,140.3,50.18,30.38
drag_curl.mp4,390,140.09,117.78,104.52,12.58
drag_curl.mp4,400,143.08,120.63,99.96,61.09
drag_curl.mp4,410,133.85,109.01,99.43,60.08
drag_curl.mp4,420,121.91,104.14,87.83,64.45
drag_curl.mp4,430,115.39,93.02,86.69,57.53
drag_curl.mp4,440,129.06,96.09,94.15,60.04
drag_curl.mp4,450,126.11,68.58,79.46,34.7
drag_curl.mp4,460,135.29,106.58,87.81,58.09
drag_curl.mp4,470,143.54,105.52,98.42,40.6
drag_curl.mp4,480,146.39,103.43,104.91,34.05
drag_curl.mp4,490,147.25,106.63,96.78,28.52
drag_curl.mp4,500,138.58,102.61,95.21,31.72
drag_curl.mp4,510,143.37,102.28,97.88,27.47
drag_curl.mp4,520,152.55,102.35,104.11,36.55
drag_curl.mp4,530,145.36,96.62,78.68,22.74
drag_curl.mp4,540,140.96,98.46,97.68,12.25
drag_curl.mp4,550,133.99,109.37,85.24,17.22
drag_curl.mp4,560,143.76,109.94,99.33,39.93
drag_curl.mp4,570,134.42,107.82,98.65,60.27
drag_curl.mp4,580,121.28,115.15,91.96,75.93
drag_curl.mp4,590,120.35,112.97,96.54,76.82
drag_curl.mp4,600,129.22,94.16,91.22,49.63
drag_curl.mp4,610,136.08,102.38,90.36,59.48
drag_curl.mp4,620,138.46,104.52,94.53,55.49
drag_curl.mp4,630,149.94,100.48,100.33,29.96
drag_curl.mp4,640,144.78,104.84,102.84,33.34
drag_curl.mp4,650,145.44,105.55,103.65,32.23
drag_curl.mp4,660,147.79,106.12,108.34,31.7
drag_curl.mp4,670,149.03,106.52,86.7,29.41
drag_curl.mp4,680,144.95,118.17,87.23,45.72
drag_curl.mp4,690,143.08,104.79,95.05,25.64
drag_curl.mp4,700,148.57,95.22,108.75,9.31
drag_curl.mp4,710,145.28,121.08,95.95,61.08
drag_curl.mp4,720,122.4,84.69,90.23,39.95
drag_curl.mp4,730,135.53,110.86,95.16,63.37
drag_curl.mp4,740,136.73,110.56,106.0,71.99
drag_curl.mp4,750,140.25,112.56,103.5,68.42
drag_curl.mp4,760,139.81,102.85,99.01,57.87
drag_curl.mp4,770,139.37,95.53,100.02,53.66
drag_curl.mp4,780,150.51,99.04,100.32,34.53
drag_curl.mp4,790,146.77,100.08,103.42,28.85
drag_curl.mp4,800,146.18,104.86,97.51,29.67
drag_curl.mp4,810,139.23,101.79,97.51,29.14
drag_curl.mp4,820,149.53,99.8,105.92,39.47
drag_curl.mp4,830,136.91,101.73,88.86,42.47
drag_curl.mp4,840,141.73,101.43,94.57,17.06
drag_curl.mp4,850,136.04,99.43,97.7,10.85
drag_curl.mp4,860,142.34,109.65,96.43,48.85
drag_curl.mp4,870,132.98,87.42,90.8,44.16
drag_curl.mp4,880,133.88,108.28,103.41,71.59
drag_curl.mp4,890,138.99,103.3,112.38,69.36
drag_curl.mp4,900,140.17,100.51,108.5,67.24
drag_curl.mp4,910,138.46,102.55,103.27,62.69
drag_curl.mp4,920,141.37,96.4,98.61,58.85
drag_curl.mp4,930,146.2,101.04,108.84,52.5
drag_curl.mp4,940,144.66,111.43,94.45,29.44
drag_curl.mp4,950,144.05,109.5,91.36,40.93
drag_curl.mp4,960,151.61,113.78,87.45,37.98
drag_curl.mp4,970,149.73,111.86,85.06,35.95
drag_curl.mp4,980,157.05,112.04,74.58,38.11
drag_curl.mp4,990,157.96,122.42,75.66,33.87
drag_curl.mp4,1000,150.07,124.93,51.43,33.4
drag_curl.mp4,1010,150.78,129.09,62.63,33.29
drag_curl.mp4,1020,152.76,141.04,38.29,30.49
drag_curl.mp4,1030,156.4,134.11,58.17,29.3
drag_curl.mp4,1040,160.8,109.55,72.61,38.06
drag_curl.mp4,1050,152.92,110.61,69.6,36.56
drag_curl.mp4,1060,150.23,124.52,80.97,35.11
drag_curl.mp4,1070,150.19,135.88,80.85,26.11
drag_curl.mp4,1080,155.08,103.92,116.21,33.13
drag_curl.mp4,1090,139.41,114.17,56.36,20.95
drag_curl.mp4,1100,159.37,129.23,18.16,30.03
drag_curl.mp4,1110,156.64,135.89,28.46,26.31
drag_curl.mp4,1120,150.65,129.69,30.24,32.39
drag_curl.mp4,1130,155.65,131.3,25.28,31.46
drag_curl.mp4,1140,159.39,126.88,24.53,30.06
drag_curl.mp4,1150,159.02,132.1,25.54,28.59
dumbbell_biceps_curls.mp4,10,136.65,167.03,22.7,20.81
dumbbell_biceps_curls.mp4,20,138.14,165.29,22.84,20.9
dumbbell_biceps_curls.mp4,30,136.63,164.52,22.66,21.53
dumbbell_biceps_curls.mp4,40,137.15,166.54,23.13,22.9
dumbbell_biceps_curls.mp4,50,138.82,158.93,21.88,23.11
dumbbell_biceps_curls.mp4,60,138.23,160.34,22.14,24.07
dumbbell_biceps_curls.mp4,70,137.62,163.14,21.85,22.59
dumbbell_biceps_curls.mp4,80,136.35,166.24,21.63,21.66
dumbbell_biceps_curls.mp4,90,137.14,162.59,24.68,21.16
dumbbell_biceps_curls.mp4,100,137.86,162.99,23.0,27.38
dumbbell_biceps_curls.mp4,110,140.29,160.79,22.16,40.59
dumbbell_biceps_curls.mp4,120,133.65,147.58,22.27,61.68
dumbbell_biceps_curls.mp4,130,118.43,135.96,28.38,59.18
dumbbell_biceps_curls.mp4,140,118.18,141.84,34.61,58.15
dumbbell_biceps_curls.mp4,150,94.76,139.75,35.63,59.78
dumbbell_biceps_curls.mp4,160,102.51,142.08,37.83,64.13
dumbbell_biceps_curls.mp4,170,91.68,140.09,35.87,58.44
dumbbell_biceps_curls.mp4,180,113.04,131.16,37.55,57.25
dumbbell_biceps_curls.mp4,190,115.26,129.38,32.1,61.88
dumbbell_biceps_curls.mp4,200,127.29,145.12,26.94,68.35
dumbbell_biceps_curls.mp4,210,137.32,154.5,27.97,48.72
dumbbell_biceps_curls.mp4,220,145.89,164.64,23.46,34.99
dumbbell_biceps_curls.mp4,230,147.38,165.46,21.7,29.64
dumbbell_biceps_curls.mp4,240,137.41,167.4,22.7,36.29
dumbbell_biceps_curls.mp4,250,126.65,148.76,22.91,64.39
dumbbell_biceps_curls.mp4,260,113.72,135.42,26.38,57.0
dumbbell_biceps_curls.mp4,270,104.61,136.02,38.44,63.59
dumbbell_biceps_curls.mp4,280,99.62,134.48,38.2,56.77
dumbbell_biceps_curls.mp4,290,90.25,137.93,36.64,61.63
dumbbell_biceps_curls.mp4,300,98.13,135.8,37.53,57.05
dumbbell_biceps_curls.mp4,310,114.64,132.8,37.27,59.35
dumbbell_biceps_curls.mp4,320,110.81,136.46,26.38,58.59
dumbbell_biceps_curls.mp4,330,125.96,152.04,21.64,67.14
dumbbell_biceps_curls.mp4,340,145.23,157.81,33.36,45.53
dumbbell_biceps_curls.mp4,350,146.32,168.31,22.7,35.78
dumbbell_biceps_curls.mp4,360,144.8,168.23,22.29,28.99
dumbbell_biceps_curls.mp4,370,141.67,167.39,23.54,35.72
dumbbell_biceps_curls.mp4,380,129.12,159.1,22.68,56.45
dumbbell_biceps_curls.mp4,390,116.46,133.65,26.69,61.62
dumbbell_biceps_curls.mp4,400,117.51,132.09,41.9,60.73
dumbbell_biceps_curls.mp4,410,101.52,136.82,35.43,55.39
dumbbell_biceps_curls.mp4,420,96.81,138.05,36.28,62.27
dumbbell_biceps_curls.mp4,430,104.1,135.33,36.08,54.74
dumbbell_biceps_curls.mp4,440,104.28,134.34,36.92,61.95
dumbbell_biceps_curls.mp4,450,104.87,140.74,26.35,62.45
dumbbell_biceps_curls.mp4,460,129.94,146.05,23.21,70.65
dumbbell_biceps_curls.mp4,470,134.69,161.68,27.38,41.67
dumbbell_biceps_curls.mp4,480,144.45,166.35,24.5,34.26
dumbbell_biceps_curls.mp4,490,147.78,165.35,18.93,29.07
dumbbell_biceps_curls.mp4,500,141.86,169.13,22.94,37.35
dumbbell_biceps_curls.mp4,510,126.19,154.26,22.84,60.62
dumbbell_biceps_curls.mp4,520,113.99,137.47,24.23,63.82
dumbbell_biceps_curls.mp4,530,111.19,135.48,34.09,59.31
dumbbell_biceps_curls.mp4,540,97.26,137.16,32.83,57.19
dumbbell_biceps_curls.mp4,550,104.65,134.33,40.76,61.42
dumbbell_biceps_curls.mp4,560,99.09,134.99,33.74,56.97
dumbbell_biceps_curls.mp4,570,97.64,139.39,30.91,64.01
dumbbell_biceps_curls.mp4,580,123.46,140.41,27.3,64.15
dumbbell_biceps_curls.mp4,590,134.02,151.99,21.04,64.72
dumbbell_biceps_curls.mp4,600,136.54,160.72,23.91,42.07
dumbbell_biceps_curls.mp4,610,149.12,163.14,23.79,33.7
dumbbell_biceps_curls.mp4,620,149.57,165.48,24.36,26.22
dumbbell_biceps_curls.mp4,630,144.61,168.36,25.77,34.08
dumbbell_biceps_curls.mp4,640,129.26,153.44,24.06,60.39
dumbbell_biceps_curls.mp4,650,113.24,137.86,25.79,61.74
dumbbell_biceps_curls.mp4,660,109.23,134.54,34.08,63.53
dumbbell_biceps_curls.mp4,670,106.98,134.39,33.9,56.87
dumbbell_biceps_curls.mp4,680,102.67,135.43,36.86,58.29
dumbbell_biceps_curls.mp4,690,114.86,136.94,44.89,62.63
dumbbell_biceps_curls.mp4,700,116.88,138.34,33.58,59.24
dumbbell_biceps_curls.mp4,710,114.11,135.92,25.61,59.76
dumbbell_biceps_curls.mp4,720,131.4,147.41,24.92,65.68
dumbbell_biceps_curls.mp4,730,137.76,155.57,29.43,53.03
dumbbell_biceps_curls.mp4,740,142.19,161.87,25.46,35.89
dumbbell_biceps_curls.mp4,750,140.1,163.08,19.99,29.66
dumbbell_biceps_curls.mp4,760,133.68,167.64,21.13,29.69
dumbbell_biceps_curls.mp4,770,131.11,166.51,20.38,28.15
dumbbell_biceps_curls.mp4,780,132.58,170.06,20.63,25.5
dumbbell_biceps_curls.mp4,790,134.25,162.71,19.76,26.25
dumbbell_biceps_curls.mp4,800,135.06,161.07,20.96,27.07
dumbbell_curl_trifecta.mp4,10,104.02,81.28,25.04,18.17
dumbbell_curl_trifecta.mp4,20,105.49,81.19,24.7,17.99
dumbbell_curl_trifecta.mp4,30,103.16,81.15,24.13,19.04
dumbbell_curl_trifecta.mp4,40,102.99,81.73,24.39,19.48
dumbbell_curl_trifecta.mp4,50,103.56,83.09,24.79,18.94
dumbbell_curl_trifecta.mp4,60,104.26,83.26,24.91,18.39
dumbbell_curl_trifecta.mp4,70,105.37,83.11,26.51,18.08
dumbbell_curl_trifecta.mp4,80,103.86,83.9,24.21,18.21
dumbbell_curl_trifecta.mp4,90,104.53,82.32,24.43,17.69
dumbbell_curl_trifecta.mp4,100,106.15,80.68,25.26,16.61
dumbbell_curl_trifecta.mp4,110,105.41,81.22,25.9,15.65
dumbbell_curl_trifecta.mp4,120,103.07,78.81,29.41,16.19
dumbbell_curl_trifecta.mp4,130,114.35,75.44,60.1,19.36
dumbbell_curl_trifecta.mp4,140,138.78,80.99,100.36,17.27
dumbbell_curl_trifecta.mp4,150,148.53,100.89,93.27,30.07
dumbbell_curl_trifecta.mp4,160,154.1,112.87,100.77,24.4
dumbbell_curl_trifecta.mp4,170,152.93,115.42,99.45,21.59
dumbbell_curl_trifecta.mp4,180,143.63,100.3,99.22,20.77
dumbbell_curl_trifecta.mp4,190,136.99,82.8,96.82,18.55
dumbbell_curl_trifecta.mp4,200,109.16,74.78,57.77,21.07
dumbbell_curl_trifecta.mp4,210,105.97,77.97,31.86,18.8
dumbbell_curl_trifecta.mp4,220,105.99,80.32,26.84,16.06
dumbbell_curl_trifecta.mp4,230,105.76,81.76,24.35,18.48
dumbbell_curl_trifecta.mp4,240,108.68,86.65,22.33,26.38
dumbbell_curl_trifecta.mp4,250,114.63,146.11,23.29,86.34
dumbbell_curl_trifecta.mp4,260,125.0,143.94,24.89,97.72
dumbbell_curl_trifecta.mp4,270,118.82,146.37,21.46,94.32
dumbbell_curl_trifecta.mp4,280,117.66,146.37,22.98,91.84
dumbbell_curl_trifecta.mp4,290,123.97,142.47,27.11,101.63
dumbbell_curl_trifecta.mp4,300,116.86,151.52,24.71,83.59
dumbbell_curl_trifecta.mp4,310,103.95,94.39,22.88,43.4
dumbbell_curl_trifecta.mp4,320,101.34,83.97,23.33,26.68
dumbbell_curl_trifecta.mp4,330,103.61,82.44,24.37,21.8
dumbbell_curl_trifecta.mp4,340,103.34,79.93,31.4,23.49
dumbbell_curl_trifecta.mp4,350,121.56,78.49,80.34,21.76
dumbbell_curl_trifecta.mp4,360,141.81,94.72,90.63,27.64
dumbbell_curl_trifecta.mp4,370,154.22,107.28,94.9,33.75
dumbbell_curl_trifecta.mp4,380,153.52,109.11,90.64,33.98
dumbbell_curl_trifecta.mp4,390,140.22,97.26,92.42,25.3
dumbbell_curl_trifecta.mp4,400,136.64,80.41,95.69,19.24
dumbbell_curl_trifecta.mp4,410,99.26,77.13,31.43,27.11
dumbbell_curl_trifecta.mp4,420,106.21,82.87,24.17,18.07
dumbbell_curl_trifecta.mp4,430,103.98,80.92,23.39,19.9
dumbbell_curl_trifecta.mp4,440,109.47,93.84,24.37,28.85
dumbbell_curl_trifecta.mp4,450,121.81,146.49,25.96,93.98
dumbbell_curl_trifecta.mp4,460,118.61,141.69,22.92,99.74
dumbbell_curl_trifecta.mp4,470,119.23,147.58,23.14,93.49
dumbbell_curl_trifecta.mp4,480,120.96,142.96,24.33,99.05
dumbbell_curl_trifecta.mp4,490,116.1,139.48,25.27,100.09
dumbbell_curl_trifecta.mp4,500,101.81,110.03,21.36,60.51
dumbbell_curl_trifecta.mp4,510,99.55,82.81,23.35,27.32
dumbbell_curl_trifecta.mp4,520,104.02,82.09,25.68,20.34
dumbbell_curl_trifecta.mp4,530,109.32,86.07,42.12,24.07
dumbbell_curl_trifecta.mp4,540,142.76,88.12,89.19,19.49
dumbbell_curl_trifecta.mp4,550,125.46,91.55,82.35,15.83
dumbbell_curl_trifecta.mp4,560,124.98,94.02,83.67,16.29
dumbbell_curl_trifecta.mp4,570,125.39,93.38,88.42,17.93
dumbbell_curl_trifecta.mp4,580,125.38,91.05,85.55,16.53
dumbbell_curl_trifecta.mp4,590,133.12,90.82,79.88,19.5
dumbbell_curl_trifecta.mp4,600,152.84,103.41,56.88,28.55
dumbbell_curl_trifecta.mp4,610,104.12,79.69,28.34,19.17
dumbbell_curl_trifecta.mp4,620,109.74,83.84,25.11,21.26
dumbbell_curl_trifecta.mp4,630,119.15,139.62,24.85,72.79
dumbbell_curl_trifecta.mp4,640,126.25,142.33,25.65,84.45
dumbbell_curl_trifecta.mp4,650,134.8,140.88,30.26,85.44
dumbbell_curl_trifecta.mp4,660,131.17,141.08,31.18,90.77
dumbbell_curl_trifecta.mp4,670,130.34,141.28,30.91,88.2
dumbbell_curl_trifecta.mp4,680,127.93,143.04,27.2,80.66
dumbbell_curl_trifecta.mp4,690,123.86,143.29,25.7,72.13
dumbbell_curl_trifecta.mp4,700,104.78,85.82,25.01,31.21
dumbbell_curl_trifecta.mp4,710,99.5,83.68,26.76,20.15
dumbbell_curl_trifecta.mp4,720,96.93,79.17,35.17,19.13
dumbbell_curl_trifecta.mp4,730,134.13,82.08,98.22,17.48
dumbbell_curl_trifecta.mp4,740,145.27,106.19,89.4,24.59
dumbbell_curl_trifecta.mp4,750,154.24,112.82,93.95,25.34
dumbbell_curl_trifecta.mp4,760,156.48,113.73,102.64,26.15
dumbbell_curl_trifecta.mp4,770,141.08,92.16,90.76,24.73
dumbbell_curl_trifecta.mp4,780,129.48,80.48,88.26,16.95
dumbbell_curl_trifecta.mp4,790,104.35,80.14,37.55,20.05
dumbbell_curl_trifecta.mp4,800,106.33,84.11,24.55,18.25
dumbbell_curl_trifecta.mp4,810,104.97,85.3,24.62,21.42
dumbbell_curl_trifecta.mp4,820,107.26,132.07,25.04,69.7
dumbbell_curl_trifecta.mp4,830,114.27,140.13,24.29,98.58
dumbbell_curl_trifecta.mp4,840,121.79,145.88,23.74,91.72
dumbbell_curl_trifecta.mp4,850,121.73,146.11,23.72,95.12
dumbbell_curl_trifecta.mp4,860,124.14,142.11,27.33,104.77
dumbbell_curl_trifecta.mp4,870,121.5,150.81,25.87,92.22
dumbbell_curl_trifecta.mp4,880,106.59,97.26,24.64,54.62
dumbbell_curl_trifecta.mp4,890,102.14,84.05,22.53,30.1
dumbbell_curl_trifecta.mp4,900,107.25,84.41,24.85,19.96
dumbbell_curl_trifecta.mp4,910,104.41,81.16,31.48,19.74
dumbbell_curl_trifecta.mp4,920,117.45,76.92,74.52,15.88
dumbbell_curl_trifecta.mp4,930,142.79,93.3,89.55,25.64
dumbbell_curl_trifecta.mp4,940,151.23,109.69,90.0,25.84
dumbbell_curl_trifecta.mp4,950,155.53,107.95,95.47,26.45
dumbbell_curl_trifecta.mp4,960,151.01,108.39,96.45,20.55
dumbbell_curl_trifecta.mp4,970,140.57,88.61,90.04,24.49
dumbbell_curl_trifecta.mp4,980,118.73,75.32,63.64,18.52
dumbbell_curl_trifecta.mp4,990,108.79,78.19,28.8,16.1
dumbbell_curl_trifecta.mp4,1000,108.13,80.46,24.46,16.2
dumbbell_curl_trifecta.mp4,1010,106.6,84.59,22.2,22.67
dumbbell_curl_trifecta.mp4,1020,119.94,152.69,25.27,83.39
dumbbell_curl_trifecta.mp4,1030,127.53,142.16,28.57,97.43
dumbbell_curl_trifecta.mp4,1040,124.32,146.13,23.25,92.33
dumbbell_curl_trifecta.mp4,1050,118.92,146.7,22.37,94.24
dumbbell_curl_trifecta.mp4,1060,131.15,142.8,25.9,91.6
dumbbell_curl_trifecta.mp4,1070,116.95,145.68,23.51,81.46
dumbbell_curl_trifecta.mp4,1080,101.45,80.12,22.36,31.89
dumbbell_curl_trifecta.mp4,1090,107.17,81.84,27.51,20.47
dumbbell_curl_trifecta.mp4,1100,104.99,79.44,34.16,20.22
dumbbell_curl_trifecta.mp4,1110,158.2,97.76,71.85,31.49
dumbbell_curl_trifecta.mp4,1120,133.13,87.03,83.81,15.86
dumbbell_curl_trifecta.mp4,1130,126.93,99.19,74.84,11.05
dumbbell_curl_trifecta.mp4,1140,130.61,97.54,86.87,11.03
dumbbell_curl_trifecta.mp4,1150,126.99,96.81,78.59,10.08
dumbbell_curl_trifecta.mp4,1160,128.89,90.71,79.11,13.15
dumbbell_curl_trifecta.mp4,1170,155.71,95.98,64.83,35.01
dumbbell_curl_trifecta.mp4,1180,110.01,82.11,28.2,21.52
dumbbell_curl_trifecta.mp4,1190,111.21,77.92,26.18,18.87
dumbbell_curl_trifecta.mp4,1200,119.27,131.02,23.96,66.42
dumbbell_curl_trifecta.mp4,1210,127.41,140.31,24.04,77.63
dumbbell_curl_trifecta.mp4,1220,129.69,140.7,30.28,88.87
dumbbell_curl_trifecta.mp4,1230,129.74,141.22,31.84,92.18
dumbbell_curl_trifecta.mp4,1240,134.48,140.31,36.63,89.54
dumbbell_curl_trifecta.mp4,1250,130.5,140.14,28.37,83.11
dumbbell_curl_trifecta.mp4,1260,119.14,143.76,25.35,84.25
dumbbell_curl_trifecta.mp4,1270,111.37,94.31,26.6,39.97
dumbbell_curl_trifecta.mp4,1280,103.07,82.73,23.33,25.41
dumbbell_curl_trifecta.mp4,1290,105.25,84.79,24.45,18.45
dumbbell_curl_trifecta.mp4,1300,103.11,82.36,28.27,16.01
dumbbell_curl_trifecta.mp4,1310,120.14,79.44,74.14,15.63
dumbbell_curl_trifecta.mp4,1320,135.37,86.83,95.8,18.23
dumbbell_curl_trifecta.mp4,1330,149.06,96.66,99.97,23.19
dumbbell_curl_trifecta.mp4,1340,149.59,98.03,103.79,23.64
dumbbell_curl_trifecta.mp4,1350,140.36,90.74,91.0,22.79
dumbbell_curl_trifecta.mp4,1360,133.82,81.58,91.95,17.19
dumbbell_curl_trifecta.mp4,1370,106.25,79.46,37.06,21.57
dumbbell_curl_trifecta.mp4,1380,106.36,81.95,25.47,16.7
dumbbell_curl_trifecta.mp4,1390,105.85,84.02,23.52,19.42
dumbbell_curl_trifecta.mp4,1400,106.17,113.01,23.83,53.52
dumbbell_curl_trifecta.mp4,1410,116.01,143.93,24.7,107.08
dumbbell_curl_trifecta.mp4,1420,115.11,144.34,19.47,96.04
dumbbell_curl_trifecta.mp4,1430,118.84,145.59,21.79,96.32
dumbbell_curl_trifecta.mp4,1440,119.33,142.67,23.69,98.32
dumbbell_curl_trifecta.mp4,1450,118.48,148.5,24.85,98.72
dumbbell_curl_trifecta.mp4,1460,101.58,112.33,21.91,62.71
dumbbell_curl_trifecta.mp4,1470,101.96,84.32,22.75,31.73
dumbbell_curl_trifecta.mp4,1480,102.86,82.71,23.88,24.67
dumbbell_curl_trifecta.mp4,1490,102.24,77.03,29.07,21.23
dumbbell_curl_trifecta.mp4,1500,112.48,77.7,66.92,17.86
dumbbell_curl_trifecta.mp4,1510,136.72,87.59,93.31,22.71
dumbbell_curl_trifecta.mp4,1520,145.19,104.42,86.9,27.63
dumbbell_curl_trifecta.mp4,1530,149.66,102.59,86.9,29.32
dumbbell_curl_trifecta.mp4,1540,144.14,97.15,88.5,25.5
dumbbell_curl_trifecta.mp4,1550,136.48,78.82,97.8,18.82
dumbbell_curl_trifecta.mp4,1560,115.39,79.66,48.0,23.03
dumbbell_curl_trifecta.mp4,1570,105.49,81.45,25.76,14.2
dumbbell_curl_trifecta.mp4,1580,106.32,81.95,23.05,16.11
dumbbell_curl_trifecta.mp4,1590,108.57,91.08,21.51,22.8
dumbbell_curl_trifecta.mp4,1600,120.7,149.12,22.08,85.34
dumbbell_curl_trifecta.mp4,1610,126.25,143.5,24.82,97.74
dumbbell_curl_trifecta.mp4,1620,123.45,142.02,21.8,101.53
dumbbell_curl_trifecta.mp4,1630,117.96,143.13,22.13,101.56
dumbbell_curl_trifecta.mp4,1640,117.71,142.68,24.35,100.97
dumbbell_curl_trifecta.mp4,1650,111.37,139.54,22.48,79.57
dumbbell_curl_trifecta.mp4,1660,101.0,82.19,23.19,24.6
dumbbell_curl_trifecta.mp4,1670,97.17,86.34,27.43,22.29
dumbbell_curl_trifecta.mp4,1680,138.91,92.59,86.31,19.7
dumbbell_curl_trifecta.mp4,1690,126.41,99.55,81.09,20.66
dumbbell_curl_trifecta.mp4,1700,129.9,98.27,83.61,17.82
dumbbell_curl_trifecta.mp4,1710,129.88,99.11,84.59,18.96
dumbbell_curl_trifecta.mp4,1720,123.83,95.19,76.9,18.45
dumbbell_curl_trifecta.mp4,1730,129.96,88.85,71.85,18.54
dumbbell_curl_trifecta.mp4,1740,103.5,85.63,28.64,15.96
dumbbell_curl_trifecta.mp4,1750,107.56,78.55,24.96,15.11
dumbbell_curl_trifecta.mp4,1760,111.77,87.07,24.55,20.12
dumbbell_curl_trifecta.mp4,1770,121.82,129.8,24.36,63.98
dumbbell_curl_trifecta.mp4,1780,129.47,139.29,27.81,77.78
dumbbell_curl_trifecta.mp4,1790,134.78,137.56,36.7,85.14
dumbbell_curl_trifecta.mp4,1800,131.78,138.74,34.85,88.17
dumbbell_curl_trifecta.mp4,1810,135.1,138.33,32.72,82.02
dumbbell_curl_trifecta.mp4,1820,128.37,138.83,26.16,79.75
dumbbell_curl_trifecta.mp4,1830,119.11,130.4,23.78,64.28
dumbbell_curl_trifecta.mp4,1840,112.61,80.82,29.91,25.67
dumbbell_curl_trifecta.mp4,1850,106.84,84.56,26.95,22.29
dumbbell_curl_trifecta.mp4,1860,102.34,82.01,23.14,17.48
dumbbell_curl_trifecta.mp4,1870,102.12,82.44,25.33,16.33
dumbbell_curl_trifecta.mp4,1880,106.79,81.05,32.6,19.16
dumbbell_curl_trifecta.mp4,1890,127.93,78.59,84.51,15.87
dumbbell_curl_trifecta.mp4,1900,138.74,85.56,99.34,20.02
dumbbell_curl_trifecta.mp4,1910,147.03,99.97,99.87,23.51
dumbbell_curl_trifecta.mp4,1920,154.3,105.48,101.54,25.76
dumbbell_curl_trifecta.mp4,1930,143.28,94.66,96.47,21.67
dumbbell_curl_trifecta.mp4,1940,137.71,85.22,96.97,17.16
dumbbell_curl_trifecta.mp4,1950,126.34,79.39,67.7,18.52
dumbbell_curl_trifecta.mp4,1960,104.55,81.41,26.23,14.8
dumbbell_curl_trifecta.mp4,1970,103.2,83.83,23.22,17.0
dumbbell_curl_trifecta.mp4,1980,101.95,82.52,22.49,18.81
dumbbell_curl_trifecta.mp4,1990,110.48,133.05,21.97,64.47
dumbbell_curl_trifecta.mp4,2000,118.73,142.45,23.77,99.15
dumbbell_curl_trifecta.mp4,2010,119.78,142.75,25.52,99.85
dumbbell_curl_trifecta.mp4,2020,118.62,144.9,21.98,94.56
dumbbell_curl_trifecta.mp4,2030,128.76,141.85,27.3,98.9
dumbbell_curl_trifecta.mp4,2040,114.05,145.13,24.99,97.55
dumbbell_curl_trifecta.mp4,2050,102.24,89.81,23.41,42.62
dumbbell_curl_trifecta.mp4,2060,101.22,86.29,25.12,29.94
dumbbell_curl_trifecta.mp4,2070,105.35,84.28,26.93,21.54
dumbbell_curl_trifecta.mp4,2080,95.43,75.72,39.1,19.23
dumbbell_curl_trifecta.mp4,2090,134.79,84.04,96.2,19.59
dumbbell_curl_trifecta.mp4,2100,144.12,95.92,90.32,24.59
dumbbell_curl_trifecta.mp4,2110,154.74,102.77,96.22,28.31
dumbbell_curl_trifecta.mp4,2120,150.87,102.41,94.95,26.01
dumbbell_curl_trifecta.mp4,2130,136.58,84.67,95.69,20.3
dumbbell_curl_trifecta.mp4,2140,126.42,77.95,75.51,17.26
dumbbell_curl_trifecta.mp4,2150,108.27,79.08,31.25,16.4
dumbbell_curl_trifecta.mp4,2160,108.76,81.27,27.37,12.73
dumbbell_curl_trifecta.mp4,2170,109.45,82.09,24.36,16.73
dumbbell_curl_trifecta.mp4,2180,113.15,103.58,23.33,32.88
dumbbell_curl_trifecta.mp4,2190,127.26,146.97,30.99,95.8
dumbbell_curl_trifecta.mp4,2200,127.34,142.74,27.52,100.05
dumbbell_curl_trifecta.mp4,2210,124.47,143.69,24.27,96.07
dumbbell_curl_trifecta.mp4,2220,128.68,143.56,31.03,103.52
dumbbell_curl_trifecta.mp4,2230,121.1,146.65,25.71,91.92
dumbbell_curl_trifecta.mp4,2240,106.46,108.71,23.29,54.01
dumbbell_curl_trifecta.mp4,2250,104.66,82.37,23.69,27.79
dumbbell_curl_trifecta.mp4,2260,106.11,84.92,25.09,18.59
dumbbell_curl_trifecta.mp4,2270,104.84,82.62,25.7,15.64
dumbbell_curl_trifecta.mp4,2280,117.01,90.54,44.02,20.71
dumbbell_curl_trifecta.mp4,2290,141.98,93.63,80.46,18.49
dumbbell_curl_trifecta.mp4,2300,127.17,96.0,81.49,16.81
dumbbell_curl_trifecta.mp4,2310,127.72,95.82,77.91,15.13
dumbbell_curl_trifecta.mp4,2320,126.33,97.14,79.29,15.46
dumbbell_curl_trifecta.mp4,2330,126.44,94.58,83.99,18.82
dumbbell_curl_trifecta.mp4,2340,135.21,88.68,76.38,16.51
dumbbell_curl_trifecta.mp4,2350,103.36,82.28,28.75,15.7
dumbbell_curl_trifecta.mp4,2360,105.71,80.84,24.88,14.64
dumbbell_curl_trifecta.mp4,2370,107.8,86.25,23.25,20.06
dumbbell_curl_trifecta.mp4,2380,118.65,134.51,23.36,63.8
dumbbell_curl_trifecta.mp4,2390,124.28,139.63,23.75,79.68
dumbbell_curl_trifecta.mp4,2400,134.67,136.5,33.88,79.33
dumbbell_curl_trifecta.mp4,2410,134.96,137.78,39.79,86.66
dumbbell_curl_trifecta.mp4,2420,137.67,135.74,39.11,80.19
dumbbell_curl_trifecta.mp4,2430,121.98,131.26,23.96,71.59
dumbbell_curl_trifecta.mp4,2440,116.24,115.92,26.3,53.32
dumbbell_curl_trifecta.mp4,2450,111.34,89.13,26.3,26.2
dumbbell_curl_trifecta.mp4,2460,105.78,86.43,25.87,22.43
dumbbell_curl_trifecta.mp4,2470,103.11,81.71,27.98,17.88
dumbbell_curl_trifecta.mp4,2480,110.31,76.99,66.59,15.62
dumbbell_curl_trifecta.mp4,2490,136.84,85.16,99.43,16.57
dumbbell_curl_trifecta.mp4,2500,148.54,100.98,89.3,26.91
dumbbell_curl_trifecta.mp4,2510,149.94,101.63,103.52,23.18
dumbbell_curl_trifecta.mp4,2520,140.34,94.48,92.62,21.83
dumbbell_curl_trifecta.mp4,2530,137.46,82.74,103.97,13.72
dumbbell_curl_trifecta.mp4,2540,122.67,82.3,60.82,19.74
dumbbell_curl_trifecta.mp4,2550,106.66,79.76,26.31,15.93
dumbbell_curl_trifecta.mp4,2560,106.03,80.17,26.47,16.38
dumbbell_curl_trifecta.mp4,2570,104.67,85.57,23.83,20.99
dumbbell_curl_trifecta.mp4,2580,104.81,138.51,22.87,79.46
dumbbell_curl_trifecta.mp4,2590,117.73,139.78,25.3,99.61
dumbbell_curl_trifecta.mp4,2600,117.58,142.17,23.95,98.76
dumbbell_curl_trifecta.mp4,2610,117.14,141.49,23.12,96.22
dumbbell_curl_trifecta.mp4,2620,122.52,142.96,27.18,101.1
dumbbell_curl_trifecta.mp4,2630,108.07,146.87,23.23,88.18
dumbbell_curl_trifecta.mp4,2640,98.7,80.43,20.06,30.69
dumbbell_curl_trifecta.mp4,2650,98.41,82.86,22.62,23.15
dumbbell_curl_trifecta.mp4,2660,106.0,79.56,31.49,17.99
dumbbell_curl_trifecta.mp4,2670,109.53,75.51,60.21,19.06
dumbbell_curl_trifecta.mp4,2680,135.72,78.98,103.05,19.88
dumbbell_curl_trifecta.mp4,2690,147.48,93.81,94.75,30.61
dumbbell_curl_trifecta.mp4,2700,153.59,105.01,93.76,33.25
dumbbell_curl_trifecta.mp4,2710,144.37,89.25,95.75,28.92
dumbbell_curl_trifecta.mp4,2720,135.97,77.2,100.11,20.31
dumbbell_curl_trifecta.mp4,2730,113.45,77.1,47.21,24.98
dumbbell_curl_trifecta.mp4,2740,108.42,77.74,30.72,14.22
dumbbell_curl_trifecta.mp4,2750,109.2,80.14,25.62,16.74
dumbbell_curl_trifecta.mp4,2760,120.53,107.1,25.76,28.38
dumbbell_curl_trifecta.mp4,2770,125.86,149.48,26.96,92.64
dumbbell_curl_trifecta.mp4,2780,132.33,140.21,29.09,97.62
dumbbell_curl_trifecta.mp4,2790,125.67,143.97,24.22,96.62
dumbbell_curl_trifecta.mp4,2800,124.91,140.73,25.65,97.65
dumbbell_curl_trifecta.mp4,2810,125.36,144.96,27.67,99.66
dumbbell_curl_trifecta.mp4,2820,112.71,137.27,23.26,77.56
dumbbell_curl_trifecta.mp4,2830,102.0,78.72,21.7,27.67
dumbbell_curl_trifecta.mp4,2840,103.62,83.51,25.02,19.73
dumbbell_curl_trifecta.mp4,2850,108.11,90.6,37.67,22.02
dumbbell_curl_trifecta.mp4,2860,137.33,87.74,82.17,18.18
dumbbell_curl_trifecta.mp4,2870,128.9,95.12,81.5,16.48
dumbbell_curl_trifecta.mp4,2880,133.62,101.75,76.61,15.69
dumbbell_curl_trifecta.mp4,2890,134.8,100.69,73.25,15.37
dumbbell_curl_trifecta.mp4,2900,130.55,98.51,76.67,17.08
dumbbell_curl_trifecta.mp4,2910,129.13,89.81,78.7,16.81
dumbbell_curl_trifecta.mp4,2920,153.85,102.91,57.8,29.15
dumbbell_curl_trifecta.mp4,2930,110.58,80.36,30.45,18.93
dumbbell_curl_trifecta.mp4,2940,110.74,77.32,27.73,16.08
dumbbell_curl_trifecta.mp4,2950,120.71,88.37,27.02,21.17
dumbbell_curl_trifecta.mp4,2960,130.55,127.02,26.44,58.09
dumbbell_curl_trifecta.mp4,2970,139.73,134.67,41.65,76.97
dumbbell_curl_trifecta.mp4,2980,146.67,135.42,47.97,78.74
dumbbell_curl_trifecta.mp4,2990,141.95,134.69,41.66,75.04
dumbbell_curl_trifecta.mp4,3000,143.94,131.61,39.16,67.87
dumbbell_curl_trifecta.mp4,3010,133.77,135.02,31.21,68.45
dumbbell_curl_trifecta.mp4,3020,118.01,132.45,21.99,60.46
dumbbell_curl_trifecta.mp4,3030,110.79,75.1,28.48,21.78
dumbbell_curl_trifecta.mp4,3040,105.32,79.16,24.73,18.77
dumbbell_curl_trifecta.mp4,3050,102.1,81.46,23.58,16.2
dumbbell_curl_trifecta.mp4,3060,100.71,81.3,26.01,16.05
dumbbell_curl_trifecta.mp4,3070,101.73,78.96,34.26,16.79
dumbbell_curl_trifecta.mp4,3080,136.96,80.63,98.82,14.79
dumbbell_curl_trifecta.mp4,3090,139.11,95.9,93.61,19.03
dumbbell_curl_trifecta.mp4,3100,147.86,100.55,94.1,25.28
dumbbell_curl_trifecta.mp4,3110,144.36,95.89,97.65,21.04
dumbbell_curl_trifecta.mp4,3120,136.0,84.82,103.78,13.68
dumbbell_curl_trifecta.mp4,3130,126.15,76.71,73.39,17.42
dumbbell_curl_trifecta.mp4,3140,107.19,78.16,30.07,14.96
dumbbell_curl_trifecta.mp4,3150,105.22,84.42,24.95,18.14
dumbbell_curl_trifecta.mp4,3160,105.88,87.89,23.94,21.71
dumbbell_curl_trifecta.mp4,3170,104.94,139.03,21.83,84.29
dumbbell_curl_trifecta.mp4,3180,128.02,142.6,26.76,91.52
dumbbell_curl_trifecta.mp4,3190,115.4,143.93,21.37,96.87
dumbbell_curl_trifecta.mp4,3200,118.39,141.28,23.01,95.97
dumbbell_curl_trifecta.mp4,3210,123.8,146.82,27.49,100.45
dumbbell_curl_trifecta.mp4,3220,114.28,145.88,24.14,87.17
dumbbell_curl_trifecta.mp4,3230,97.88,80.58,21.06,31.84
dumbbell_curl_trifecta.mp4,3240,100.62,84.29,22.85,22.27
dumbbell_curl_trifecta.mp4,3250,103.73,80.76,28.69,18.22
dumbbell_curl_trifecta.mp4,3260,114.03,79.66,66.6,18.37
dumbbell_curl_trifecta.mp4,3270,138.73,86.45,101.93,19.51
dumbbell_curl_trifecta.mp4,3280,147.45,98.06,92.26,25.76
dumbbell_curl_trifecta.mp4,3290,157.86,103.42,97.82,32.41
dumbbell_curl_trifecta.mp4,3300,147.97,97.95,90.38,29.45
dumbbell_curl_trifecta.mp4,3310,135.74,85.08,99.75,16.61
dumbbell_curl_trifecta.mp4,3320,117.48,76.17,58.38,20.92
dumbbell_curl_trifecta.mp4,3330,106.35,78.21,31.0,13.93
dumbbell_curl_trifecta.mp4,3340,108.81,79.79,25.88,17.33
dumbbell_curl_trifecta.mp4,3350,110.55,78.76,25.1,21.03
dumbbell_curl_trifecta.mp4,3360,123.69,142.39,24.75,66.88
dumbbell_curl_trifecta.mp4,3370,127.31,145.05,29.8,97.16
dumbbell_curl_trifecta.mp4,3380,127.35,141.75,32.59,108.43
dumbbell_curl_trifecta.mp4,3390,124.09,140.89,28.93,105.49
dumbbell_curl_trifecta.mp4,3400,128.72,141.83,34.76,106.92
dumbbell_curl_trifecta.mp4,3410,119.96,142.09,25.16,78.46
dumbbell_curl_trifecta.mp4,3420,104.5,81.76,22.22,30.39
dumbbell_curl_trifecta.mp4,3430,103.66,85.66,22.45,22.12
dumbbell_curl_trifecta.mp4,3440,106.19,86.23,25.78,18.82
dumbbell_curl_trifecta.mp4,3450,143.54,96.91,71.67,20.97
dumbbell_curl_trifecta.mp4,3460,126.61,95.84,82.15,18.4
dumbbell_curl_trifecta.mp4,3470,128.41,101.71,81.09,18.88
dumbbell_curl_trifecta.mp4,3480,135.15,106.31,76.98,18.29
dumbbell_curl_trifecta.mp4,3490,134.12,99.77,84.76,16.98
dumbbell_curl_trifecta.mp4,3500,129.3,89.99,84.93,16.76
dumbbell_curl_trifecta.mp4,3510,147.0,90.01,68.04,29.56
dumbbell_curl_trifecta.mp4,3520,102.98,79.61,28.29,15.36
dumbbell_curl_trifecta.mp4,3530,108.24,79.81,25.52,14.98
dumbbell_curl_trifecta.mp4,3540,109.43,76.66,24.86,16.83
dumbbell_curl_trifecta.mp4,3550,112.3,129.33,22.44,61.93
dumbbell_curl_trifecta.mp4,3560,132.04,137.06,29.92,75.3
dumbbell_curl_trifecta.mp4,3570,137.9,137.9,39.43,82.53
dumbbell_curl_trifecta.mp4,3580,136.95,138.65,37.97,80.12
dumbbell_curl_trifecta.mp4,3590,137.0,135.71,37.81,75.18
dumbbell_curl_trifecta.mp4,3600,130.81,136.94,25.22,73.69
dumbbell_curl_trifecta.mp4,3610,116.56,129.89,23.39,64.02
dumbbell_curl_trifecta.mp4,3620,113.73,82.71,26.14,23.44
dumbbell_curl_trifecta.mp4,3630,102.44,82.19,26.23,19.2
dumbbell_curl_trifecta.mp4,3640,104.34,82.57,26.13,16.11
dumbbell_curl_trifecta.mp4,3650,100.17,77.77,35.2,16.8
dumbbell_curl_trifecta.mp4,3660,136.24,81.91,105.09,14.17
dumbbell_curl_trifecta.mp4,3670,145.19,97.08,96.7,25.47
dumbbell_curl_trifecta.mp4,3680,151.46,102.61,101.14,29.86
dumbbell_curl_trifecta.mp4,3690,145.5,93.71,99.18,23.94
dumbbell_curl_trifecta.mp4,3700,134.66,81.28,99.74,15.61
dumbbell_curl_trifecta.mp4,3710,122.21,78.64,66.24,20.05
dumbbell_curl_trifecta.mp4,3720,104.26,78.2,28.9,13.52
dumbbell_curl_trifecta.mp4,3730,105.94,78.98,26.12,13.47
dumbbell_curl_trifecta.mp4,3740,109.3,96.84,24.2,25.71
dumbbell_curl_trifecta.mp4,3750,116.6,147.04,23.96,94.61
dumbbell_curl_trifecta.mp4,3760,119.59,142.4,23.53,94.8
dumbbell_curl_trifecta.mp4,3770,119.9,145.22,22.89,93.82
dumbbell_curl_trifecta.mp4,3780,126.79,144.01,25.22,92.59
dumbbell_curl_trifecta.mp4,3790,111.82,141.24,23.97,94.12
dumbbell_curl_trifecta.mp4,3800,96.94,89.69,20.96,39.41
dumbbell_curl_trifecta.mp4,3810,104.51,85.32,24.21,28.11
dumbbell_curl_trifecta.mp4,3820,104.8,82.18,29.28,18.62
dumbbell_curl_trifecta.mp4,3830,114.47,79.69,54.42,21.61
dumbbell_curl_trifecta.mp4,3840,135.35,84.83,96.89,19.37
dumbbell_curl_trifecta.mp4,3850,149.38,102.46,94.07,28.52
dumbbell_curl_trifecta.mp4,3860,155.91,108.22,99.67,28.37
dumbbell_curl_trifecta.mp4,3870,148.49,106.64,91.11,26.93
dumbbell_curl_trifecta.mp4,3880,136.77,88.29,88.36,22.34
dumbbell_curl_trifecta.mp4,3890,115.96,76.15,62.39,16.65
dumbbell_curl_trifecta.mp4,3900,105.18,78.6,28.6,16.28
dumbbell_curl_trifecta.mp4,3910,107.17,81.9,24.65,17.37
dumbbell_curl_trifecta.mp4,3920,111.88,94.36,23.59,25.11
dumbbell_curl_trifecta.mp4,3930,118.92,151.0,24.39,83.96
dumbbell_curl_trifecta.mp4,3940,125.93,141.97,26.23,102.0
dumbbell_curl_trifecta.mp4,3950,120.33,143.48,23.01,99.22
dumbbell_curl_trifecta.mp4,3960,126.84,143.9,24.0,95.2
dumbbell_curl_trifecta.mp4,3970,125.21,140.62,29.81,102.06
dumbbell_curl_trifecta.mp4,3980,128.33,157.95,25.88,93.59
dumbbell_curl_trifecta.mp4,3990,108.31,103.47,24.32,51.39
dumbbell_curl_trifecta.mp4,4000,101.33,84.82,20.57,25.19
dumbbell_curl_trifecta.mp4,4010,102.02,82.81,22.65,16.67
dumbbell_curl_trifecta.mp4,4020,104.43,81.27,29.39,12.9
dumbbell_curl_trifecta.mp4,4030,148.84,95.4,73.37,20.71
dumbbell_curl_trifecta.mp4,4040,126.55,95.0,74.87,12.94
dumbbell_curl_trifecta.mp4,4050,132.24,100.68,73.6,13.51
dumbbell_curl_trifecta.mp4,4060,134.31,99.9,73.05,14.91
dumbbell_curl_trifecta.mp4,4070,131.26,98.09,80.48,14.45
dumbbell_curl_trifecta.mp4,4080,129.08,90.36,77.23,16.35
dumbbell_curl_trifecta.mp4,4090,149.51,101.67,62.67,23.21
dumbbell_curl_trifecta.mp4,4100,103.48,81.16,27.23,15.05
dumbbell_curl_trifecta.mp4,4110,102.91,80.06,23.13,17.36
dumbbell_curl_trifecta.mp4,4120,109.7,89.0,23.89,22.85
dumbbell_curl_trifecta.mp4,4130,129.11,136.61,27.13,68.99
dumbbell_curl_trifecta.mp4,4140,130.9,135.4,29.0,71.69
dumbbell_curl_trifecta.mp4,4150,133.1,141.42,35.89,87.43
dumbbell_curl_trifecta.mp4,4160,131.65,140.38,33.66,88.01
dumbbell_curl_trifecta.mp4,4170,130.37,139.84,33.61,86.73
dumbbell_curl_trifecta.mp4,4180,127.04,139.94,25.22,75.82
dumbbell_curl_trifecta.mp4,4190,123.29,146.91,25.69,80.58
dumbbell_curl_trifecta.mp4,4200,103.66,84.74,22.86,32.4
dumbbell_curl_trifecta.mp4,4210,100.44,84.3,25.06,25.6
dumbbell_curl_trifecta.mp4,4220,103.35,82.45,25.77,19.39
dumbbell_curl_trifecta.mp4,4230,105.79,82.09,23.37,17.51
dumbbell_curl_trifecta.mp4,4240,108.96,81.45,25.72,17.17
dumbbell_curl_trifecta.mp4,4250,108.86,79.38,25.11,16.96
dumbbell_curl_trifecta.mp4,4260,109.47,81.42,25.18,17.89
dumbbell_hammer_curls.mp4,10,80.48,118.58,21.87,35.61
dumbbell_hammer_curls.mp4,20,80.61,118.54,21.1,36.49
dumbbell_hammer_curls.mp4,30,79.17,117.5,19.96,37.62
dumbbell_hammer_curls.mp4,40,80.15,118.95,16.98,40.38
dumbbell_hammer_curls.mp4,50,81.38,117.42,17.97,37.66
dumbbell_hammer_curls.mp4,60,80.09,117.86,17.5,38.33
dumbbell_hammer_curls.mp4,70,80.89,115.58,18.11,36.13
dumbbell_hammer_curls.mp4,80,77.05,116.21,23.03,35.65
dumbbell_hammer_curls.mp4,90,73.81,114.09,27.78,40.7
dumbbell_hammer_curls.mp4,100,79.3,133.66,50.86,50.1
dumbbell_hammer_curls.mp4,110,125.96,141.37,57.14,85.88
dumbbell_hammer_curls.mp4,120,138.09,142.55,69.8,90.5
dumbbell_hammer_curls.mp4,130,137.89,138.48,88.93,104.92
dumbbell_hammer_curls.mp4,140,138.2,136.42,87.54,95.11
dumbbell_hammer_curls.mp4,150,138.3,135.55,84.27,92.66
dumbbell_hammer_curls.mp4,160,137.62,136.71,85.77,99.4
dumbbell_hammer_curls.mp4,170,139.22,143.79,73.5,94.83
dumbbell_hammer_curls.mp4,180,124.0,143.52,32.05,63.58
dumbbell_hammer_curls.mp4,190,74.3,129.95,52.32,55.14
dumbbell_hammer_curls.mp4,200,79.19,119.57,28.48,46.5
dumbbell_hammer_curls.mp4,210,77.56,113.07,20.1,33.96
dumbbell_hammer_curls.mp4,220,81.6,116.87,18.68,34.75
dumbbell_hammer_curls.mp4,230,81.32,119.72,18.69,35.17
dumbbell_hammer_curls.mp4,240,79.43,123.96,27.51,37.86
dumbbell_hammer_curls.mp4,250,73.48,120.24,26.03,42.3
dumbbell_hammer_curls.mp4,260,101.91,155.39,39.18,50.02
dumbbell_hammer_curls.mp4,270,131.52,145.96,66.95,94.35
dumbbell_hammer_curls.mp4,280,141.1,139.74,91.26,108.16
dumbbell_hammer_curls.mp4,290,139.81,137.13,97.66,106.99
dumbbell_hammer_curls.mp4,300,139.09,138.78,94.51,99.55
dumbbell_hammer_curls.mp4,310,138.83,138.02,92.68,101.51
dumbbell_hammer_curls.mp4,320,141.75,140.04,91.27,105.05
dumbbell_hammer_curls.mp4,330,118.41,145.88,60.3,101.84
dumbbell_hammer_curls.mp4,340,79.67,141.42,51.09,64.85
dumbbell_hammer_curls.mp4,350,72.52,114.5,30.2,49.6
dumbbell_hammer_curls.mp4,360,75.31,120.04,23.0,44.63
dumbbell_hammer_curls.mp4,370,79.26,113.15,22.18,33.84
dumbbell_hammer_curls.mp4,380,80.7,115.28,18.52,32.67
dumbbell_hammer_curls.mp4,390,83.14,114.53,14.46,32.47
dumbbell_hammer_curls.mp4,400,80.72,114.23,18.79,33.36
dumbbell_hammer_curls.mp4,410,71.52,118.12,37.4,48.53
dumbbell_hammer_curls.mp4,420,108.75,143.47,24.89,74.29
dumbbell_hammer_curls.mp4,430,137.47,143.11,71.94,93.58
dumbbell_hammer_curls.mp4,440,138.76,139.89,89.72,108.28
dumbbell_hammer_curls.mp4,450,139.62,135.7,97.21,106.28
dumbbell_hammer_curls.mp4,460,138.25,138.32,85.23,90.52
dumbbell_hammer_curls.mp4,470,141.01,137.25,98.45,105.36
dumbbell_hammer_curls.mp4,480,139.55,140.59,85.99,102.12
dumbbell_hammer_curls.mp4,490,127.86,147.14,70.93,102.27
dumbbell_hammer_curls.mp4,500,91.11,150.28,38.12,69.48
dumbbell_hammer_curls.mp4,510,73.35,120.68,38.09,53.37
dumbbell_hammer_curls.mp4,520,78.12,124.35,27.41,40.67
dumbbell_hammer_curls.mp4,530,78.84,122.1,32.37,33.16
dumbbell_hammer_curls.mp4,540,81.81,118.8,26.28,34.56
dumbbell_hammer_curls.mp4,550,79.39,117.63,22.74,36.73
dumbbell_hammer_curls.mp4,560,73.03,122.69,40.44,46.16
dumbbell_hammer_curls.mp4,570,111.74,148.57,22.39,69.95
dumbbell_hammer_curls.mp4,580,139.68,142.59,80.32,101.17
dumbbell_hammer_curls.mp4,590,139.84,138.14,86.59,98.02
dumbbell_hammer_curls.mp4,600,139.73,137.11,95.45,100.18
dumbbell_hammer_curls.mp4,610,140.5,139.77,96.34,98.03
dumbbell_hammer_curls.mp4,620,140.75,137.75,93.28,98.58
dumbbell_hammer_curls.mp4,630,139.16,139.49,86.89,99.84
dumbbell_hammer_curls.mp4,640,131.78,146.12,76.84,102.26
dumbbell_hammer_curls.mp4,650,88.89,153.96,42.21,69.89
dumbbell_hammer_curls.mp4,660,78.25,125.89,44.26,48.37
dumbbell_hammer_curls.mp4,670,81.27,121.94,27.89,38.46
dumbbell_hammer_curls.mp4,680,81.13,119.07,17.59,36.2
dumbbell_hammer_curls.mp4,690,81.93,116.61,15.93,34.11
dumbbell_hammer_curls.mp4,700,78.07,113.47,27.39,32.63
dumbbell_hammer_curls.mp4,710,74.83,122.02,36.12,41.81
dumbbell_hammer_curls.mp4,720,102.49,151.12,22.43,61.82
dumbbell_hammer_curls.mp4,730,133.29,143.45,74.87,99.81
dumbbell_hammer_curls.mp4,740,140.3,139.04,90.56,101.34
dumbbell_hammer_curls.mp4,750,139.77,140.6,99.61,104.54
dumbbell_hammer_curls.mp4,760,139.57,139.74,94.42,98.78
dumbbell_hammer_curls.mp4,770,138.44,139.44,90.78,94.31
dumbbell_hammer_curls.mp4,780,140.29,137.11,95.1,100.74
dumbbell_hammer_curls.mp4,790,138.2,142.03,79.29,99.11
dumbbell_hammer_curls.mp4,800,110.37,140.69,42.8,85.71
dumbbell_hammer_curls.mp4,810,76.58,140.13,54.26,61.13
dumbbell_hammer_curls.mp4,820,74.2,112.2,27.06,42.67
dumbbell_hammer_curls.mp4,830,75.24,113.9,17.77,45.23
dumbbell_hammer_curls.mp4,840,76.45,115.94,16.85,44.16
dumbbell_hammer_curls.mp4,850,75.41,115.17,16.01,45.35
dumbbell_hammer_curls.mp4,860,76.14,112.0,17.7,37.33
dumbbell_hammer_curls.mp4,870,77.95,114.21,18.75,39.65
dumbbell_hammer_curls.mp4,880,79.02,116.01,18.16,39.58
dumbbell_hammer_curls.mp4,890,78.57,120.35,16.33,42.84
dumbbell_hammer_curls.mp4,900,80.26,118.93,20.47,39.97
dumbbell_high_pulls.mp4,10,80.27,114.3,21.84,32.32
dumbbell_high_pulls.mp4,20,79.32,114.24,22.46,33.02
dumbbell_high_pulls.mp4,30,82.5,117.76,18.87,35.7
dumbbell_high_pulls.mp4,40,82.04,114.7,20.04,32.94
dumbbell_high_pulls.mp4,50,80.61,114.73,21.53,34.45
dumbbell_high_pulls.mp4,60,81.81,117.74,23.06,34.94
dumbbell_high_pulls.mp4,70,81.78,116.47,23.5,33.94
dumbbell_high_pulls.mp4,80,80.53,117.63,24.7,35.65
dumbbell_high_pulls.mp4,90,83.75,116.64,22.14,34.05
dumbbell_high_pulls.mp4,100,87.47,117.03,15.33,37.73
dumbbell_high_pulls.mp4,110,94.47,135.94,16.22,49.2
dumbbell_high_pulls.mp4,120,96.4,142.6,24.72,59.53
dumbbell_high_pulls.mp4,130,96.97,140.81,27.07,60.12
dumbbell_high_pulls.mp4,140,95.26,141.09,27.07,60.71
dumbbell_high_pulls.mp4,150,77.6,104.86,22.3,48.93
dumbbell_high_pulls.mp4,160,136.0,127.71,64.35,76.58
dumbbell_high_pulls.mp4,170,152.27,142.88,92.98,100.22
dumbbell_high_pulls.mp4,180,145.41,131.77,92.95,104.12
dumbbell_high_pulls.mp4,190,141.06,128.58,93.65,95.26
dumbbell_high_pulls.mp4,200,140.12,127.44,92.77,94.99
dumbbell_high_pulls.mp4,210,139.25,130.93,90.86,98.17
dumbbell_high_pulls.mp4,220,141.9,133.44,95.19,105.19
dumbbell_high_pulls.mp4,230,143.2,139.27,96.19,102.87
dumbbell_high_pulls.mp4,240,146.2,139.09,61.72,77.5
dumbbell_high_pulls.mp4,250,76.59,114.3,34.89,48.77
dumbbell_high_pulls.mp4,260,89.86,139.04,28.95,67.54
dumbbell_high_pulls.mp4,270,92.55,144.76,18.63,52.51
dumbbell_high_pulls.mp4,280,90.96,141.97,25.11,63.04
dumbbell_high_pulls.mp4,290,68.42,98.47,28.22,51.77
dumbbell_high_pulls.mp4,300,154.02,140.38,83.17,84.18
dumbbell_high_pulls.mp4,310,146.25,135.78,98.81,108.08
dumbbell_high_pulls.mp4,320,153.15,133.07,93.43,96.21
dumbbell_high_pulls.mp4,330,152.18,134.81,88.43,91.43
dumbbell_high_pulls.mp4,340,145.48,133.19,99.92,111.5
dumbbell_high_pulls.mp4,350,145.63,139.12,100.64,110.16
dumbbell_high_pulls.mp4,360,152.4,143.94,64.56,77.28
dumbbell_high_pulls.mp4,370,111.61,126.09,50.28,62.18
dumbbell_high_pulls.mp4,380,90.81,132.14,29.53,62.42
dumbbell_high_pulls.mp4,390,95.86,145.1,28.37,63.84
dumbbell_high_pulls.mp4,400,97.86,141.77,28.32,58.51
dumbbell_high_pulls.mp4,410,88.21,129.76,27.0,60.77
dumbbell_high_pulls.mp4,420,72.03,104.27,34.69,63.78
dumbbell_high_pulls.mp4,430,158.06,146.16,74.4,80.13
dumbbell_high_pulls.mp4,440,136.89,129.6,100.32,112.81
dumbbell_high_pulls.mp4,450,141.79,132.88,92.32,96.65
dumbbell_high_pulls.mp4,460,141.29,134.77,93.35,100.41
dumbbell_high_pulls.mp4,470,135.67,132.72,90.61,104.16
dumbbell_high_pulls.mp4,480,139.21,135.37,96.14,113.47
dumbbell_high_pulls.mp4,490,142.72,144.9,89.51,97.91
dumbbell_high_pulls.mp4,500,141.28,136.66,73.72,81.59
dumbbell_high_pulls.mp4,510,74.86,115.27,27.27,52.5
dumbbell_high_pulls.mp4,520,94.89,145.61,31.08,69.67
dumbbell_high_pulls.mp4,530,95.36,146.72,23.37,57.91
dumbbell_high_pulls.mp4,540,95.68,144.86,25.78,59.68
dumbbell_high_pulls.mp4,550,75.85,99.28,22.0,33.79
dumbbell_high_pulls.mp4,560,136.4,135.2,78.78,87.68
dumbbell_high_pulls.mp4,570,141.56,136.4,103.63,115.61
dumbbell_high_pulls.mp4,580,141.69,129.63,95.15,96.84
dumbbell_high_pulls.mp4,590,138.39,132.03,92.54,103.09
dumbbell_high_pulls.mp4,600,136.91,133.63,97.02,105.17
dumbbell_high_pulls.mp4,610,139.98,135.8,101.87,115.48
dumbbell_high_pulls.mp4,620,143.27,142.13,89.33,97.44
dumbbell_high_pulls.mp4,630,140.74,137.83,61.23,74.25
dumbbell_high_pulls.mp4,640,76.85,112.08,32.5,46.3
dumbbell_high_pulls.mp4,650,92.6,141.24,28.15,65.22
dumbbell_high_pulls.mp4,660,97.53,142.16,27.0,57.97
dumbbell_high_pulls.mp4,670,90.11,134.28,21.88,59.32
dumbbell_high_pulls.mp4,680,70.85,102.75,29.74,50.72
dumbbell_high_pulls.mp4,690,156.23,142.34,77.45,84.42
dumbbell_high_pulls.mp4,700,144.23,135.88,106.95,118.03
dumbbell_high_pulls.mp4,710,146.71,131.01,96.37,102.79
dumbbell_high_pulls.mp4,720,143.77,134.89,97.68,104.7
dumbbell_high_pulls.mp4,730,146.3,133.24,104.89,113.4
dumbbell_high_pulls.mp4,740,143.86,135.94,109.37,118.65
dumbbell_high_pulls.mp4,750,145.5,141.29,108.21,112.6
dumbbell_high_pulls.mp4,760,148.35,140.34,66.25,82.55
dumbbell_high_pulls.mp4,770,92.03,117.48,33.83,62.72
dumbbell_high_pulls.mp4,780,73.73,105.4,20.45,45.75
dumbbell_high_pulls.mp4,790,81.42,113.7,19.6,38.82
dumbbell_high_pulls.mp4,800,80.68,116.02,16.14,40.79
dumbbell_high_pulls.mp4,810,79.56,111.49,16.96,33.08
dumbbell_high_pulls.mp4,820,80.1,115.52,13.91,39.78
dumbbell_high_pulls.mp4,830,80.49,113.28,13.34,41.44
dumbbell_high_pulls.mp4,840,81.19,113.95,11.9,40.0
dumbbell_high_pulls.mp4,850,79.99,113.91,15.67,38.68
dumbbell_high_pulls.mp4,860,81.06,111.97,16.42,36.51
dumbbell_overhead_shoulder_press.mp4,10,163.43,136.71,26.34,29.35
dumbbell_overhead_shoulder_press.mp4,20,164.42,136.64,27.75,31.36
dumbbell_overhead_shoulder_press.mp4,30,160.47,138.05,28.85,33.82
dumbbell_overhead_shoulder_press.mp4,40,163.8,135.57,28.83,31.41
dumbbell_overhead_shoulder_press.mp4,50,162.76,143.64,33.62,29.26
dumbbell_overhead_shoulder_press.mp4,60,163.57,141.67,34.66,29.29
dumbbell_overhead_shoulder_press.mp4,70,152.49,137.6,29.11,28.7
dumbbell_overhead_shoulder_press.mp4,80,145.51,129.2,38.2,27.24
dumbbell_overhead_shoulder_press.mp4,90,127.42,124.74,52.91,26.55
dumbbell_overhead_shoulder_press.mp4,100,131.3,110.85,68.73,43.08
dumbbell_overhead_shoulder_press.mp4,110,138.3,133.77,77.27,65.96
dumbbell_overhead_shoulder_press.mp4,120,138.43,137.5,85.74,76.17
dumbbell_overhead_shoulder_press.mp4,130,136.65,136.98,88.97,81.72
dumbbell_overhead_shoulder_press.mp4,140,138.04,137.56,83.74,77.27
dumbbell_overhead_shoulder_press.mp4,150,143.34,134.56,82.95,78.47
dumbbell_overhead_shoulder_press.mp4,160,143.47,104.61,91.37,108.01
dumbbell_overhead_shoulder_press.mp4,170,143.95,145.76,145.9,145.75
dumbbell_overhead_shoulder_press.mp4,180,161.28,151.29,138.74,150.11
dumbbell_overhead_shoulder_press.mp4,190,155.8,151.64,132.77,147.19
dumbbell_overhead_shoulder_press.mp4,200,146.88,140.23,131.95,138.15
dumbbell_overhead_shoulder_press.mp4,210,141.93,114.74,107.44,119.1
dumbbell_overhead_shoulder_press.mp4,220,147.88,123.34,84.4,86.71
dumbbell_overhead_shoulder_press.mp4,230,139.28,131.71,84.22,78.84
dumbbell_overhead_shoulder_press.mp4,240,135.74,136.63,95.81,84.68
dumbbell_overhead_shoulder_press.mp4,250,136.49,138.42,82.19,74.75
dumbbell_overhead_shoulder_press.mp4,260,136.49,137.27,82.6,74.63
dumbbell_overhead_shoulder_press.mp4,270,137.31,134.01,86.4,77.54
dumbbell_overhead_shoulder_press.mp4,280,146.78,124.96,85.6,89.82
dumbbell_overhead_shoulder_press.mp4,290,141.23,144.12,117.7,139.73
dumbbell_overhead_shoulder_press.mp4,300,163.98,150.83,131.95,150.63
dumbbell_overhead_shoulder_press.mp4,310,159.78,156.16,129.6,150.73
dumbbell_overhead_shoulder_press.mp4,320,148.58,151.48,129.51,142.62
dumbbell_overhead_shoulder_press.mp4,330,141.56,125.75,113.61,124.6
dumbbell_overhead_shoulder_press.mp4,340,141.17,131.54,88.71,93.95
dumbbell_overhead_shoulder_press.mp4,350,139.13,131.71,82.26,78.9
dumbbell_overhead_shoulder_press.mp4,360,135.68,136.65,86.01,77.85
dumbbell_overhead_shoulder_press.mp4,370,134.94,135.49,82.97,73.72
dumbbell_overhead_shoulder_press.mp4,380,134.65,135.44,83.72,73.89
dumbbell_overhead_shoulder_press.mp4,390,133.49,134.92,85.05,75.92
dumbbell_overhead_shoulder_press.mp4,400,139.61,129.01,86.84,81.98
dumbbell_overhead_shoulder_press.mp4,410,139.45,113.36,104.65,125.44
dumbbell_overhead_shoulder_press.mp4,420,159.59,155.23,131.74,149.47
dumbbell_overhead_shoulder_press.mp4,430,166.11,164.97,131.13,158.89
dumbbell_overhead_shoulder_press.mp4,440,158.38,158.95,137.93,158.18
dumbbell_overhead_shoulder_press.mp4,450,151.22,150.55,131.94,144.23
dumbbell_overhead_shoulder_press.mp4,460,141.99,118.73,111.75,123.49
dumbbell_overhead_shoulder_press.mp4,470,141.88,125.61,91.28,89.92
dumbbell_overhead_shoulder_press.mp4,480,138.56,132.28,86.11,78.6
dumbbell_overhead_shoulder_press.mp4,490,134.55,134.46,90.59,80.57
dumbbell_overhead_shoulder_press.mp4,500,131.66,133.94,81.65,72.61
dumbbell_overhead_shoulder_press.mp4,510,132.42,135.34,84.09,76.15
dumbbell_overhead_shoulder_press.mp4,520,134.33,133.95,86.53,76.03
dumbbell_overhead_shoulder_press.mp4,530,139.97,130.85,84.76,82.75
dumbbell_overhead_shoulder_press.mp4,540,146.64,115.43,93.05,118.26
dumbbell_overhead_shoulder_press.mp4,550,151.54,154.59,120.63,144.42
dumbbell_overhead_shoulder_press.mp4,560,159.89,160.15,132.78,154.35
dumbbell_overhead_shoulder_press.mp4,570,165.84,159.58,127.19,155.17
dumbbell_overhead_shoulder_press.mp4,580,151.74,159.96,120.84,150.1
dumbbell_overhead_shoulder_press.mp4,590,131.01,123.3,118.08,128.33
dumbbell_overhead_shoulder_press.mp4,600,144.58,120.51,90.5,98.3
dumbbell_overhead_shoulder_press.mp4,610,139.02,131.51,83.8,82.23
dumbbell_overhead_shoulder_press.mp4,620,133.07,131.92,85.53,78.01
dumbbell_overhead_shoulder_press.mp4,630,133.16,135.6,81.48,74.12
dumbbell_overhead_shoulder_press.mp4,640,134.57,137.08,90.43,82.51
dumbbell_overhead_shoulder_press.mp4,650,134.26,137.23,87.29,79.64
dumbbell_overhead_shoulder_press.mp4,660,136.65,131.49,92.02,88.51
dumbbell_overhead_shoulder_press.mp4,670,153.59,116.23,94.17,106.21
dumbbell_overhead_shoulder_press.mp4,680,138.2,147.02,123.04,143.84
dumbbell_overhead_shoulder_press.mp4,690,153.63,169.11,136.97,162.19
dumbbell_overhead_shoulder_press.mp4,700,155.22,169.15,127.4,155.0
dumbbell_overhead_shoulder_press.mp4,710,151.88,147.31,125.18,143.36
dumbbell_overhead_shoulder_press.mp4,720,139.8,117.3,108.33,123.41
dumbbell_overhead_shoulder_press.mp4,730,143.05,130.34,83.49,83.59
dumbbell_overhead_shoulder_press.mp4,740,138.14,137.24,91.32,84.65
dumbbell_overhead_shoulder_press.mp4,750,132.15,135.44,78.63,74.11
dumbbell_overhead_shoulder_press.mp4,760,132.0,130.81,63.24,54.23
dumbbell_overhead_shoulder_press.mp4,770,129.53,127.67,44.24,32.06
dumbbell_overhead_shoulder_press.mp4,780,126.22,134.86,52.43,33.9
dumbbell_overhead_shoulder_press.mp4,790,139.84,147.01,51.63,52.06
dumbbell_overhead_shoulder_press.mp4,800,149.96,127.87,28.35,34.22
dumbbell_overhead_shoulder_press.mp4,810,157.97,134.75,27.65,32.89
dumbbell_overhead_shoulder_press.mp4,820,158.11,137.82,37.1,31.97
dumbbell_overhead_shoulder_press.mp4,830,160.58,137.25,33.44,30.8
dumbbell_overhead_shoulder_press.mp4,840,161.93,138.28,30.6,29.17
dumbbell_overhead_shoulder_press.mp4,850,161.66,136.22,30.6,31.71
dumbbell_overhead_shoulder_press.mp4,860,160.24,139.39,36.47,31.46
dumbbell_overhead_shoulder_press.mp4,870,154.85,139.39,33.82,30.69
dumbbell_overhead_shoulder_press.mp4,880,159.1,140.28,35.66,31.71
dumbbell_overhead_shoulder_press.mp4,890,156.64,139.72,35.91,31.42
dumbbell_reverse_lunge.mp4,10,78.8,115.58,25.48,33.8
dumbbell_reverse_lunge.mp4,20,79.03,115.91,23.86,34.1
dumbbell_reverse_lunge.mp4,30,80.49,115.34,22.61,33.13
dumbbell_reverse_lunge.mp4,40,79.15,116.18,24.37,34.3
dumbbell_reverse_lunge.mp4,50,79.64,117.17,26.35,33.75
dumbbell_reverse_lunge.mp4,60,79.17,115.45,22.3,34.91
dumbbell_reverse_lunge.mp4,70,80.04,114.47,25.38,32.47
dumbbell_reverse_lunge.mp4,80,79.65,113.35,26.43,30.78
dumbbell_reverse_lunge.mp4,90,79.45,117.43,25.9,34.91
dumbbell_reverse_lunge.mp4,100,78.37,114.68,25.94,32.94
dumbbell_reverse_lunge.mp4,110,77.66,121.25,25.23,33.54
dumbbell_reverse_lunge.mp4,120,79.41,125.65,23.01,28.8
dumbbell_reverse_lunge.mp4,130,74.7,115.4,11.15,32.56
dumbbell_reverse_lunge.mp4,140,74.56,129.64,17.49,60.68
dumbbell_reverse_lunge.mp4,150,83.13,124.67,26.67,55.32
dumbbell_reverse_lunge.mp4,160,101.72,134.87,39.11,62.29
dumbbell_reverse_lunge.mp4,170,117.85,153.53,56.9,87.29
dumbbell_reverse_lunge.mp4,180,116.0,161.54,54.74,89.77
dumbbell_reverse_lunge.mp4,190,115.35,161.8,56.59,85.71
dumbbell_reverse_lunge.mp4,200,123.3,156.5,63.08,82.55
dumbbell_reverse_lunge.mp4,210,109.58,147.83,48.41,78.28
dumbbell_reverse_lunge.mp4,220,102.96,141.12,39.41,65.78
dumbbell_reverse_lunge.mp4,230,83.56,137.87,22.57,63.47
dumbbell_reverse_lunge.mp4,240,77.84,116.45,11.33,36.33
dumbbell_reverse_lunge.mp4,250,78.28,109.23,12.49,26.64
dumbbell_reverse_lunge.mp4,260,83.58,112.9,12.96,28.98
dumbbell_reverse_lunge.mp4,270,80.88,110.52,11.87,28.9
dumbbell_reverse_lunge.mp4,280,78.2,116.85,20.87,32.81
dumbbell_reverse_lunge.mp4,290,79.51,129.23,18.17,57.17
dumbbell_reverse_lunge.mp4,300,85.14,139.47,22.12,66.49
dumbbell_reverse_lunge.mp4,310,127.83,149.33,58.33,55.48
dumbbell_reverse_lunge.mp4,320,124.79,146.43,57.92,82.79
dumbbell_reverse_lunge.mp4,330,123.36,133.04,51.09,56.81
dumbbell_reverse_lunge.mp4,340,132.3,145.56,53.72,51.52
dumbbell_reverse_lunge.mp4,350,127.38,152.46,51.09,55.9
dumbbell_reverse_lunge.mp4,360,116.12,157.23,50.26,77.02
dumbbell_reverse_lunge.mp4,370,86.4,144.11,26.09,75.35
dumbbell_reverse_lunge.mp4,380,78.53,136.63,13.96,59.18
dumbbell_reverse_lunge.mp4,390,80.24,126.32,15.85,45.49
dumbbell_reverse_lunge.mp4,400,84.03,120.29,12.83,37.06
dumbbell_reverse_lunge.mp4,410,82.92,119.43,17.38,35.15
dumbbell_reverse_lunge.mp4,420,81.88,116.25,20.71,29.72
dumbbell_reverse_lunge.mp4,430,79.32,125.91,15.83,39.23
dumbbell_reverse_lunge.mp4,440,76.47,129.82,16.47,55.5
dumbbell_reverse_lunge.mp4,450,90.75,136.29,23.79,62.24
dumbbell_reverse_lunge.mp4,460,113.61,138.27,49.38,64.63
dumbbell_reverse_lunge.mp4,470,127.49,150.67,70.21,87.59
dumbbell_reverse_lunge.mp4,480,112.81,153.3,47.53,80.17
dumbbell_reverse_lunge.mp4,490,110.26,154.62,45.48,75.9
dumbbell_reverse_lunge.mp4,500,122.99,159.25,61.85,79.38
dumbbell_reverse_lunge.mp4,510,119.51,157.08,50.76,69.9
dumbbell_reverse_lunge.mp4,520,93.05,139.4,29.21,65.85
dumbbell_reverse_lunge.mp4,530,76.66,140.83,15.07,64.3
dumbbell_reverse_lunge.mp4,540,78.17,124.56,17.43,39.04
dumbbell_reverse_lunge.mp4,550,81.1,114.76,18.77,25.98
dumbbell_reverse_lunge.mp4,560,83.44,122.22,32.95,24.9
dumbbell_reverse_lunge.mp4,570,77.89,127.32,22.45,32.81
dumbbell_reverse_lunge.mp4,580,79.24,120.69,17.11,41.44
dumbbell_reverse_lunge.mp4,590,82.29,132.08,19.34,61.64
dumbbell_reverse_lunge.mp4,600,106.71,138.85,44.01,66.31
dumbbell_reverse_lunge.mp4,610,117.71,155.19,54.05,86.74
dumbbell_reverse_lunge.mp4,620,119.6,151.57,55.24,80.5
dumbbell_reverse_lunge.mp4,630,119.93,142.53,45.25,64.84
dumbbell_reverse_lunge.mp4,640,116.86,143.09,43.25,66.43
dumbbell_reverse_lunge.mp4,650,112.39,152.5,44.21,75.41
dumbbell_reverse_lunge.mp4,660,88.87,137.92,28.06,69.52
dumbbell_reverse_lunge.mp4,670,78.84,133.94,12.98,57.38
dumbbell_reverse_lunge.mp4,680,79.52,112.14,16.2,30.82
dumbbell_reverse_lunge.mp4,690,81.94,112.96,15.69,26.8
dumbbell_reverse_lunge.mp4,700,81.39,113.99,22.27,26.55
dumbbell_reverse_lunge.mp4,710,79.06,107.59,17.53,22.9
dumbbell_reverse_lunge.mp4,720,74.21,111.27,13.23,31.43
dumbbell_reverse_lunge.mp4,730,80.53,132.39,18.78,58.41
dumbbell_reverse_lunge.mp4,740,117.78,145.22,56.44,57.47
dumbbell_reverse_lunge.mp4,750,115.59,156.67,49.1,78.93
dumbbell_reverse_lunge.mp4,760,125.34,147.69,65.57,76.02
dumbbell_reverse_lunge.mp4,770,121.62,144.57,49.61,63.87
dumbbell_reverse_lunge.mp4,780,119.83,146.15,48.44,66.9
dumbbell_reverse_lunge.mp4,790,122.75,145.06,60.73,76.3
dumbbell_reverse_lunge.mp4,800,109.97,162.31,51.34,80.02
dumbbell_reverse_lunge.mp4,810,92.74,141.49,33.59,73.46
dumbbell_reverse_lunge.mp4,820,78.76,138.55,18.06,66.92
dumbbell_reverse_lunge.mp4,830,76.95,121.82,9.74,35.19
dumbbell_reverse_lunge.mp4,840,77.94,112.8,9.19,30.79
dumbbell_reverse_lunge.mp4,850,79.54,105.17,11.34,24.12
dumbbell_reverse_lunge.mp4,860,75.76,106.55,18.97,27.87
dumbbell_reverse_lunge.mp4,870,78.83,112.06,27.68,31.44
dumbbell_reverse_lunge.mp4,880,80.32,117.28,33.78,33.22
dumbbell_reverse_lunge.mp4,890,83.01,118.17,28.54,32.18
dumbbell_reverse_lunge.mp4,900,80.99,115.01,28.27,33.23
dumbbell_reverse_lunge.mp4,910,79.37,115.72,33.63,32.24
dumbbell_scaptions.mp4,10,137.41,164.38,21.01,24.33
dumbbell_scaptions.mp4,20,136.35,166.73,19.93,25.06
dumbbell_scaptions.mp4,30,139.09,159.78,21.05,24.18
dumbbell_scaptions.mp4,40,138.86,168.15,21.47,23.3
dumbbell_scaptions.mp4,50,139.65,167.48,21.54,23.44
dumbbell_scaptions.mp4,60,140.24,161.23,22.36,22.68
dumbbell_scaptions.mp4,70,142.74,164.54,22.82,22.31
dumbbell_scaptions.mp4,80,143.54,157.7,23.85,23.04
dumbbell_scaptions.mp4,90,136.82,160.89,25.1,24.78
dumbbell_scaptions.mp4,100,138.69,157.44,41.83,67.02
dumbbell_scaptions.mp4,110,154.42,164.51,92.04,100.53
dumbbell_scaptions.mp4,120,138.24,153.94,124.66,108.02
dumbbell_scaptions.mp4,130,154.98,113.74,143.66,126.76
dumbbell_scaptions.mp4,140,164.45,120.08,153.6,110.98
dumbbell_scaptions.mp4,150,165.28,124.43,149.83,121.25
dumbbell_scaptions.mp4,160,162.66,121.26,156.11,108.01
dumbbell_scaptions.mp4,170,160.31,118.79,152.75,110.19
dumbbell_scaptions.mp4,180,154.5,137.04,127.34,114.55
dumbbell_scaptions.mp4,190,126.53,163.15,99.67,108.95
dumbbell_scaptions.mp4,200,141.57,153.72,73.95,92.77
dumbbell_scaptions.mp4,210,140.91,157.76,38.84,68.38
dumbbell_scaptions.mp4,220,138.36,155.74,26.61,35.33
dumbbell_scaptions.mp4,230,134.72,164.51,24.18,24.51
dumbbell_scaptions.mp4,240,140.69,170.13,21.32,21.95
dumbbell_scaptions.mp4,250,140.37,162.2,20.04,28.62
dumbbell_scaptions.mp4,260,139.46,154.83,35.33,68.04
dumbbell_scaptions.mp4,270,128.43,160.2,75.8,99.69
dumbbell_scaptions.mp4,280,121.53,166.86,112.63,103.34
dumbbell_scaptions.mp4,290,159.24,115.41,136.22,129.61
dumbbell_scaptions.mp4,300,161.82,119.45,149.72,124.61
dumbbell_scaptions.mp4,310,162.37,119.94,151.38,117.66
dumbbell_scaptions.mp4,320,162.92,120.81,153.25,112.68
dumbbell_scaptions.mp4,330,150.77,108.18,145.07,126.22
dumbbell_scaptions.mp4,340,156.18,143.55,123.07,111.97
dumbbell_scaptions.mp4,350,116.72,165.08,82.22,108.6
dumbbell_scaptions.mp4,360,143.86,154.08,46.98,78.43
dumbbell_scaptions.mp4,370,140.54,152.08,35.94,54.97
dumbbell_scaptions.mp4,380,138.42,157.5,22.2,31.16
dumbbell_scaptions.mp4,390,138.42,160.79,23.24,25.71
dumbbell_scaptions.mp4,400,141.97,159.39,20.12,26.81
dumbbell_scaptions.mp4,410,141.09,161.07,19.14,26.45
dumbbell_scaptions.mp4,420,138.24,152.98,32.44,47.9
dumbbell_scaptions.mp4,430,145.23,160.18,58.8,98.34
dumbbell_scaptions.mp4,440,124.64,166.23,92.1,108.56
dumbbell_scaptions.mp4,450,148.0,135.56,125.3,124.8
dumbbell_scaptions.mp4,460,150.15,107.72,144.99,130.24
dumbbell_scaptions.mp4,470,154.38,114.49,147.1,125.09
dumbbell_scaptions.mp4,480,154.81,116.54,148.17,122.34
dumbbell_scaptions.mp4,490,162.19,107.48,136.11,129.51
dumbbell_scaptions.mp4,500,122.74,165.02,117.86,103.35
dumbbell_scaptions.mp4,510,106.1,168.76,76.69,104.74
dumbbell_scaptions.mp4,520,146.29,155.22,39.66,71.29
dumbbell_scaptions.mp4,530,140.5,152.48,29.78,42.24
dumbbell_scaptions.mp4,540,139.04,165.32,19.87,25.53
dumbbell_scaptions.mp4,550,134.69,166.2,18.07,27.98
dumbbell_scaptions.mp4,560,133.38,166.0,17.13,26.31
dumbbell_scaptions.mp4,570,137.72,157.62,21.3,30.39
dumbbell_scaptions.mp4,580,142.55,152.7,39.11,69.4
dumbbell_scaptions.mp4,590,133.94,161.84,74.54,104.92
dumbbell_scaptions.mp4,600,128.07,165.19,96.47,107.31
dumbbell_scaptions.mp4,610,156.73,127.14,128.91,121.1
dumbbell_scaptions.mp4,620,154.23,114.53,142.54,133.72
dumbbell_scaptions.mp4,630,156.39,116.76,145.69,120.66
dumbbell_scaptions.mp4,640,157.28,114.53,145.49,119.58
dumbbell_scaptions.mp4,650,159.17,108.59,133.89,125.88
dumbbell_scaptions.mp4,660,117.47,164.97,111.4,104.53
dumbbell_scaptions.mp4,670,114.6,168.67,84.89,106.41
dumbbell_scaptions.mp4,680,143.23,153.82,41.01,75.37
dumbbell_scaptions.mp4,690,137.28,149.5,32.14,47.09
dumbbell_scaptions.mp4,700,140.24,166.1,21.34,21.54
dumbbell_scaptions.mp4,710,148.8,156.12,22.08,21.98
dumbbell_scaptions.mp4,720,136.23,169.44,18.06,21.6
dumbbell_scaptions.mp4,730,140.11,164.76,16.31,24.04
dumbbell_scaptions.mp4,740,138.83,153.48,34.96,55.98
dumbbell_scaptions.mp4,750,126.3,160.99,64.01,96.01
dumbbell_scaptions.mp4,760,141.5,159.6,87.9,103.9
dumbbell_scaptions.mp4,770,153.18,130.81,123.63,120.65
dumbbell_scaptions.mp4,780,148.1,108.3,146.83,123.52
dumbbell_scaptions.mp4,790,157.87,119.68,149.52,126.41
dumbbell_scaptions.mp4,800,157.17,117.11,145.2,123.92
dumbbell_scaptions.mp4,810,152.6,109.58,146.98,122.5
dumbbell_scaptions.mp4,820,159.96,123.64,124.52,118.66
dumbbell_scaptions.mp4,830,112.12,164.62,91.9,109.45
dumbbell_scaptions.mp4,840,129.71,159.66,59.26,96.86
dumbbell_scaptions.mp4,850,138.74,153.34,41.14,71.66
dumbbell_scaptions.mp4,860,136.11,146.5,28.37,46.67
dumbbell_scaptions.mp4,870,138.18,152.95,19.25,34.34
dumbbell_scaptions.mp4,880,135.43,155.89,23.67,30.28
dumbbell_scaptions.mp4,890,135.01,162.86,22.36,26.87
dumbbell_scaptions.mp4,900,134.52,163.23,20.03,25.7
dumbbell_scaptions.mp4,910,135.58,165.33,21.92,24.35
dumbbell_scaptions.mp4,920,140.24,163.35,20.16,24.15
man_maker.mp4,10,106.96,79.73,29.77,16.52
man_maker.mp4,20,106.84,78.88,29.52,15.75
man_maker.mp4,30,107.04,79.83,30.1,16.19
man_maker.mp4,40,106.81,80.38,29.02,16.63
man_maker.mp4,50,106.55,79.71,30.23,16.21
man_maker.mp4,60,106.23,79.53,29.25,16.22
man_maker.mp4,70,105.09,79.4,29.58,16.61
man_maker.mp4,80,104.01,80.42,28.88,17.91
man_maker.mp4,90,100.76,79.85,24.79,17.98
man_maker.mp4,100,109.94,81.98,45.14,24.8
man_maker.mp4,110,137.37,94.11,81.18,40.52
man_maker.mp4,120,154.1,116.06,98.38,50.11
man_maker.mp4,130,163.2,138.77,110.64,89.3
man_maker.mp4,140,156.66,126.77,101.71,83.46
man_maker.mp4,150,153.37,120.98,104.26,80.39
man_maker.mp4,160,148.84,108.66,96.17,64.8
man_maker.mp4,170,149.14,93.19,117.23,69.47
man_maker.mp4,180,157.59,100.8,137.77,81.77
man_maker.mp4,190,155.23,81.32,137.04,61.09
man_maker.mp4,200,150.59,141.98,112.53,77.77
man_maker.mp4,210,133.85,155.38,57.96,75.02
man_maker.mp4,220,113.01,146.02,51.99,43.53
man_maker.mp4,250,108.01,117.11,87.61,24.15
man_maker.mp4,260,173.21,175.64,21.18,17.94
man_maker.mp4,280,149.35,113.42,95.85,57.93
man_maker.mp4,300,79.1,117.24,85.58,73.22
man_maker.mp4,310,88.84,127.22,101.26,100.32
man_maker.mp4,320,109.61,110.99,76.19,57.57
man_maker.mp4,330,142.7,121.98,95.47,73.99
man_maker.mp4,340,153.26,97.0,101.98,50.07
man_maker.mp4,350,160.88,94.36,106.74,48.06
man_maker.mp4,360,159.2,86.59,105.67,38.47
man_maker.mp4,370,151.49,156.55,95.59,20.42
man_maker.mp4,380,160.78,165.0,98.3,21.93
man_maker.mp4,390,151.58,157.98,93.83,18.45
man_maker.mp4,400,161.75,86.31,109.42,41.28
man_maker.mp4,410,157.93,98.54,108.19,54.73
man_maker.mp4,420,128.39,110.12,87.97,16.89
man_maker.mp4,430,138.61,107.96,88.1,57.99
man_maker.mp4,440,174.38,93.27,164.94,79.28
man_maker.mp4,460,154.43,120.21,104.69,74.84
man_maker.mp4,470,145.7,131.83,112.22,93.06
man_maker.mp4,480,95.97,91.96,37.65,9.5
man_maker.mp4,490,127.93,136.0,88.55,82.32
man_maker.mp4,500,130.79,133.64,62.76,68.43
man_maker.mp4,510,152.02,140.43,100.59,93.21
man_maker.mp4,520,153.47,140.59,168.66,144.45
man_maker.mp4,530,170.31,147.96,175.44,140.8
man_maker.mp4,540,163.2,149.38,171.25,150.37
man_maker.mp4,550,150.81,123.71,97.85,104.19
man_maker.mp4,560,134.07,136.99,86.31,90.28
man_maker.mp4,570,135.71,144.55,69.76,80.69
man_maker.mp4,580,132.86,139.86,91.07,90.45
man_maker.mp4,590,117.71,90.2,74.76,39.03
man_maker.mp4,600,155.79,136.89,110.49,88.27
man_maker.mp4,610,152.11,129.34,96.16,74.61
man_maker.mp4,620,160.06,132.58,106.06,83.37
man_maker.mp4,630,146.42,129.16,107.6,80.24
man_maker.mp4,640,160.6,92.73,139.07,72.37
man_maker.mp4,650,170.79,101.4,163.77,85.66
man_maker.mp4,660,142.45,84.47,100.67,46.74
man_maker.mp4,670,135.52,116.3,92.06,66.85
man_maker.mp4,710,134.35,167.23,56.53,23.45
man_maker.mp4,720,134.22,113.07,107.64,56.08
man_maker.mp4,730,161.02,134.41,122.61,90.15
man_maker.mp4,750,114.09,100.7,79.37,40.7
man_maker.mp4,770,91.84,99.4,98.04,64.99
man_maker.mp4,780,126.67,99.98,90.65,55.68
man_maker.mp4,800,151.55,116.4,93.58,64.08
man_maker.mp4,810,160.99,119.99,88.1,40.08
man_maker.mp4,820,156.59,99.17,102.67,53.26
man_maker.mp4,830,163.74,112.53,99.36,27.18
man_maker.mp4,840,158.77,156.29,104.64,21.26
man_maker.mp4,850,154.89,162.56,97.45,17.57
man_maker.mp4,860,162.33,102.62,95.71,34.45
man_maker.mp4,870,164.31,91.81,110.77,48.19
man_maker.mp4,890,143.58,112.85,89.66,65.84
man_maker.mp4,900,173.4,91.34,162.05,77.76
man_maker.mp4,910,110.63,155.59,77.92,24.42
man_maker.mp4,920,150.37,127.93,99.12,77.22
man_maker.mp4,930,140.17,118.2,115.25,75.49
man_maker.mp4,940,105.29,127.33,94.42,103.15
man_maker.mp4,950,138.59,143.7,114.26,116.95
man_maker.mp4,960,149.17,144.81,99.36,95.05
man_maker.mp4,970,162.56,155.82,157.63,159.22
man_maker.mp4,980,167.85,158.74,173.89,151.3
man_maker.mp4,990,149.49,118.23,92.23,98.45
man_maker.mp4,1000,131.9,134.96,66.56,63.41
man_maker.mp4,1010,131.81,133.32,83.19,74.45
man_maker.mp4,1020,88.74,63.49,63.08,22.88
man_maker.mp4,1030,147.11,112.52,107.68,71.63
man_maker.mp4,1040,155.59,128.48,110.96,85.43
man_maker.mp4,1050,145.94,130.63,102.64,81.24
man_maker.mp4,1060,140.87,129.59,107.88,80.37
man_maker.mp4,1070,163.57,83.87,132.9,62.06
man_maker.mp4,1080,172.66,90.56,164.6,78.57
man_maker.mp4,1090,130.11,92.13,82.65,41.34
man_maker.mp4,1100,118.63,126.89,86.36,89.32
man_maker.mp4,1110,102.35,135.6,101.5,47.82
man_maker.mp4,1120,137.14,120.2,117.08,93.79
man_maker.mp4,1140,169.7,161.81,36.08,14.04
man_maker.mp4,1150,144.25,129.72,118.83,93.1
man_maker.mp4,1160,156.45,115.44,100.35,52.64
man_maker.mp4,1170,140.2,113.33,78.0,58.93
man_maker.mp4,1180,124.09,107.76,87.95,56.79
man_maker.mp4,1200,86.95,125.97,66.12,96.55
man_maker.mp4,1210,148.42,95.45,81.93,18.52
man_maker.mp4,1220,137.42,167.88,69.41,17.49
man_maker.mp4,1230,142.68,110.46,84.82,66.33
man_maker.mp4,1240,153.79,101.15,113.03,65.15
man_maker.mp4,1250,165.28,89.4,103.08,52.07
man_maker.mp4,1260,165.76,136.16,101.24,20.5
man_maker.mp4,1270,151.55,147.52,93.96,19.66
man_maker.mp4,1280,156.44,84.13,97.11,37.86
man_maker.mp4,1290,162.69,116.9,123.1,83.21
man_maker.mp4,1300,147.66,129.73,93.13,79.02
man_maker.mp4,1310,156.14,90.35,111.76,58.99
man_maker.mp4,1320,170.1,91.86,155.77,75.88
man_maker.mp4,1330,144.48,100.6,98.2,63.08
man_maker.mp4,1340,150.21,128.53,110.16,85.38
man_maker.mp4,1350,131.33,129.0,114.69,96.95
man_maker.mp4,1360,126.61,141.85,110.96,116.94
man_maker.mp4,1370,135.62,140.2,105.29,103.88
man_maker.mp4,1380,152.05,150.85,102.11,92.43
man_maker.mp4,1390,160.95,144.68,168.78,144.83
man_maker.mp4,1400,167.99,156.44,174.8,147.45
man_maker.mp4,1410,149.12,120.25,111.68,120.0
man_maker.mp4,1420,132.09,137.26,70.14,72.45
man_maker.mp4,1430,137.6,144.27,109.22,108.41
man_maker.mp4,1440,101.07,88.88,67.31,16.24
man_maker.mp4,1450,144.55,118.96,113.32,82.14
man_maker.mp4,1460,153.44,134.51,108.83,78.39
man_maker.mp4,1470,147.51,124.72,108.88,76.47
man_maker.mp4,1480,134.2,140.82,102.15,88.03
man_maker.mp4,1490,153.0,95.58,126.18,72.66
man_maker.mp4,1500,167.28,86.76,154.72,73.5
man_maker.mp4,1510,147.69,176.55,92.4,18.13
man_maker.mp4,1520,143.6,148.17,90.66,14.47
man_maker.mp4,1580,149.05,110.2,112.8,44.23
man_maker.mp4,1590,129.81,122.87,72.28,63.43
man_maker.mp4,1600,135.83,131.14,81.78,67.27
man_maker.mp4,1630,99.65,162.94,41.57,18.81
man_maker.mp4,1640,121.53,121.44,78.8,65.58
man_maker.mp4,1650,132.93,124.35,82.68,66.61
man_maker.mp4,1680,152.2,109.48,101.48,61.06
man_maker.mp4,1690,163.52,106.82,95.37,31.96
man_maker.mp4,1700,154.57,152.25,97.06,19.95
man_maker.mp4,1710,160.09,135.89,94.93,22.52
man_maker.mp4,1720,158.29,97.63,96.34,49.19
man_maker.mp4,1730,150.53,119.97,98.03,73.31
man_maker.mp4,1740,138.26,168.9,40.29,23.84
man_maker.mp4,1750,175.54,88.44,152.72,75.32
man_maker.mp4,1760,151.34,100.79,117.46,77.86
man_maker.mp4,1780,132.93,113.77,108.88,80.34
man_maker.mp4,1790,125.84,146.13,125.22,134.7
man_maker.mp4,1800,142.21,151.44,132.57,136.59
man_maker.mp4,1810,138.27,136.79,83.97,88.99
man_maker.mp4,1820,157.06,152.62,168.98,147.69
man_maker.mp4,1830,160.76,142.48,173.13,145.34
man_maker.mp4,1840,152.79,134.97,103.44,95.91
man_maker.mp4,1850,132.5,135.37,71.44,65.85
man_maker.mp4,1860,138.12,153.47,111.65,121.08
man_maker.mp4,1870,101.05,83.35,75.04,41.04
man_maker.mp4,1880,154.23,123.78,102.86,66.91
man_maker.mp4,1890,151.79,129.99,94.12,70.06
man_maker.mp4,1900,142.54,130.07,104.4,74.57
man_maker.mp4,1910,159.9,89.75,132.53,63.05
man_maker.mp4,1920,172.6,100.06,157.87,81.89
man_maker.mp4,1930,152.5,92.33,106.88,56.41
man_maker.mp4,1940,138.52,111.31,89.47,70.3
man_maker.mp4,1950,115.57,89.86,85.96,43.45
man_maker.mp4,1960,125.78,142.38,69.32,19.71
man_maker.mp4,1970,129.88,100.75,90.88,38.23
man_maker.mp4,2000,143.04,126.82,93.64,86.89
man_maker.mp4,2010,147.92,110.88,95.36,59.46
man_maker.mp4,2020,133.63,103.44,93.37,55.13
man_maker.mp4,2030,104.24,118.34,57.23,76.28
man_maker.mp4,2040,118.14,111.2,28.0,92.66
man_maker.mp4,2050,91.7,102.33,68.14,69.44
man_maker.mp4,2060,134.55,108.24,81.75,61.06
man_maker.mp4,2070,149.62,107.73,100.73,60.29
man_maker.mp4,2080,140.74,116.55,88.45,67.88
man_maker.mp4,2090,152.29,111.36,103.09,65.2
man_maker.mp4,2100,164.21,139.89,94.8,24.88
man_maker.mp4,2110,146.77,135.14,91.96,23.18
man_maker.mp4,2120,152.67,101.02,91.43,31.11
man_maker.mp4,2130,150.88,103.09,101.17,57.88
man_maker.mp4,2140,150.5,123.24,98.66,72.08
man_maker.mp4,2150,150.7,105.99,89.62,60.68
man_maker.mp4,2160,172.71,92.17,141.28,75.19
man_maker.mp4,2170,126.82,107.42,88.43,82.95
man_maker.mp4,2180,149.45,125.75,108.29,83.88
man_maker.mp4,2190,124.52,120.02,118.03,95.96
man_maker.mp4,2200,132.79,153.76,129.67,137.39
man_maker.mp4,2210,127.63,136.07,95.65,107.6
man_maker.mp4,2220,149.67,123.46,92.22,95.56
man_maker.mp4,2230,165.07,154.61,173.3,152.46
man_maker.mp4,2240,160.07,146.66,169.07,151.58
man_maker.mp4,2250,148.61,124.48,95.4,98.35
man_maker.mp4,2260,131.36,138.0,73.45,76.62
man_maker.mp4,2270,140.57,141.25,84.07,77.44
man_maker.mp4,2280,77.9,61.21,32.99,24.24
man_maker.mp4,2290,96.76,73.51,34.99,17.55
man_maker.mp4,2300,97.59,77.0,26.87,16.4
man_maker.mp4,2310,100.47,77.49,23.28,15.1
man_maker.mp4,2320,98.69,79.57,23.15,17.97
man_maker.mp4,2330,103.85,79.21,26.47,17.15
man_maker.mp4,2340,105.18,82.51,24.75,16.88
man_maker.mp4,2350,102.47,78.8,24.28,17.66
man_maker.mp4,2360,102.5,80.07,22.97,18.2
mule_kick.mp4,10,81.64,119.28,25.69,34.68
mule_kick.mp4,20,81.12,118.28,25.21,35.28
mule_kick.mp4,30,81.37,118.87,25.46,35.91
mule_kick.mp4,40,81.42,120.44,27.53,36.41
mule_kick.mp4,50,81.05,117.04,26.78,34.55
mule_kick.mp4,60,82.31,119.06,26.61,36.15
mule_kick.mp4,70,82.06,114.77,23.09,33.51
mule_kick.mp4,80,82.03,111.63,23.41,29.54
mule_kick.mp4,90,75.0,109.33,19.97,27.17
mule_kick.mp4,100,73.67,119.73,14.63,43.37
mule_kick.mp4,110,103.14,147.99,50.54,92.01
mule_kick.mp4,120,138.98,158.99,97.27,115.1
mule_kick.mp4,130,137.67,150.98,90.22,105.48
mule_kick.mp4,150,147.55,133.06,139.33,126.19
mule_kick.mp4,160,83.57,138.08,63.54,113.56
mule_kick.mp4,170,85.15,146.4,63.14,115.69
mule_kick.mp4,180,100.82,148.46,70.15,111.15
mule_kick.mp4,190,147.78,140.68,101.31,94.52
mule_kick.mp4,200,89.25,109.27,51.48,59.47
mule_kick.mp4,210,81.24,141.28,60.73,114.13
mule_kick.mp4,220,160.4,144.21,79.9,101.81
mule_kick.mp4,230,132.98,138.21,91.01,112.75
mule_kick.mp4,240,163.51,129.17,73.24,91.3
mule_kick.mp4,250,94.41,152.14,77.03,140.55
mule_kick.mp4,260,75.59,139.69,48.26,107.88
mule_kick.mp4,270,88.87,141.86,50.77,104.09
mule_kick.mp4,280,130.87,163.41,73.85,113.07
mule_kick.mp4,290,95.3,133.96,71.98,109.44
mule_kick.mp4,300,77.97,163.64,65.92,154.83
mule_kick.mp4,310,124.23,136.69,74.89,94.44
mule_kick.mp4,320,169.3,108.59,64.17,112.7
mule_kick.mp4,330,93.31,133.68,66.66,118.08
mule_kick.mp4,340,84.42,151.33,62.95,121.96
mule_kick.mp4,350,99.44,146.58,67.45,109.3
mule_kick.mp4,360,90.08,145.47,60.68,107.53
mule_kick.mp4,370,127.66,158.18,77.33,117.62
mule_kick.mp4,380,90.04,145.07,74.03,118.26
mule_kick.mp4,390,124.37,140.37,67.55,109.21
mule_kick.mp4,400,134.02,129.07,76.09,83.73
mule_kick.mp4,410,102.1,145.14,60.47,127.86
mule_kick.mp4,420,95.62,147.5,75.8,130.87
mule_kick.mp4,430,91.31,142.23,63.17,106.11
mule_kick.mp4,440,87.37,142.09,59.72,110.86
mule_kick.mp4,450,144.08,161.74,76.43,116.23
mule_kick.mp4,460,89.34,155.17,68.23,124.74
mule_kick.mp4,470,90.76,154.21,78.1,139.11
mule_kick.mp4,480,91.45,154.52,68.14,105.55
mule_kick.mp4,490,159.04,106.9,67.18,80.56
mule_kick.mp4,500,86.08,150.71,67.92,139.66
mule_kick.mp4,510,85.14,139.36,62.46,110.53
mule_kick.mp4,520,115.74,156.59,79.02,113.36
mule_kick.mp4,530,104.86,154.72,73.65,112.25
mule_kick.mp4,540,148.36,161.02,95.82,127.42
mule_kick.mp4,550,94.02,155.45,75.64,126.96
mule_kick.mp4,560,105.18,137.35,69.97,138.82
mule_kick.mp4,570,146.33,146.48,78.69,97.51
mule_kick.mp4,580,165.14,106.14,60.83,99.06
mule_kick.mp4,590,98.07,151.6,79.79,133.23
mule_kick.mp4,600,145.93,170.64,86.33,116.9
mule_kick.mp4,610,140.59,174.95,83.28,121.6
mule_kick.mp4,620,143.03,165.06,86.4,122.61
mule_kick.mp4,630,129.03,157.02,88.3,108.02
mule_kick.mp4,640,127.89,155.9,84.33,112.07
mule_kick.mp4,650,115.24,155.85,69.1,106.63
mule_kick.mp4,660,81.27,113.55,31.64,52.26
mule_kick.mp4,670,68.46,98.82,12.35,33.38
mule_kick.mp4,680,74.67,101.93,13.57,28.99
mule_kick.mp4,690,72.5,118.09,14.63,42.65
mule_kick.mp4,700,76.45,126.5,29.67,41.96
mule_kick.mp4,710,79.01,117.15,23.21,33.42
mule_kick.mp4,720,78.59,107.53,18.7,32.55
mule_kick.mp4,730,77.29,110.6,25.39,34.03
mule_kick.mp4,740,78.75,108.53,24.43,31.19
mule_kick.mp4,750,79.15,113.41,24.98,34.91
mule_kick.mp4,760,81.15,115.18,26.28,33.11
neutral_overhead_shoulder_press.mp4,10,105.5,81.35,22.64,21.46
neutral_overhead_shoulder_press.mp4,20,104.86,82.19,23.7,20.25
neutral_overhead_shoulder_press.mp4,30,106.3,80.45,23.31,20.82
neutral_overhead_shoulder_press.mp4,40,106.05,80.53,23.36,21.43
neutral_overhead_shoulder_press.mp4,50,107.66,81.94,24.12,21.18
neutral_overhead_shoulder_press.mp4,60,106.73,81.46,24.09,20.41
neutral_overhead_shoulder_press.mp4,70,107.52,81.14,23.73,21.43
neutral_overhead_shoulder_press.mp4,80,107.8,81.08,24.35,20.67
neutral_overhead_shoulder_press.mp4,90,105.42,79.26,27.93,22.11
neutral_overhead_shoulder_press.mp4,100,120.86,112.95,36.38,27.57
neutral_overhead_shoulder_press.mp4,110,139.65,142.87,41.3,41.68
neutral_overhead_shoulder_press.mp4,120,138.25,138.3,63.51,69.72
neutral_overhead_shoulder_press.mp4,130,133.87,138.88,79.24,79.73
neutral_overhead_shoulder_press.mp4,140,136.75,139.4,79.38,83.56
neutral_overhead_shoulder_press.mp4,150,135.95,133.46,84.4,93.5
neutral_overhead_shoulder_press.mp4,160,139.95,132.52,88.0,96.19
neutral_overhead_shoulder_press.mp4,170,153.7,144.2,107.95,109.86
neutral_overhead_shoulder_press.mp4,180,157.43,137.96,106.38,110.5
neutral_overhead_shoulder_press.mp4,190,148.27,114.19,116.31,129.91
neutral_overhead_shoulder_press.mp4,200,164.7,147.52,165.76,147.3
neutral_overhead_shoulder_press.mp4,210,171.97,158.24,169.16,152.35
neutral_overhead_shoulder_press.mp4,220,173.21,163.01,169.69,153.87
neutral_overhead_shoulder_press.mp4,230,165.68,149.18,164.23,147.6
neutral_overhead_shoulder_press.mp4,240,149.13,120.65,126.52,123.61
neutral_overhead_shoulder_press.mp4,250,135.19,114.43,113.05,107.6
neutral_overhead_shoulder_press.mp4,260,135.53,128.78,93.53,98.79
neutral_overhead_shoulder_press.mp4,270,137.26,136.84,77.54,92.94
neutral_overhead_shoulder_press.mp4,280,137.16,137.9,79.2,94.32
neutral_overhead_shoulder_press.mp4,290,136.79,138.39,81.14,97.02
neutral_overhead_shoulder_press.mp4,300,135.28,134.19,84.12,97.13
neutral_overhead_shoulder_press.mp4,310,138.62,121.0,95.52,101.59
neutral_overhead_shoulder_press.mp4,320,148.95,115.86,116.16,127.65
neutral_overhead_shoulder_press.mp4,330,167.11,150.68,160.36,148.35
neutral_overhead_shoulder_press.mp4,340,174.73,162.42,168.81,154.74
neutral_overhead_shoulder_press.mp4,350,171.92,157.27,169.22,150.36
neutral_overhead_shoulder_press.mp4,360,162.54,140.22,162.97,143.69
neutral_overhead_shoulder_press.mp4,370,144.38,119.19,120.77,117.32
neutral_overhead_shoulder_press.mp4,380,135.2,115.79,99.75,99.52
neutral_overhead_shoulder_press.mp4,390,133.14,129.81,87.16,96.0
neutral_overhead_shoulder_press.mp4,400,138.06,135.44,87.63,101.58
neutral_overhead_shoulder_press.mp4,410,136.86,135.96,83.84,98.14
neutral_overhead_shoulder_press.mp4,420,139.14,135.89,81.22,94.52
neutral_overhead_shoulder_press.mp4,430,143.11,132.83,100.03,103.94
neutral_overhead_shoulder_press.mp4,440,147.58,112.96,107.53,117.55
neutral_overhead_shoulder_press.mp4,450,164.16,141.27,162.63,142.66
neutral_overhead_shoulder_press.mp4,460,166.41,158.64,172.13,155.63
neutral_overhead_shoulder_press.mp4,470,165.97,155.56,168.52,151.78
neutral_overhead_shoulder_press.mp4,480,165.78,141.13,161.47,143.54
neutral_overhead_shoulder_press.mp4,490,151.02,120.43,114.2,119.61
neutral_overhead_shoulder_press.mp4,500,146.85,123.85,105.51,103.81
neutral_overhead_shoulder_press.mp4,510,127.67,127.26,94.97,101.01
neutral_overhead_shoulder_press.mp4,520,131.59,130.12,90.69,101.85
neutral_overhead_shoulder_press.mp4,530,135.95,132.11,94.7,104.37
neutral_overhead_shoulder_press.mp4,540,138.16,132.64,91.17,103.78
neutral_overhead_shoulder_press.mp4,550,135.98,129.03,90.11,101.46
neutral_overhead_shoulder_press.mp4,560,133.14,125.89,90.89,98.47
neutral_overhead_shoulder_press.mp4,570,155.71,125.07,101.39,107.87
neutral_overhead_shoulder_press.mp4,580,161.3,130.6,144.21,143.57
neutral_overhead_shoulder_press.mp4,590,168.26,154.69,170.25,147.45
neutral_overhead_shoulder_press.mp4,600,169.94,153.37,169.8,147.23
neutral_overhead_shoulder_press.mp4,610,166.79,143.98,163.52,142.63
neutral_overhead_shoulder_press.mp4,620,160.46,129.11,142.32,137.95
neutral_overhead_shoulder_press.mp4,630,149.02,123.06,108.68,109.95
neutral_overhead_shoulder_press.mp4,640,141.88,127.38,97.35,99.87
neutral_overhead_shoulder_press.mp4,650,136.08,128.11,86.56,99.18
neutral_overhead_shoulder_press.mp4,660,135.95,133.09,85.54,96.8
neutral_overhead_shoulder_press.mp4,670,137.0,133.91,88.37,99.06
neutral_overhead_shoulder_press.mp4,680,137.85,135.6,83.93,96.43
neutral_overhead_shoulder_press.mp4,690,134.26,128.26,88.32,96.09
neutral_overhead_shoulder_press.mp4,700,152.17,128.74,107.02,110.71
neutral_overhead_shoulder_press.mp4,710,148.97,133.77,133.15,138.22
neutral_overhead_shoulder_press.mp4,720,168.01,154.0,170.61,148.15
neutral_overhead_shoulder_press.mp4,730,168.93,158.95,169.95,151.99
neutral_overhead_shoulder_press.mp4,740,169.3,150.73,167.69,146.69
neutral_overhead_shoulder_press.mp4,750,160.41,134.52,155.76,141.37
neutral_overhead_shoulder_press.mp4,760,146.71,120.92,110.63,109.22
neutral_overhead_shoulder_press.mp4,770,138.32,119.11,94.93,95.93
neutral_overhead_shoulder_press.mp4,780,132.18,128.96,91.18,102.82
neutral_overhead_shoulder_press.mp4,790,136.75,137.36,85.53,97.91
neutral_overhead_shoulder_press.mp4,800,136.49,135.95,81.15,94.42
neutral_overhead_shoulder_press.mp4,810,136.65,134.89,85.22,100.17
neutral_overhead_shoulder_press.mp4,820,138.1,132.38,90.11,97.65
neutral_overhead_shoulder_press.mp4,830,151.75,124.87,97.21,102.19
neutral_overhead_shoulder_press.mp4,840,149.41,131.99,135.38,139.65
neutral_overhead_shoulder_press.mp4,850,165.86,153.84,169.28,147.9
neutral_overhead_shoulder_press.mp4,860,165.22,153.99,171.81,148.77
neutral_overhead_shoulder_press.mp4,870,164.11,143.62,164.83,144.05
neutral_overhead_shoulder_press.mp4,880,149.16,127.76,131.4,131.83
neutral_overhead_shoulder_press.mp4,890,152.35,119.3,108.7,113.91
neutral_overhead_shoulder_press.mp4,900,151.84,133.5,104.73,102.04
neutral_overhead_shoulder_press.mp4,910,136.15,130.02,91.55,98.21
neutral_overhead_shoulder_press.mp4,920,136.85,134.82,84.48,94.85
neutral_overhead_shoulder_press.mp4,930,136.32,133.83,86.41,97.67
neutral_overhead_shoulder_press.mp4,940,136.38,133.93,81.0,93.07
neutral_overhead_shoulder_press.mp4,950,134.03,133.16,73.74,88.37
neutral_overhead_shoulder_press.mp4,960,132.74,138.16,76.49,81.72
neutral_overhead_shoulder_press.mp4,970,147.33,149.46,67.02,70.63
neutral_overhead_shoulder_press.mp4,980,95.94,88.18,40.5,41.38
neutral_overhead_shoulder_press.mp4,990,107.09,80.07,26.19,27.47
neutral_overhead_shoulder_press.mp4,1000,108.01,83.87,21.13,22.62
neutral_overhead_shoulder_press.mp4,1010,105.96,83.83,22.39,18.33
neutral_overhead_shoulder_press.mp4,1020,104.18,82.99,22.4,19.15
neutral_overhead_shoulder_press.mp4,1030,106.19,81.87,21.67,19.19
neutral_overhead_shoulder_press.mp4,1040,105.46,82.08,22.14,19.31
one_arm_row.mp4,10,107.82,80.4,23.49,16.17
one_arm_row.mp4,20,111.86,83.17,23.44,17.63
one_arm_row.mp4,30,109.27,82.78,22.86,15.23
one_arm_row.mp4,40,109.82,81.45,23.49,15.85
one_arm_row.mp4,50,107.24,80.28,22.25,16.42
one_arm_row.mp4,60,106.61,80.81,22.85,15.69
one_arm_row.mp4,70,105.03,80.98,23.1,14.66
one_arm_row.mp4,80,105.6,80.85,23.07,15.02
one_arm_row.mp4,90,109.25,80.51,25.18,16.12
one_arm_row.mp4,100,110.44,79.4,30.16,21.88
one_arm_row.mp4,110,116.14,83.53,39.34,33.42
one_arm_row.mp4,120,131.08,88.93,59.15,48.81
one_arm_row.mp4,130,136.74,104.04,65.71,65.23
one_arm_row.mp4,140,140.71,97.17,64.65,54.62
one_arm_row.mp4,150,145.52,104.7,68.22,63.03
one_arm_row.mp4,160,123.1,106.29,75.51,65.22
one_arm_row.mp4,170,130.25,82.53,96.88,45.65
one_arm_row.mp4,180,159.05,72.19,89.72,66.54
one_arm_row.mp4,190,157.58,73.34,81.66,69.34
one_arm_row.mp4,200,154.95,74.86,80.82,68.11
one_arm_row.mp4,210,165.61,76.32,99.06,66.14
one_arm_row.mp4,220,152.43,155.68,84.49,81.97
one_arm_row.mp4,230,130.27,143.74,78.49,89.26
one_arm_row.mp4,240,129.78,120.79,60.2,76.2
one_arm_row.mp4,250,151.74,128.37,68.3,55.19
one_arm_row.mp4,260,152.4,89.71,65.34,56.95
one_arm_row.mp4,270,130.37,116.22,66.41,72.68
one_arm_row.mp4,280,128.34,142.36,90.83,84.05
one_arm_row.mp4,290,151.09,71.22,99.68,62.87
one_arm_row.mp4,300,154.57,68.96,86.17,71.08
one_arm_row.mp4,310,153.56,69.57,88.51,67.76
one_arm_row.mp4,320,159.66,111.17,106.55,68.56
one_arm_row.mp4,330,153.43,137.34,88.0,76.99
one_arm_row.mp4,340,129.99,149.67,85.21,96.75
one_arm_row.mp4,350,141.89,62.64,70.97,55.3
one_arm_row.mp4,360,159.12,94.79,70.16,55.95
one_arm_row.mp4,370,161.36,103.74,71.71,56.58
one_arm_row.mp4,380,156.76,60.29,71.87,55.96
one_arm_row.mp4,390,127.59,146.03,76.13,94.03
one_arm_row.mp4,400,130.74,90.93,90.85,64.15
one_arm_row.mp4,410,169.82,156.68,118.63,73.2
one_arm_row.mp4,420,161.32,73.8,95.3,73.95
one_arm_row.mp4,430,163.66,81.71,108.26,66.12
one_arm_row.mp4,440,161.24,74.2,98.32,66.49
one_arm_row.mp4,450,134.23,108.53,92.59,69.54
one_arm_row.mp4,460,132.67,129.27,75.62,84.1
one_arm_row.mp4,470,162.09,131.42,85.3,54.17
one_arm_row.mp4,480,168.99,125.2,87.08,53.48
one_arm_row.mp4,490,166.65,95.75,77.93,56.34
one_arm_row.mp4,500,142.37,133.88,73.11,85.92
one_arm_row.mp4,510,127.5,143.15,93.96,94.73
one_arm_row.mp4,520,151.05,71.07,99.1,70.96
one_arm_row.mp4,530,159.03,88.41,103.06,74.55
one_arm_row.mp4,540,159.86,74.48,94.45,75.78
one_arm_row.mp4,550,167.59,138.57,114.39,73.06
one_arm_row.mp4,560,157.18,77.76,100.37,70.25
one_arm_row.mp4,570,135.18,134.33,93.69,85.97
one_arm_row.mp4,580,128.98,120.09,76.61,80.73
one_arm_row.mp4,590,155.93,132.99,88.32,53.84
one_arm_row.mp4,600,162.92,100.63,80.7,55.34
one_arm_row.mp4,610,155.08,109.03,83.79,55.63
one_arm_row.mp4,620,114.47,58.92,72.79,61.26
one_arm_row.mp4,630,148.08,70.46,96.43,66.2
one_arm_row.mp4,640,169.41,152.34,117.86,73.98
one_arm_row.mp4,650,167.64,99.4,109.81,72.46
one_arm_row.mp4,660,165.12,84.52,108.26,68.63
one_arm_row.mp4,670,164.59,148.45,115.26,71.0
one_arm_row.mp4,680,167.52,70.26,94.66,76.47
one_arm_row.mp4,690,138.85,155.94,79.44,99.45
one_arm_row.mp4,700,132.99,148.17,59.03,97.95
one_arm_row.mp4,710,150.42,63.05,64.36,54.48
one_arm_row.mp4,720,149.0,84.38,49.71,57.86
one_arm_row.mp4,730,122.88,73.81,31.44,50.01
one_arm_row.mp4,740,108.23,79.71,22.47,35.78
one_arm_row.mp4,750,102.56,76.3,22.39,23.73
one_arm_row.mp4,760,104.71,80.65,22.62,16.27
one_arm_row.mp4,770,105.34,81.3,21.76,15.39
one_arm_row.mp4,780,105.19,81.23,21.06,15.82
one_arm_row.mp4,790,104.42,80.15,21.98,17.4
one_arm_row.mp4,800,103.84,80.43,23.83,17.29
overhead_extension_thruster.mp4,10,110.0,79.72,25.15,15.76
overhead_extension_thruster.mp4,20,110.67,79.08,24.38,17.99
overhead_extension_thruster.mp4,30,108.79,78.0,24.87,16.19
overhead_extension_thruster.mp4,40,111.04,79.34,24.59,17.11
overhead_extension_thruster.mp4,50,112.43,79.75,24.07,16.86
overhead_extension_thruster.mp4,60,107.37,79.29,23.87,15.78
overhead_extension_thruster.mp4,70,111.08,80.74,23.83,16.04
overhead_extension_thruster.mp4,80,109.99,81.34,23.86,15.1
overhead_extension_thruster.mp4,90,110.65,79.18,23.95,15.77
overhead_extension_thruster.mp4,100,108.51,76.85,33.0,26.13
overhead_extension_thruster.mp4,110,131.5,131.38,61.21,55.0
overhead_extension_thruster.mp4,120,137.65,142.13,90.13,87.03
overhead_extension_thruster.mp4,130,141.73,134.09,103.25,105.26
overhead_extension_thruster.mp4,140,147.35,139.59,118.71,122.94
overhead_extension_thruster.mp4,150,117.67,94.33,76.62,133.49
overhead_extension_thruster.mp4,160,94.45,115.9,74.18,142.34
overhead_extension_thruster.mp4,170,148.68,62.83,112.33,128.28
overhead_extension_thruster.mp4,180,57.82,119.45,110.16,108.17
overhead_extension_thruster.mp4,190,137.36,78.9,112.83,118.07
overhead_extension_thruster.mp4,200,136.24,45.64,116.89,122.57
overhead_extension_thruster.mp4,210,95.01,102.73,111.75,106.83
overhead_extension_thruster.mp4,220,154.49,100.33,120.39,130.21
overhead_extension_thruster.mp4,230,162.56,148.75,117.59,115.16
overhead_extension_thruster.mp4,240,146.03,144.18,161.72,154.92
overhead_extension_thruster.mp4,250,162.44,158.65,175.2,153.31
overhead_extension_thruster.mp4,260,157.68,150.58,172.91,151.24
overhead_extension_thruster.mp4,270,145.3,134.87,148.18,143.16
overhead_extension_thruster.mp4,280,128.49,130.94,117.66,115.73
overhead_extension_thruster.mp4,290,153.12,135.65,132.72,136.69
overhead_extension_thruster.mp4,300,139.18,110.92,102.63,108.04
overhead_extension_thruster.mp4,310,136.4,51.32,113.31,122.18
overhead_extension_thruster.mp4,320,137.36,66.95,123.13,128.92
overhead_extension_thruster.mp4,330,141.97,58.55,117.33,125.27
overhead_extension_thruster.mp4,340,157.25,136.19,135.3,140.01
overhead_extension_thruster.mp4,350,160.03,149.81,105.6,103.9
overhead_extension_thruster.mp4,360,152.44,150.3,157.91,167.92
overhead_extension_thruster.mp4,370,165.73,151.18,173.72,146.12
overhead_extension_thruster.mp4,380,166.79,152.26,172.44,146.58
overhead_extension_thruster.mp4,390,147.42,138.98,166.41,147.84
overhead_extension_thruster.mp4,400,127.61,113.73,118.64,120.05
overhead_extension_thruster.mp4,410,148.65,125.96,115.72,127.77
overhead_extension_thruster.mp4,420,146.06,57.32,121.35,121.18
overhead_extension_thruster.mp4,430,131.27,93.73,119.18,108.46
overhead_extension_thruster.mp4,440,134.63,46.58,122.55,119.59
overhead_extension_thruster.mp4,450,135.15,43.28,115.15,118.3
overhead_extension_thruster.mp4,460,144.47,89.58,111.82,109.79
overhead_extension_thruster.mp4,470,162.06,143.32,131.32,134.08
overhead_extension_thruster.mp4,480,148.84,123.58,97.86,107.61
overhead_extension_thruster.mp4,490,150.11,151.68,170.06,158.82
overhead_extension_thruster.mp4,500,168.03,153.95,175.0,149.49
overhead_extension_thruster.mp4,510,170.11,141.26,172.63,137.54
overhead_extension_thruster.mp4,520,161.48,148.25,172.3,146.74
overhead_extension_thruster.mp4,530,146.94,129.54,149.96,145.16
overhead_extension_thruster.mp4,540,138.79,113.0,117.65,123.1
overhead_extension_thruster.mp4,550,149.6,96.75,121.7,129.16
overhead_extension_thruster.mp4,560,151.6,64.06,116.57,124.76
overhead_extension_thruster.mp4,570,135.77,54.04,99.86,116.85
overhead_extension_thruster.mp4,580,141.18,54.11,107.11,117.74
overhead_extension_thruster.mp4,590,147.61,68.5,115.98,117.65
overhead_extension_thruster.mp4,600,161.99,144.51,131.5,134.81
overhead_extension_thruster.mp4,610,138.36,121.46,125.01,136.73
overhead_extension_thruster.mp4,620,142.76,150.43,171.77,153.93
overhead_extension_thruster.mp4,630,158.72,127.69,171.12,128.61
overhead_extension_thruster.mp4,640,155.26,135.76,177.62,137.5
overhead_extension_thruster.mp4,650,161.47,147.71,175.31,143.05
overhead_extension_thruster.mp4,660,141.44,141.16,148.64,149.15
overhead_extension_thruster.mp4,670,139.82,118.31,113.92,123.31
overhead_extension_thruster.mp4,680,151.76,100.56,117.02,124.19
overhead_extension_thruster.mp4,690,145.1,63.86,118.74,120.36
overhead_extension_thruster.mp4,700,133.61,47.47,91.61,111.85
overhead_extension_thruster.mp4,710,140.9,47.36,114.92,117.51
overhead_extension_thruster.mp4,720,155.48,58.7,126.95,118.14
overhead_extension_thruster.mp4,730,166.77,148.47,127.94,122.65
overhead_extension_thruster.mp4,740,141.77,137.35,157.56,159.06
overhead_extension_thruster.mp4,750,161.8,139.82,174.75,133.71
overhead_extension_thruster.mp4,760,163.52,134.11,173.39,131.19
overhead_extension_thruster.mp4,770,165.87,143.48,174.47,141.21
overhead_extension_thruster.mp4,780,146.69,141.7,169.42,144.47
overhead_extension_thruster.mp4,790,130.89,121.49,113.32,119.62
overhead_extension_thruster.mp4,800,148.87,103.05,112.46,116.98
overhead_extension_thruster.mp4,810,134.25,132.62,101.78,115.79
overhead_extension_thruster.mp4,820,132.21,139.92,113.13,123.17
overhead_extension_thruster.mp4,830,123.74,131.7,99.11,116.16
overhead_extension_thruster.mp4,840,127.91,133.87,102.37,113.96
overhead_extension_thruster.mp4,850,129.61,135.3,93.66,100.44
overhead_extension_thruster.mp4,860,136.53,145.15,83.8,86.8
overhead_extension_thruster.mp4,870,132.69,131.24,69.92,62.83
overhead_extension_thruster.mp4,880,130.52,126.23,67.93,60.72
overhead_extension_thruster.mp4,890,121.82,138.75,56.54,71.58
overhead_extension_thruster.mp4,900,120.85,118.91,64.85,52.74
overhead_extension_thruster.mp4,910,95.74,78.4,31.71,30.63
overhead_extension_thruster.mp4,920,110.11,83.05,24.33,24.54
overhead_extension_thruster.mp4,930,109.08,83.48,23.8,17.81
overhead_extension_thruster.mp4,940,108.38,84.35,21.75,18.26
overhead_extension_thruster.mp4,950,110.16,83.75,22.24,16.93
overhead_extension_thruster.mp4,960,106.55,82.09,22.72,17.51
overhead_extension_thruster.mp4,970,108.3,81.95,21.98,18.01
overhead_extension_thruster.mp4,980,110.22,83.3,21.29,18.0
overhead_trap_raises.mp4,10,107.73,80.72,21.43,18.28
overhead_trap_raises.mp4,20,107.78,81.07,20.4,18.25
overhead_trap_raises.mp4,30,105.22,80.33,20.27,18.52
overhead_trap_raises.mp4,40,104.89,81.06,21.78,17.55
overhead_trap_raises.mp4,50,106.44,81.6,21.11,17.44
overhead_trap_raises.mp4,60,107.14,80.84,21.29,17.2
overhead_trap_raises.mp4,70,105.81,79.53,21.02,17.52
overhead_trap_raises.mp4,80,106.4,79.38,22.44,17.71
overhead_trap_raises.mp4,90,107.69,78.55,22.16,19.24
overhead_trap_raises.mp4,100,103.41,76.53,26.71,19.76
overhead_trap_raises.mp4,110,110.01,100.77,40.82,39.81
overhead_trap_raises.mp4,120,126.8,134.99,61.14,58.15
overhead_trap_raises.mp4,130,118.33,144.22,48.29,63.24
overhead_trap_raises.mp4,140,116.18,149.02,46.08,58.15
overhead_trap_raises.mp4,150,127.84,149.22,45.57,51.86
overhead_trap_raises.mp4,160,144.66,154.47,56.36,51.49
overhead_trap_raises.mp4,170,154.38,159.34,64.91,56.51
overhead_trap_raises.mp4,180,151.27,161.06,83.7,67.24
overhead_trap_raises.mp4,190,163.58,168.91,110.09,99.75
overhead_trap_raises.mp4,200,157.53,164.49,130.63,126.78
overhead_trap_raises.mp4,210,122.72,130.69,131.24,138.61
overhead_trap_raises.mp4,220,130.39,120.02,133.81,148.84
overhead_trap_raises.mp4,230,166.18,109.12,119.63,143.1
overhead_trap_raises.mp4,240,145.38,89.18,122.9,152.93
overhead_trap_raises.mp4,250,119.63,112.12,135.62,155.13
overhead_trap_raises.mp4,260,114.66,134.72,125.91,123.86
overhead_trap_raises.mp4,270,152.77,159.51,109.97,95.0
overhead_trap_raises.mp4,280,153.23,163.41,128.92,115.9
overhead_trap_raises.mp4,290,151.26,167.99,109.78,90.12
overhead_trap_raises.mp4,300,154.38,164.14,105.47,85.45
overhead_trap_raises.mp4,310,161.47,163.2,96.23,76.65
overhead_trap_raises.mp4,320,161.25,166.86,102.46,85.94
overhead_trap_raises.mp4,330,155.74,164.35,123.19,114.29
overhead_trap_raises.mp4,340,141.76,155.4,116.15,99.36
overhead_trap_raises.mp4,350,127.17,132.65,142.28,150.0
overhead_trap_raises.mp4,360,114.35,111.14,132.46,150.1
overhead_trap_raises.mp4,370,159.51,85.92,122.22,150.28
overhead_trap_raises.mp4,380,152.69,86.45,119.35,153.63
overhead_trap_raises.mp4,390,117.02,107.75,122.3,142.82
overhead_trap_raises.mp4,400,130.6,138.96,128.57,129.18
overhead_trap_raises.mp4,410,123.24,145.29,123.29,118.26
overhead_trap_raises.mp4,420,152.25,161.73,133.05,115.52
overhead_trap_raises.mp4,430,149.14,168.03,116.09,102.42
overhead_trap_raises.mp4,440,147.13,172.06,102.87,81.94
overhead_trap_raises.mp4,450,135.01,160.93,79.83,61.55
overhead_trap_raises.mp4,460,154.72,167.44,107.82,85.95
overhead_trap_raises.mp4,470,153.84,167.59,118.89,103.01
overhead_trap_raises.mp4,480,150.76,162.99,131.64,126.1
overhead_trap_raises.mp4,490,120.81,134.58,137.19,136.81
overhead_trap_raises.mp4,500,143.72,140.41,127.61,131.16
overhead_trap_raises.mp4,510,139.19,102.49,124.27,154.34
overhead_trap_raises.mp4,520,159.96,119.3,120.04,140.96
overhead_trap_raises.mp4,530,119.99,116.65,132.38,148.41
overhead_trap_raises.mp4,540,118.93,136.69,132.92,136.75
overhead_trap_raises.mp4,550,140.89,159.6,129.41,106.3
overhead_trap_raises.mp4,560,143.46,163.46,119.24,97.76
overhead_trap_raises.mp4,570,155.58,171.09,110.33,89.75
overhead_trap_raises.mp4,580,145.6,162.88,93.24,72.36
overhead_trap_raises.mp4,590,149.67,166.7,95.28,73.27
overhead_trap_raises.mp4,600,150.8,167.07,105.19,86.24
overhead_trap_raises.mp4,610,151.83,157.17,118.4,107.58
overhead_trap_raises.mp4,620,149.78,161.98,129.59,122.33
overhead_trap_raises.mp4,630,116.29,133.72,133.03,136.2
overhead_trap_raises.mp4,640,123.54,122.39,125.69,141.4
overhead_trap_raises.mp4,650,158.71,85.96,129.75,158.9
overhead_trap_raises.mp4,660,157.17,77.29,121.62,155.58
overhead_trap_raises.mp4,670,111.23,109.69,127.99,153.37
overhead_trap_raises.mp4,680,120.36,134.4,133.53,138.65
overhead_trap_raises.mp4,690,138.0,155.96,108.87,91.58
overhead_trap_raises.mp4,700,155.12,164.15,129.99,114.12
overhead_trap_raises.mp4,710,155.08,171.65,120.82,104.41
overhead_trap_raises.mp4,720,149.3,164.44,106.44,90.85
overhead_trap_raises.mp4,730,151.14,170.59,98.55,77.23
overhead_trap_raises.mp4,740,144.92,164.65,98.5,80.65
overhead_trap_raises.mp4,750,153.06,169.13,119.68,103.92
overhead_trap_raises.mp4,760,146.38,162.32,127.22,119.79
overhead_trap_raises.mp4,770,118.8,127.14,140.04,153.27
overhead_trap_raises.mp4,780,116.05,122.62,126.49,142.15
overhead_trap_raises.mp4,790,100.16,103.49,128.82,150.6
overhead_trap_raises.mp4,800,156.22,98.85,132.29,160.96
overhead_trap_raises.mp4,810,145.79,117.15,128.66,153.96
overhead_trap_raises.mp4,820,137.08,139.72,140.72,144.16
overhead_trap_raises.mp4,830,150.3,158.69,107.32,95.3
overhead_trap_raises.mp4,840,149.93,157.06,127.42,112.39
overhead_trap_raises.mp4,850,140.26,160.07,98.74,75.25
overhead_trap_raises.mp4,860,137.71,157.91,88.87,63.44
overhead_trap_raises.mp4,870,140.22,153.21,84.36,62.57
overhead_trap_raises.mp4,880,135.27,143.11,64.1,55.8
overhead_trap_raises.mp4,890,128.07,118.47,60.03,48.32
overhead_trap_raises.mp4,900,107.2,73.21,31.48,26.3
overhead_trap_raises.mp4,910,110.94,80.84,26.04,17.91
overhead_trap_raises.mp4,920,112.65,83.53,24.53,18.9
overhead_trap_raises.mp4,930,110.23,82.49,24.47,18.55
overhead_trap_raises.mp4,940,109.26,81.6,23.39,19.41
overhead_trap_raises.mp4,950,109.58,82.67,24.12,19.66
pushup.mp4,10,158.05,133.83,27.25,25.61
pushup.mp4,20,156.94,133.67,26.41,24.95
pushup.mp4,30,157.72,133.97,26.48,25.47
pushup.mp4,40,156.94,134.82,26.87,24.35
pushup.mp4,50,157.2,133.31,26.82,24.86
pushup.mp4,60,157.6,134.45,27.47,25.64
pushup.mp4,70,160.1,133.92,28.13,25.94
pushup.mp4,80,161.02,132.71,27.66,30.4
pushup.mp4,90,159.78,126.78,23.13,30.69
pushup.mp4,100,145.6,115.98,30.48,39.6
pushup.mp4,110,143.36,97.06,103.14,33.35
pushup.mp4,120,146.11,106.25,104.98,53.1
pushup.mp4,130,153.66,129.19,105.95,96.75
pushup.mp4,140,159.17,97.78,110.14,59.64
pushup.mp4,150,136.06,148.46,113.23,107.0
pushup.mp4,160,169.22,170.94,171.84,169.86
pushup.mp4,170,171.47,163.56,22.94,31.89
pushup.mp4,180,164.82,167.69,15.06,30.74
pushup.mp4,190,146.99,146.82,31.12,36.74
pushup.mp4,210,167.27,173.22,167.67,164.16
pushup.mp4,220,170.75,149.55,27.26,35.31
pushup.mp4,230,132.27,137.58,48.61,35.37
pushup.mp4,240,141.04,149.97,43.65,35.42
pushup.mp4,250,154.7,159.09,36.7,32.57
pushup.mp4,260,133.25,143.39,43.3,37.35
pushup.mp4,330,165.76,146.21,27.13,34.66
pushup.mp4,340,125.18,145.43,50.45,33.0
pushup.mp4,380,153.81,66.82,156.87,54.05
pushup.mp4,420,155.26,148.36,19.65,35.5
pushup.mp4,430,138.63,151.84,23.62,25.4
pushup.mp4,440,114.7,154.31,51.21,34.63
pushup.mp4,460,156.31,77.24,153.24,39.82
pushup.mp4,500,103.73,143.07,53.28,37.91
pushup.mp4,510,119.46,135.66,61.69,36.26
pushup.mp4,520,144.02,28.0,147.64,65.11
pushup.mp4,550,149.4,159.37,27.76,28.53
pushup.mp4,590,125.59,150.01,67.17,31.24
pushup.mp4,600,123.25,135.68,85.51,34.47
pushup.mp4,610,94.31,133.07,34.06,41.09
pushup.mp4,660,123.83,135.76,42.84,144.81
pushup.mp4,680,176.5,144.83,14.84,39.09
pushup.mp4,690,169.29,152.23,14.87,42.71
pushup.mp4,700,159.85,139.96,51.93,39.7
pushup.mp4,710,176.25,161.75,27.63,35.97
pushup.mp4,750,140.25,103.08,89.1,54.36
pushup.mp4,760,147.09,113.81,71.67,51.55
pushup.mp4,770,153.62,144.75,35.07,22.74
pushup.mp4,780,175.66,118.01,46.97,21.11
pushup.mp4,790,156.82,127.8,24.21,37.94
pushup.mp4,800,157.58,128.31,23.52,40.8
pushup.mp4,810,160.25,133.86,26.68,29.49
pushup.mp4,820,156.16,126.73,25.94,30.0
pushup.mp4,830,155.58,136.43,27.84,34.13
pushup.mp4,840,157.17,131.88,30.03,34.88
pushup.mp4,850,154.58,132.86,29.48,35.7
pushup.mp4,860,151.33,130.17,30.48,28.54
side_lateral_raise.mp4,10,145.45,155.0,17.57,24.32
side_lateral_raise.mp4,20,141.59,157.22,18.09,25.3
side_lateral_raise.mp4,30,140.75,157.62,19.34,25.56
side_lateral_raise.mp4,40,142.41,155.89,17.86,26.06
side_lateral_raise.mp4,50,140.08,161.93,17.5,24.26
side_lateral_raise.mp4,60,140.76,159.64,17.17,24.21
side_lateral_raise.mp4,70,139.8,157.73,18.28,25.0
side_lateral_raise.mp4,80,139.57,166.63,19.24,23.31
side_lateral_raise.mp4,90,140.25,173.73,25.49,21.31
side_lateral_raise.mp4,100,137.86,169.41,23.45,23.15
side_lateral_raise.mp4,110,137.42,173.24,28.96,21.23
side_lateral_raise.mp4,120,135.03,176.28,32.1,18.96
side_lateral_raise.mp4,130,147.31,172.14,60.35,33.18
side_lateral_raise.mp4,140,169.47,162.17,89.2,68.15
side_lateral_raise.mp4,150,171.38,147.49,104.75,98.67
side_lateral_raise.mp4,160,151.77,139.0,122.97,105.58
side_lateral_raise.mp4,170,144.04,140.0,130.56,93.98
side_lateral_raise.mp4,180,173.86,154.47,111.71,97.02
side_lateral_raise.mp4,190,173.68,172.02,88.39,86.38
side_lateral_raise.mp4,200,156.11,166.2,63.23,47.25
side_lateral_raise.mp4,210,131.8,176.1,38.55,29.87
side_lateral_raise.mp4,220,131.96,169.17,25.63,17.0
side_lateral_raise.mp4,230,137.76,173.65,26.23,16.11
side_lateral_raise.mp4,240,150.91,177.24,56.49,31.11
side_lateral_raise.mp4,250,160.47,163.43,86.03,63.58
side_lateral_raise.mp4,260,174.78,154.22,102.59,98.06
side_lateral_raise.mp4,270,139.53,135.87,126.07,93.33
side_lateral_raise.mp4,280,167.79,151.85,127.1,99.0
side_lateral_raise.mp4,290,170.1,165.96,125.31,95.4
side_lateral_raise.mp4,300,173.82,167.91,107.01,93.65
side_lateral_raise.mp4,310,163.34,162.15,87.01,61.44
side_lateral_raise.mp4,320,136.43,169.88,42.43,36.58
side_lateral_raise.mp4,330,133.48,174.3,27.5,20.03
side_lateral_raise.mp4,340,138.52,172.87,24.49,11.22
side_lateral_raise.mp4,350,133.66,173.98,30.68,19.0
side_lateral_raise.mp4,360,154.04,166.67,71.56,47.84
side_lateral_raise.mp4,370,171.99,173.71,102.98,88.71
side_lateral_raise.mp4,380,140.12,158.21,126.28,89.47
side_lateral_raise.mp4,390,164.71,130.3,134.97,94.73
side_lateral_raise.mp4,400,161.55,142.36,135.64,87.7
side_lateral_raise.mp4,410,171.75,165.3,110.64,91.04
side_lateral_raise.mp4,420,163.66,161.17,88.0,60.04
side_lateral_raise.mp4,430,137.32,165.74,46.39,38.74
side_lateral_raise.mp4,440,133.84,176.34,25.54,19.5
side_lateral_raise.mp4,450,137.13,174.01,21.08,10.59
side_lateral_raise.mp4,460,133.56,169.1,33.51,15.51
side_lateral_raise.mp4,470,156.99,168.84,76.66,40.89
side_lateral_raise.mp4,480,174.5,173.77,107.97,85.52
side_lateral_raise.mp4,490,171.85,157.29,119.18,95.84
side_lateral_raise.mp4,500,177.95,167.98,125.17,95.9
side_lateral_raise.mp4,510,145.72,138.51,139.66,95.25
side_lateral_raise.mp4,520,170.89,150.59,112.22,100.9
side_lateral_raise.mp4,530,170.85,173.23,93.48,81.65
side_lateral_raise.mp4,540,152.55,159.95,58.23,43.2
side_lateral_raise.mp4,550,132.39,174.76,33.25,26.69
side_lateral_raise.mp4,560,132.17,172.15,25.92,14.17
side_lateral_raise.mp4,570,133.78,172.86,27.1,12.94
side_lateral_raise.mp4,580,138.18,171.5,46.84,24.89
side_lateral_raise.mp4,590,161.92,178.34,88.37,64.4
side_lateral_raise.mp4,600,169.31,176.27,106.48,93.57
side_lateral_raise.mp4,610,165.95,148.91,126.66,99.49
side_lateral_raise.mp4,620,175.83,163.14,136.38,93.48
side_lateral_raise.mp4,630,173.06,146.44,138.27,94.53
side_lateral_raise.mp4,640,162.35,144.47,129.2,97.58
side_lateral_raise.mp4,650,168.18,173.97,107.58,91.29
side_lateral_raise.mp4,660,159.63,173.78,78.16,57.7
side_lateral_raise.mp4,670,135.88,165.09,40.11,33.69
side_lateral_raise.mp4,680,134.6,174.84,22.6,23.71
side_lateral_raise.mp4,690,135.61,176.38,18.27,19.14
side_lateral_raise.mp4,700,133.36,166.24,16.05,23.55
side_lateral_raise.mp4,710,138.34,153.29,16.93,27.68
side_lateral_raise.mp4,720,138.48,150.63,18.03,28.25
side_lateral_raise.mp4,730,144.16,151.44,18.13,28.88
side_lateral_raise.mp4,740,143.21,155.38,16.66,28.55
side_lateral_raise.mp4,750,148.44,153.74,17.78,27.52
side_lateral_raise.mp4,760,141.61,155.07,16.91,27.93
squat.mp4,10,134.91,160.36,20.75,24.58
squat.mp4,20,135.87,157.69,20.38,22.98
squat.mp4,30,133.32,160.89,20.48,23.68
squat.mp4,40,133.79,160.09,19.77,22.32
squat.mp4,50,133.81,158.4,19.4,25.67
squat.mp4,60,131.89,158.54,17.86,25.91
squat.mp4,70,132.03,160.31,18.64,23.54
squat.mp4,80,134.86,160.42,19.85,22.6
squat.mp4,90,134.05,158.51,19.41,25.01
squat.mp4,100,131.83,161.59,25.03,19.97
squat.mp4,110,132.27,157.54,29.95,20.68
squat.mp4,120,128.94,153.63,43.74,69.56
squat.mp4,130,118.68,167.71,53.12,74.4
squat.mp4,140,122.48,165.34,48.4,59.3
squat.mp4,150,122.23,168.53,47.58,60.41
squat.mp4,160,120.08,171.14,45.11,55.6
squat.mp4,170,131.4,170.25,42.78,12.71
squat.mp4,180,127.96,169.92,41.19,45.48
squat.mp4,200,108.21,111.01,50.25,77.01
squat.mp4,210,117.19,139.77,58.95,81.94
squat.mp4,220,85.7,137.08,82.0,110.03
squat.mp4,230,121.7,123.69,108.17,110.17
squat.mp4,240,107.46,121.01,115.68,106.53
squat.mp4,250,125.55,110.71,110.89,105.29
squat.mp4,260,81.94,118.85,98.67,92.2
squat.mp4,270,50.93,120.75,80.25,79.16
squat.mp4,280,121.53,110.4,86.15,75.14
squat.mp4,290,130.01,123.35,78.98,68.67
squat.mp4,300,126.77,126.8,75.35,73.45
squat.mp4,310,125.68,131.0,72.42,74.27
squat.mp4,320,115.05,128.49,49.49,58.14
squat.mp4,330,113.01,127.55,48.79,59.94
squat.mp4,340,108.97,132.93,58.24,71.81
squat.mp4,350,125.87,130.98,66.74,65.45
squat.mp4,360,128.95,130.94,72.74,75.98
squat.mp4,370,126.64,128.14,71.96,74.8
squat.mp4,380,109.76,128.69,66.85,79.91
squat.mp4,390,126.07,126.71,84.3,78.99
squat.mp4,400,131.79,129.24,82.39,76.88
squat.mp4,410,131.54,128.89,90.71,87.6
squat.mp4,420,130.34,126.21,115.56,113.51
squat.mp4,430,125.32,116.34,111.42,105.34
squat.mp4,440,129.32,110.38,114.6,99.71
squat.mp4,450,131.46,102.35,115.32,94.02
squat.mp4,460,110.57,115.67,100.0,107.77
squat.mp4,470,135.46,125.5,119.02,112.34
squat.mp4,480,132.28,127.06,97.1,91.45
squat.mp4,490,109.53,123.4,75.79,84.11
squat.mp4,500,106.47,128.08,69.08,83.4
squat.mp4,510,122.89,129.65,86.48,91.19
squat.mp4,520,126.61,127.56,85.38,87.12
squat.mp4,530,139.24,133.33,100.83,93.11
squat.mp4,540,133.6,126.55,116.36,111.92
squat.mp4,550,134.4,127.24,121.64,115.36
squat.mp4,560,132.97,121.43,116.24,106.32
squat.mp4,570,130.42,118.64,117.66,108.66
squat.mp4,580,137.34,115.11,120.61,104.79
squat.mp4,590,130.72,130.56,95.83,93.16
squat.mp4,600,122.89,121.75,90.59,87.11
squat.mp4,610,134.87,127.85,88.17,79.57
squat.mp4,620,125.76,120.77,80.62,74.47
squat.mp4,630,131.67,120.97,85.75,74.98
squat.mp4,640,136.45,133.95,97.65,91.48
squat.mp4,650,134.8,118.9,114.54,104.67
squat.mp4,660,131.25,120.52,116.78,110.28
squat.mp4,670,134.5,116.38,117.56,103.25
squat.mp4,680,127.7,117.69,114.56,106.85
squat.mp4,690,129.42,97.66,112.91,92.89
squat.mp4,700,136.01,128.0,111.49,107.09
squat.mp4,710,134.06,131.99,94.22,89.14
squat.mp4,720,130.09,128.74,98.51,97.45
squat.mp4,730,134.12,128.26,89.8,83.43
squat.mp4,740,134.3,129.62,78.67,71.6
squat.mp4,750,125.83,126.4,98.23,99.31
squat.mp4,760,131.7,128.68,94.4,85.86
squat.mp4,770,136.15,127.44,115.75,109.79
squat.mp4,780,120.1,117.37,105.24,107.07
squat.mp4,790,128.21,114.86,111.91,102.13
squat.mp4,800,130.48,115.72,115.73,103.75
squat.mp4,810,130.18,116.24,117.53,107.48
squat.mp4,820,133.47,120.98,117.44,109.01
squat.mp4,830,136.94,127.17,102.84,93.74
squat.mp4,840,118.84,126.18,89.47,96.54
squat.mp4,850,121.11,122.48,85.42,87.6
squat.mp4,860,132.22,129.93,88.43,84.92
squat.mp4,870,134.43,130.19,89.6,84.08
squat.mp4,880,91.24,122.46,67.59,94.56
squat.mp4,890,137.69,131.47,107.92,102.7
squat.mp4,900,131.92,113.32,114.25,103.17
squat.mp4,910,133.66,117.64,120.23,107.91
squat.mp4,920,131.25,115.32,115.85,104.4
squat.mp4,930,130.64,83.71,114.56,80.12
squat.mp4,940,119.22,118.44,100.26,100.43
squat.mp4,950,137.71,133.85,114.75,110.93
squat.mp4,960,132.96,130.1,104.69,101.76
squat.mp4,970,131.26,126.16,94.67,91.42
squat.mp4,980,129.05,128.15,96.21,93.45
squat.mp4,990,128.58,130.38,96.81,95.01
squat.mp4,1000,122.98,118.37,104.57,98.05
squat.mp4,1010,67.46,118.93,90.86,90.23
squat.mp4,1020,99.28,101.58,111.25,114.74
squat.mp4,1030,110.56,111.53,123.55,128.27
squat.mp4,1040,104.8,117.99,116.17,108.38
squat.mp4,1050,116.47,146.38,97.79,109.6
squat.mp4,1060,84.68,136.05,74.47,86.1
squat.mp4,1070,122.47,137.37,49.7,79.66
squat.mp4,1080,132.54,130.17,50.83,64.62
squat.mp4,1090,125.96,176.96,48.04,48.33
squat.mp4,1100,110.65,170.24,47.36,78.46
squat.mp4,1110,131.6,170.48,39.21,56.64
squat.mp4,1120,138.86,169.63,34.53,55.67
squat.mp4,1130,119.9,176.78,47.49,59.93
squat.mp4,1140,116.94,171.24,46.25,64.7
squat.mp4,1150,117.63,174.27,46.76,60.2
squat.mp4,1160,119.38,168.34,50.86,70.22
squat.mp4,1170,125.17,170.17,44.9,78.22
squat.mp4,1180,115.2,170.26,44.9,69.44
squat.mp4,1190,114.79,176.67,40.65,65.29
squat.mp4,1200,115.35,175.12,44.02,74.84
squat.mp4,1210,126.62,161.51,35.46,45.96
squat.mp4,1220,135.05,161.23,33.33,21.69
squat.mp4,1230,135.05,166.23,26.53,24.99
squat.mp4,1240,131.4,149.12,25.95,30.49
squat.mp4,1250,131.53,144.41,27.24,32.0
squat.mp4,1260,138.16,147.5,25.68,30.93
squat.mp4,1270,136.16,150.6,26.49,32.63
squat.mp4,1280,136.65,151.24,24.14,36.72
squat.mp4,1290,139.24,152.57,25.02,35.15
squat.mp4,1300,138.39,151.54,24.1,32.82
standing_ab_twists.mp4,10,78.78,111.17,20.0,35.61
standing_ab_twists.mp4,20,78.56,111.73,20.78,35.5
standing_ab_twists.mp4,30,78.32,113.13,22.58,35.99
standing_ab_twists.mp4,40,78.76,112.56,21.5,36.06
standing_ab_twists.mp4,50,79.86,112.6,19.84,36.08
standing_ab_twists.mp4,60,79.32,114.97,22.97,37.04
standing_ab_twists.mp4,70,79.84,113.95,20.96,35.52
standing_ab_twists.mp4,80,80.38,112.07,20.6,35.72
standing_ab_twists.mp4,90,74.5,116.8,27.29,35.85
standing_ab_twists.mp4,100,67.44,131.18,49.08,47.49
standing_ab_twists.mp4,110,138.49,148.74,101.55,65.78
standing_ab_twists.mp4,120,141.18,172.25,107.07,61.77
standing_ab_twists.mp4,130,141.98,144.42,55.1,51.15
standing_ab_twists.mp4,140,140.42,105.83,67.66,61.3
standing_ab_twists.mp4,150,135.42,117.73,60.99,73.32
standing_ab_twists.mp4,160,140.36,130.43,88.82,28.73
standing_ab_twists.mp4,170,130.97,126.84,102.8,36.73
standing_ab_twists.mp4,180,123.06,106.43,63.58,29.43
standing_ab_twists.mp4,190,74.47,101.34,13.76,27.49
standing_ab_twists.mp4,200,73.57,106.02,37.64,26.44
standing_ab_twists.mp4,210,67.47,148.64,83.66,92.0
standing_ab_twists.mp4,220,159.25,123.28,104.36,92.1
standing_ab_twists.mp4,230,165.24,53.38,104.95,73.96
standing_ab_twists.mp4,240,126.13,58.9,58.26,68.75
standing_ab_twists.mp4,250,159.76,73.77,92.32,70.57
standing_ab_twists.mp4,260,71.87,107.03,65.61,84.33
standing_ab_twists.mp4,270,67.51,121.79,51.62,83.97
standing_ab_twists.mp4,280,63.95,116.71,42.99,55.48
standing_ab_twists.mp4,290,136.9,123.02,83.64,46.51
standing_ab_twists.mp4,300,139.87,93.65,76.7,69.37
standing_ab_twists.mp4,310,140.05,99.13,89.06,65.77
standing_ab_twists.mp4,320,128.1,125.11,91.67,38.82
standing_ab_twists.mp4,330,142.37,119.73,83.03,75.55
standing_ab_twists.mp4,340,139.45,100.58,79.79,59.22
standing_ab_twists.mp4,350,138.6,95.78,84.49,24.13
standing_ab_twists.mp4,360,76.16,93.06,12.67,30.82
standing_ab_twists.mp4,370,69.49,84.13,62.86,38.06
standing_ab_twists.mp4,380,93.27,141.75,80.01,96.34
standing_ab_twists.mp4,390,158.46,72.79,78.52,96.74
standing_ab_twists.mp4,400,127.92,77.05,56.25,60.12
standing_ab_twists.mp4,410,129.38,94.49,46.96,46.35
standing_ab_twists.mp4,420,142.27,41.97,77.95,89.81
standing_ab_twists.mp4,430,103.45,60.76,19.07,71.45
standing_ab_twists.mp4,440,70.46,120.13,47.99,77.94
standing_ab_twists.mp4,450,74.41,118.07,19.69,46.33
standing_ab_twists.mp4,460,135.7,110.54,85.12,32.86
standing_ab_twists.mp4,470,146.24,131.36,103.93,64.79
standing_ab_twists.mp4,480,152.25,67.52,91.57,24.93
standing_ab_twists.mp4,490,136.22,25.48,88.2,39.56
standing_ab_twists.mp4,500,144.67,68.86,77.73,70.29
standing_ab_twists.mp4,510,132.33,104.43,100.15,25.42
standing_ab_twists.mp4,520,105.55,107.06,52.78,36.92
standing_ab_twists.mp4,530,73.29,103.96,12.8,34.35
standing_ab_twists.mp4,540,64.71,115.87,43.38,48.33
standing_ab_twists.mp4,550,104.82,116.36,90.41,82.71
standing_ab_twists.mp4,560,142.8,68.14,92.52,80.31
standing_ab_twists.mp4,570,127.76,57.11,55.6,63.07
standing_ab_twists.mp4,580,136.44,77.12,49.51,57.38
standing_ab_twists.mp4,590,145.07,53.31,96.1,79.85
standing_ab_twists.mp4,600,124.93,61.08,14.7,43.27
standing_ab_twists.mp4,610,67.25,107.18,36.78,60.83
standing_ab_twists.mp4,620,70.91,113.33,32.32,46.73
standing_ab_twists.mp4,630,133.42,104.26,111.67,28.02
standing_ab_twists.mp4,640,149.51,103.13,102.22,68.56
standing_ab_twists.mp4,650,129.88,83.2,77.85,13.67
standing_ab_twists.mp4,660,132.1,115.51,89.69,77.93
standing_ab_twists.mp4,670,138.92,89.08,83.93,82.74
standing_ab_twists.mp4,680,134.59,94.14,73.22,24.65
standing_ab_twists.mp4,690,75.1,88.46,12.73,27.03
standing_ab_twists.mp4,700,70.22,89.06,26.84,24.25
standing_ab_twists.mp4,710,63.6,120.07,66.06,86.95
standing_ab_twists.mp4,720,157.47,84.61,104.23,101.16
standing_ab_twists.mp4,730,118.93,57.45,40.66,76.19
standing_ab_twists.mp4,740,136.18,68.32,44.19,64.61
standing_ab_twists.mp4,750,104.6,65.41,76.24,62.72
standing_ab_twists.mp4,760,50.89,71.33,44.48,41.42
standing_ab_twists.mp4,770,65.16,116.13,46.48,77.22
standing_ab_twists.mp4,780,72.36,123.51,24.78,48.75
standing_ab_twists.mp4,790,137.81,106.45,105.63,34.29
standing_ab_twists.mp4,800,148.28,106.19,105.59,67.85
standing_ab_twists.mp4,810,137.27,54.58,72.0,64.11
standing_ab_twists.mp4,820,132.39,149.15,81.03,99.81
standing_ab_twists.mp4,830,136.89,66.13,72.3,63.07
standing_ab_twists.mp4,840,127.94,98.81,67.06,27.34
standing_ab_twists.mp4,850,71.38,98.59,17.22,33.3
standing_ab_twists.mp4,860,73.17,105.73,20.13,28.55
standing_ab_twists.mp4,870,88.38,141.2,74.06,92.63
standing_ab_twists.mp4,880,152.53,58.83,90.8,79.36
standing_ab_twists.mp4,890,118.75,46.9,49.15,85.2
standing_ab_twists.mp4,900,137.04,61.99,48.86,71.07
standing_ab_twists.mp4,910,32.68,84.4,46.02,61.12
standing_ab_twists.mp4,920,87.47,65.6,70.76,37.52
standing_ab_twists.mp4,930,68.46,98.6,34.37,74.51
standing_ab_twists.mp4,940,68.77,126.68,30.31,42.3
standing_ab_twists.mp4,950,77.34,111.3,19.18,25.88
standing_ab_twists.mp4,960,78.56,108.67,24.53,26.38
standing_ab_twists.mp4,970,78.71,102.51,21.26,28.36
standing_ab_twists.mp4,980,81.15,104.28,15.64,27.99
standing_ab_twists.mp4,990,79.72,110.4,19.61,35.52
standing_ab_twists.mp4,1000,79.86,112.79,21.36,32.62
standing_ab_twists.mp4,1010,79.48,113.99,18.56,33.0
standing_ab_twists.mp4,1020,82.53,115.42,19.63,32.63
walk_the_box.mp4,10,83.46,118.05,21.37,35.74
walk_the_box.mp4,20,83.48,118.43,23.36,34.76
walk_the_box.mp4,30,83.14,117.22,22.31,36.87
walk_the_box.mp4,40,84.41,120.89,24.78,37.27
walk_the_box.mp4,50,86.06,123.86,27.29,36.23
walk_the_box.mp4,60,85.9,124.01,26.54,37.16
walk_the_box.mp4,70,85.43,122.57,24.62,36.26
walk_the_box.mp4,80,78.43,117.65,31.23,35.46
walk_the_box.mp4,90,77.01,135.35,44.88,73.15
walk_the_box.mp4,100,85.48,142.17,63.98,111.9
walk_the_box.mp4,110,74.62,142.0,86.46,115.38
walk_the_box.mp4,120,116.34,138.93,110.44,114.22
walk_the_box.mp4,130,80.42,134.78,92.48,109.87
walk_the_box.mp4,140,76.91,137.82,88.36,116.61
walk_the_box.mp4,150,78.5,138.33,91.87,125.71
walk_the_box.mp4,160,77.7,142.54,88.44,120.4
walk_the_box.mp4,170,59.16,141.81,77.41,122.83
walk_the_box.mp4,180,60.97,135.62,75.03,121.77
walk_the_box.mp4,190,103.21,133.01,109.96,129.71
walk_the_box.mp4,200,90.82,140.23,98.73,127.74
walk_the_box.mp4,210,108.28,139.66,109.63,132.73
walk_the_box.mp4,220,93.2,133.96,98.53,124.16
walk_the_box.mp4,230,77.91,135.28,88.13,121.35
walk_the_box.mp4,240,116.63,134.47,113.87,130.46
walk_the_box.mp4,250,66.77,128.71,84.06,126.8
walk_the_box.mp4,260,60.11,139.25,72.43,131.35
walk_the_box.mp4,270,142.16,138.63,124.62,126.86
walk_the_box.mp4,280,128.41,141.65,120.97,129.43
walk_the_box.mp4,290,129.52,137.56,125.58,136.03
walk_the_box.mp4,300,63.1,135.29,79.47,127.85
walk_the_box.mp4,310,61.44,137.28,80.99,127.86
walk_the_box.mp4,320,84.05,134.0,99.16,124.71
walk_the_box.mp4,330,63.26,134.37,82.2,128.47
walk_the_box.mp4,340,130.29,134.41,129.86,131.33
walk_the_box.mp4,350,131.04,137.95,124.24,129.1
walk_the_box.mp4,360,83.29,132.06,94.17,126.67
walk_the_box.mp4,370,102.81,132.29,108.21,125.5
walk_the_box.mp4,380,129.45,129.65,127.23,128.35
walk_the_box.mp4,390,131.29,136.59,127.84,129.67
walk_the_box.mp4,400,87.26,135.96,100.94,131.11
walk_the_box.mp4,410,59.96,130.52,77.23,122.78
walk_the_box.mp4,420,130.83,125.19,130.87,132.48
walk_the_box.mp4,430,131.9,135.32,130.05,131.41
walk_the_box.mp4,440,122.26,127.44,124.64,130.53
walk_the_box.mp4,450,107.15,124.78,113.39,126.38
walk_the_box.mp4,460,118.13,128.6,118.3,126.78
walk_the_box.mp4,470,135.74,131.29,135.09,132.95
walk_the_box.mp4,480,121.89,128.76,121.86,126.79
walk_the_box.mp4,490,117.69,126.0,119.85,126.33
walk_the_box.mp4,500,142.16,138.75,139.44,139.67
walk_the_box.mp4,510,144.14,139.29,141.91,138.3
walk_the_box.mp4,520,136.96,133.83,135.14,133.05
walk_the_box.mp4,530,118.4,136.29,119.41,124.1
walk_the_box.mp4,540,132.36,135.33,131.33,132.1
walk_the_box.mp4,550,139.22,138.47,138.26,137.62
walk_the_box.mp4,560,138.14,138.82,138.19,136.26
walk_the_box.mp4,570,121.19,133.69,126.63,131.82
walk_the_box.mp4,580,130.86,135.84,134.67,135.64
walk_the_box.mp4,590,137.99,138.86,139.23,139.87
walk_the_box.mp4,600,142.8,141.33,144.41,141.73
walk_the_box.mp4,610,133.47,135.22,136.59,136.72
walk_the_box.mp4,620,134.24,137.34,135.74,136.82
walk_the_box.mp4,630,141.69,138.68,141.2,139.78
walk_the_box.mp4,640,140.13,138.53,142.51,140.35
walk_the_box.mp4,650,133.77,136.69,133.86,134.68
walk_the_box.mp4,660,133.28,136.8,134.39,135.28
walk_the_box.mp4,670,138.08,140.19,138.34,139.61
walk_the_box.mp4,680,143.84,139.19,142.46,139.63
walk_the_box.mp4,690,139.38,138.02,138.55,138.47
walk_the_box.mp4,700,138.64,137.5,139.1,138.58
walk_the_box.mp4,710,137.73,139.76,135.18,137.96
walk_the_box.mp4,720,141.48,136.73,140.32,137.17
walk_the_box.mp4,730,126.72,139.28,126.19,134.32
walk_the_box.mp4,740,132.17,134.48,132.15,133.31
walk_the_box.mp4,750,139.44,137.89,136.43,136.61
walk_the_box.mp4,760,134.38,131.78,131.79,134.08
walk_the_box.mp4,770,138.03,128.78,134.09,130.55
walk_the_box.mp4,780,137.54,137.64,133.14,135.86
walk_the_box.mp4,790,123.64,129.27,128.21,130.28
walk_the_box.mp4,800,98.38,127.44,109.91,130.52
walk_the_box.mp4,810,140.06,134.29,137.51,135.14
walk_the_box.mp4,820,142.42,139.01,137.06,135.68
walk_the_box.mp4,830,135.25,140.97,128.87,132.99
walk_the_box.mp4,840,124.05,128.88,125.8,132.24
walk_the_box.mp4,850,104.39,127.65,111.63,129.26
walk_the_box.mp4,860,137.6,127.74,134.9,131.59
walk_the_box.mp4,870,141.39,139.58,136.11,136.34
walk_the_box.mp4,880,118.34,130.88,116.72,129.59
walk_the_box.mp4,890,63.27,122.38,83.4,122.85
walk_the_box.mp4,900,111.25,123.31,115.29,127.15
walk_the_box.mp4,910,138.24,137.19,134.43,132.52
walk_the_box.mp4,920,118.18,140.62,119.16,131.84
walk_the_box.mp4,930,57.91,127.97,71.2,124.74
walk_the_box.mp4,940,60.49,131.68,73.9,126.53
walk_the_box.mp4,950,130.95,137.15,126.7,130.01
walk_the_box.mp4,960,102.22,136.4,108.34,128.87
walk_the_box.mp4,970,58.08,129.3,72.58,122.96
walk_the_box.mp4,980,112.45,127.77,114.88,122.77
walk_the_box.mp4,990,110.36,132.87,112.55,126.5
walk_the_box.mp4,1000,83.16,135.96,95.05,125.01
walk_the_box.mp4,1010,63.83,131.52,65.2,124.63
walk_the_box.mp4,1020,111.83,128.81,116.62,128.95
walk_the_box.mp4,1030,133.0,131.28,130.41,132.14
walk_the_box.mp4,1040,117.95,131.52,120.87,131.63
walk_the_box.mp4,1050,120.32,128.18,124.48,130.67
walk_the_box.mp4,1060,135.8,136.0,132.98,134.53
walk_the_box.mp4,1070,137.39,131.36,136.72,134.07
walk_the_box.mp4,1080,122.42,125.26,126.78,126.51
walk_the_box.mp4,1090,132.26,129.16,130.3,132.63
walk_the_box.mp4,1100,138.45,137.18,136.48,138.06
walk_the_box.mp4,1110,144.63,139.62,142.17,138.76
walk_the_box.mp4,1120,126.53,130.9,129.23,131.81
walk_the_box.mp4,1130,125.04,133.32,127.15,132.24
walk_the_box.mp4,1140,138.51,136.71,138.94,136.36
walk_the_box.mp4,1150,142.5,139.91,143.86,140.97
walk_the_box.mp4,1160,132.49,138.38,137.2,139.78
walk_the_box.mp4,1170,127.15,133.58,133.05,136.79
walk_the_box.mp4,1180,136.46,138.25,138.57,139.56
walk_the_box.mp4,1190,141.47,138.76,140.6,138.82
walk_the_box.mp4,1200,142.49,138.33,141.88,139.24
walk_the_box.mp4,1210,140.83,137.01,140.87,138.92
walk_the_box.mp4,1220,142.37,138.55,140.14,138.38
walk_the_box.mp4,1230,144.51,138.21,142.77,139.35
walk_the_box.mp4,1240,145.09,139.94,144.17,141.14
walk_the_box.mp4,1250,146.8,138.91,144.89,140.83
walk_the_box.mp4,1260,141.21,140.36,138.75,140.1
walk_the_box.mp4,1270,141.12,137.12,138.89,136.49
walk_the_box.mp4,1280,140.64,136.25,136.15,133.56
walk_the_box.mp4,1290,144.67,140.59,140.65,140.4
walk_the_box.mp4,1300,139.57,137.67,133.4,134.09
walk_the_box.mp4,1310,125.46,128.81,126.47,126.53
walk_the_box.mp4,1320,119.88,128.39,122.99,127.95
walk_the_box.mp4,1330,143.6,134.71,138.41,135.13
walk_the_box.mp4,1340,142.19,129.33,132.83,134.07
walk_the_box.mp4,1350,139.58,135.24,133.86,135.47
walk_the_box.mp4,1360,136.6,135.2,130.83,134.49
walk_the_box.mp4,1370,137.07,137.86,123.52,130.22
walk_the_box.mp4,1380,141.59,137.48,135.6,135.55
walk_the_box.mp4,1390,125.31,139.41,122.72,134.04
walk_the_box.mp4,1400,137.58,138.1,133.37,138.4
walk_the_box.mp4,1410,70.21,129.59,87.59,128.42
walk_the_box.mp4,1420,139.28,135.84,129.03,130.79
walk_the_box.mp4,1430,142.88,135.83,131.78,128.74
walk_the_box.mp4,1440,127.38,138.7,125.23,134.5
walk_the_box.mp4,1450,57.19,133.43,74.62,126.56
walk_the_box.mp4,1460,124.22,133.45,114.6,124.02
walk_the_box.mp4,1470,146.03,137.9,140.12,137.48
walk_the_box.mp4,1480,141.23,136.36,133.18,133.69
walk_the_box.mp4,1490,117.99,130.25,116.59,127.23
walk_the_box.mp4,1500,100.39,124.15,108.44,127.26
walk_the_box.mp4,1510,57.9,132.18,81.61,132.0
walk_the_box.mp4,1520,121.67,130.21,121.9,128.53
walk_the_box.mp4,1530,129.65,130.84,126.75,131.01
walk_the_box.mp4,1540,124.78,133.27,125.66,131.21
walk_the_box.mp4,1550,120.56,133.9,121.35,131.58
walk_the_box.mp4,1560,99.69,126.76,108.55,122.72
walk_the_box.mp4,1570,131.27,133.62,129.22,132.23
walk_the_box.mp4,1580,99.77,134.72,108.94,130.4
walk_the_box.mp4,1590,79.14,132.43,93.44,130.67
walk_the_box.mp4,1600,126.33,129.0,127.76,132.07
walk_the_box.mp4,1610,141.64,138.27,138.7,136.86
walk_the_box.mp4,1620,138.0,141.57,132.2,135.42
walk_the_box.mp4,1630,87.07,130.22,99.54,126.21
walk_the_box.mp4,1640,99.93,128.66,110.4,131.6
walk_the_box.mp4,1650,134.17,131.91,128.57,130.62
walk_the_box.mp4,1660,134.96,129.75,129.97,127.12
walk_the_box.mp4,1670,110.26,120.43,113.11,121.97
walk_the_box.mp4,1680,129.44,127.86,131.56,130.75
walk_the_box.mp4,1690,136.51,133.94,132.6,135.86
walk_the_box.mp4,1700,140.97,135.09,136.93,135.55
walk_the_box.mp4,1710,143.49,135.65,140.38,138.11
walk_the_box.mp4,1720,119.01,129.2,123.95,130.6
walk_the_box.mp4,1730,121.38,135.83,126.94,138.04
walk_the_box.mp4,1740,138.15,139.47,138.4,138.08
walk_the_box.mp4,1750,145.11,138.25,142.96,138.39
walk_the_box.mp4,1760,135.54,136.88,136.96,139.02
walk_the_box.mp4,1770,137.62,138.13,139.09,139.83
walk_the_box.mp4,1780,137.79,137.23,138.31,138.52
walk_the_box.mp4,1790,143.76,136.81,142.18,138.31
walk_the_box.mp4,1800,142.21,135.95,140.63,136.37
walk_the_box.mp4,1810,128.52,136.44,132.94,136.29
walk_the_box.mp4,1820,135.55,139.02,138.11,139.36
walk_the_box.mp4,1830,136.32,138.85,136.8,137.28
walk_the_box.mp4,1840,142.82,141.11,141.88,139.62
walk_the_box.mp4,1850,136.81,138.44,139.87,139.67
walk_the_box.mp4,1860,142.93,140.18,142.77,141.47
walk_the_box.mp4,1870,143.17,139.67,141.92,140.09
walk_the_box.mp4,1880,145.45,140.49,143.58,141.0
walk_the_box.mp4,1890,145.44,140.39,142.18,140.22
walk_the_box.mp4,1900,145.16,139.29,143.34,141.23
walk_the_box.mp4,1910,141.02,139.65,136.47,137.69
walk_the_box.mp4,1920,144.5,140.43,140.84,139.39
walk_the_box.mp4,1930,142.83,138.38,137.46,135.1
walk_the_box.mp4,1940,144.26,139.69,139.01,139.79
walk_the_box.mp4,1950,146.6,138.17,142.69,139.78
walk_the_box.mp4,1960,142.43,135.51,137.11,134.08
walk_the_box.mp4,1970,137.92,132.67,132.37,132.26
walk_the_box.mp4,1980,141.11,140.77,131.04,135.26
walk_the_box.mp4,1990,142.73,140.87,134.58,137.23
walk_the_box.mp4,2000,147.03,138.75,136.17,132.44
walk_the_box.mp4,2010,148.82,139.01,139.33,134.24
walk_the_box.mp4,2020,137.64,134.02,133.42,135.21
walk_the_box.mp4,2030,131.32,132.63,127.64,135.36
walk_the_box.mp4,2040,149.24,140.45,145.3,142.73
walk_the_box.mp4,2050,146.63,138.74,142.47,140.84
walk_the_box.mp4,2060,133.2,139.39,130.24,135.76
walk_the_box.mp4,2070,130.27,133.31,131.81,137.72
walk_the_box.mp4,2080,135.7,136.35,132.57,135.81
walk_the_box.mp4,2090,147.12,135.96,143.12,137.4
walk_the_box.mp4,2100,139.07,133.47,136.14,135.75
walk_the_box.mp4,2110,125.16,134.31,127.79,136.04
walk_the_box.mp4,2120,54.26,128.22,74.85,132.17
walk_the_box.mp4,2130,82.04,129.75,100.17,131.51
walk_the_box.mp4,2140,131.14,127.41,131.63,132.53
walk_the_box.mp4,2150,142.77,137.14,138.83,137.25
walk_the_box.mp4,2160,121.58,137.93,124.02,135.7
walk_the_box.mp4,2170,106.55,134.3,112.77,132.37
walk_the_box.mp4,2180,94.66,129.51,104.04,123.48
walk_the_box.mp4,2190,124.43,128.95,124.11,127.91
walk_the_box.mp4,2200,90.12,128.42,104.25,127.77
walk_the_box.mp4,2210,70.32,133.19,92.7,128.9
walk_the_box.mp4,2220,96.36,131.08,106.14,123.56
walk_the_box.mp4,2230,128.72,135.34,129.84,132.08
walk_the_box.mp4,2240,140.05,140.09,137.02,137.52
walk_the_box.mp4,2250,103.84,129.13,111.24,124.73
walk_the_box.mp4,2260,117.62,130.61,121.1,130.59
walk_the_box.mp4,2270,135.71,129.89,132.08,132.26
walk_the_box.mp4,2280,129.09,126.83,124.18,123.1
walk_the_box.mp4,2290,111.85,122.47,111.81,119.91
walk_the_box.mp4,2300,124.0,128.24,126.3,129.95
walk_the_box.mp4,2310,138.15,134.28,132.5,134.98
walk_the_box.mp4,2320,139.83,132.79,134.33,130.62
walk_the_box.mp4,2330,134.33,131.89,131.54,130.33
walk_the_box.mp4,2340,74.99,125.59,91.01,126.17
walk_the_box.mp4,2350,129.55,133.78,130.07,132.9
walk_the_box.mp4,2360,141.89,133.74,140.9,133.75
walk_the_box.mp4,2370,144.64,134.66,142.59,137.74
walk_the_box.mp4,2380,126.08,128.51,126.97,131.0
walk_the_box.mp4,2390,138.78,134.92,138.12,137.45
walk_the_box.mp4,2400,139.85,138.2,139.54,140.47
walk_the_box.mp4,2410,143.03,137.07,143.38,140.04
walk_the_box.mp4,2420,135.37,130.99,136.58,135.6
walk_the_box.mp4,2430,140.99,133.53,141.3,138.65
walk_the_box.mp4,2440,142.52,135.68,141.26,137.69
walk_the_box.mp4,2450,146.28,141.53,146.99,142.93
walk_the_box.mp4,2460,146.77,141.08,147.68,142.79
walk_the_box.mp4,2470,145.46,137.25,144.97,140.17
walk_the_box.mp4,2480,145.62,138.18,144.34,140.61
walk_the_box.mp4,2490,146.76,139.31,145.16,142.14
walk_the_box.mp4,2500,144.99,139.37,145.11,140.81
walk_the_box.mp4,2510,144.01,139.07,144.5,141.96
walk_the_box.mp4,2520,148.34,141.96,148.39,145.46
walk_the_box.mp4,2530,142.57,140.3,139.01,139.25
walk_the_box.mp4,2540,143.7,139.38,141.9,140.76
walk_the_box.mp4,2550,144.59,140.75,141.68,140.28
walk_the_box.mp4,2560,137.68,138.14,136.55,136.71
walk_the_box.mp4,2570,133.24,127.75,129.92,129.71
walk_the_box.mp4,2580,138.86,137.98,131.11,129.23
walk_the_box.mp4,2590,135.18,133.56,130.55,133.25
walk_the_box.mp4,2600,136.68,140.01,129.46,136.29
walk_the_box.mp4,2610,146.28,136.45,139.42,137.65
walk_the_box.mp4,2620,146.28,135.48,138.86,137.43
walk_the_box.mp4,2630,146.85,138.75,141.9,139.14
walk_the_box.mp4,2640,144.14,137.76,138.09,136.84
walk_the_box.mp4,2650,142.43,136.36,137.83,138.15
walk_the_box.mp4,2660,147.54,140.42,143.99,140.13
walk_the_box.mp4,2670,139.64,138.37,135.3,135.25
walk_the_box.mp4,2680,141.45,136.5,137.98,138.2
walk_the_box.mp4,2690,131.22,130.15,125.21,129.09
walk_the_box.mp4,2700,141.93,135.09,135.68,136.4
walk_the_box.mp4,2710,148.07,138.77,140.8,136.8
walk_the_box.mp4,2720,136.06,135.86,131.8,136.54
walk_the_box.mp4,2730,128.9,128.6,124.51,129.18
walk_the_box.mp4,2740,116.57,135.67,116.2,130.7
walk_the_box.mp4,2750,148.09,136.64,143.0,140.04
walk_the_box.mp4,2760,123.28,136.95,125.84,136.32
walk_the_box.mp4,2770,136.54,134.22,132.79,132.93
walk_the_box.mp4,2780,115.02,131.49,117.23,129.38
walk_the_box.mp4,2790,63.39,136.03,57.72,134.32
walk_the_box.mp4,2800,120.89,132.81,120.11,129.48
walk_the_box.mp4,2810,111.95,132.21,113.99,131.09
walk_the_box.mp4,2820,116.92,137.42,115.25,131.23
walk_the_box.mp4,2830,86.63,139.34,95.97,128.42
walk_the_box.mp4,2840,61.55,132.72,67.47,121.17
walk_the_box.mp4,2850,104.62,126.66,108.94,126.22
walk_the_box.mp4,2860,140.98,128.21,133.31,129.26
walk_the_box.mp4,2870,129.68,132.39,125.03,127.91
walk_the_box.mp4,2880,72.42,129.59,87.6,125.49
walk_the_box.mp4,2890,84.4,125.1,102.84,126.92
walk_the_box.mp4,2900,105.64,123.5,115.2,124.1
walk_the_box.mp4,2910,115.95,131.93,117.06,129.85
walk_the_box.mp4,2920,84.6,135.23,99.08,131.36
walk_the_box.mp4,2930,112.41,133.96,116.18,129.75
walk_the_box.mp4,2940,127.12,134.79,130.25,134.44
walk_the_box.mp4,2950,135.52,132.19,129.57,130.08
walk_the_box.mp4,2960,126.72,131.39,120.38,124.77
walk_the_box.mp4,2970,113.46,129.25,117.88,127.94
walk_the_box.mp4,2980,133.04,136.54,128.03,131.61
walk_the_box.mp4,2990,141.38,135.91,137.66,134.38
walk_the_box.mp4,3000,125.04,125.61,126.78,128.5
walk_the_box.mp4,3010,124.65,129.86,125.5,131.58
walk_the_box.mp4,3020,137.68,135.8,135.0,136.73
walk_the_box.mp4,3030,144.63,135.1,141.66,135.85
walk_the_box.mp4,3040,135.68,133.06,131.84,134.47
walk_the_box.mp4,3050,146.25,137.45,142.1,140.28
walk_the_box.mp4,3060,139.4,134.47,137.95,137.46
walk_the_box.mp4,3070,144.92,138.61,145.94,142.46
walk_the_box.mp4,3080,146.32,136.7,145.55,142.29
walk_the_box.mp4,3090,135.8,131.71,136.49,135.32
walk_the_box.mp4,3100,145.54,137.93,145.19,141.85
walk_the_box.mp4,3110,142.92,139.75,144.11,142.61
walk_the_box.mp4,3120,144.75,139.32,145.99,142.68
walk_the_box.mp4,3130,144.54,137.85,145.42,141.76
walk_the_box.mp4,3140,141.45,131.32,141.41,137.68
walk_the_box.mp4,3150,143.16,133.45,142.81,137.92
walk_the_box.mp4,3160,145.53,141.14,145.87,143.25
walk_the_box.mp4,3170,147.45,140.58,145.23,141.27
walk_the_box.mp4,3180,147.65,140.37,146.18,142.74
walk_the_box.mp4,3190,144.97,136.71,142.93,139.66
walk_the_box.mp4,3200,144.86,138.05,143.23,140.13
walk_the_box.mp4,3210,144.25,138.57,143.57,141.35
walk_the_box.mp4,3220,146.69,138.74,142.63,140.37
walk_the_box.mp4,3230,148.46,138.64,145.3,144.17
walk_the_box.mp4,3240,145.15,135.68,140.86,138.39
walk_the_box.mp4,3250,145.01,136.79,139.46,135.46
walk_the_box.mp4,3260,138.92,134.1,132.51,134.97
walk_the_box.mp4,3270,137.07,129.57,134.28,134.7
walk_the_box.mp4,3280,132.37,127.65,123.63,130.8
walk_the_box.mp4,3290,136.96,133.88,126.36,130.45
walk_the_box.mp4,3300,128.31,133.44,119.43,126.61
walk_the_box.mp4,3310,145.09,138.97,136.91,139.49
walk_the_box.mp4,3320,146.49,133.01,135.65,135.0
walk_the_box.mp4,3330,144.51,136.42,131.27,132.46
walk_the_box.mp4,3340,143.68,135.04,134.79,134.76
walk_the_box.mp4,3350,142.82,134.36,135.6,134.84
walk_the_box.mp4,3360,147.92,138.17,141.58,141.07
walk_the_box.mp4,3370,145.44,135.97,135.79,134.67
walk_the_box.mp4,3380,147.18,139.44,137.9,135.84
walk_the_box.mp4,3390,114.94,129.17,108.69,124.95
walk_the_box.mp4,3400,135.09,136.65,118.13,126.6
walk_the_box.mp4,3410,146.32,136.44,138.32,136.02
walk_the_box.mp4,3420,139.07,138.91,128.62,131.97
walk_the_box.mp4,3430,135.94,134.22,123.59,129.36
walk_the_box.mp4,3440,113.64,130.17,106.58,122.75
walk_the_box.mp4,3450,136.84,132.6,126.14,127.92
walk_the_box.mp4,3460,138.91,132.71,132.4,131.48
walk_the_box.mp4,3470,133.23,132.92,125.46,128.62
walk_the_box.mp4,3480,128.75,137.14,123.54,132.03
walk_the_box.mp4,3490,137.78,134.45,129.22,130.9
walk_the_box.mp4,3500,133.4,130.76,127.06,128.86
walk_the_box.mp4,3510,122.78,135.93,117.27,131.76
walk_the_box.mp4,3520,139.0,131.99,131.34,129.06
walk_the_box.mp4,3530,145.57,131.52,139.92,135.41
walk_the_box.mp4,3540,129.79,126.68,125.1,125.93
walk_the_box.mp4,3550,131.81,132.5,128.96,129.76
walk_the_box.mp4,3560,146.11,137.85,139.46,138.68
walk_the_box.mp4,3570,150.52,150.67,136.26,134.03
walk_the_box.mp4,3580,134.08,146.16,66.72,84.69
walk_the_box.mp4,3590,55.11,90.91,21.8,23.44
walk_the_box.mp4,3600,74.29,101.54,13.56,21.67
walk_the_box.mp4,3610,78.93,99.12,11.45,22.16
walk_the_box.mp4,3620,82.04,98.03,10.28,23.49
walk_the_box.mp4,3630,81.24,106.46,20.84,29.9
walk_the_box.mp4,3640,80.62,107.92,15.28,34.11
walk_the_box.mp4,3650,79.31,111.04,14.69,36.35
walk_the_box.mp4,3660,77.84,106.73,13.32,35.47
walk_the_box.mp4,3670,77.75,107.09,18.89,32.28
warmup_1.mp4,10,165.35,140.84,21.83,28.49
warmup_1.mp4,20,164.6,140.31,22.58,34.17
warmup_1.mp4,30,163.42,137.97,21.83,29.45
warmup_1.mp4,40,163.63,136.14,21.41,26.85
warmup_1.mp4,50,163.66,137.12,21.6,28.37
warmup_1.mp4,60,166.22,135.74,21.24,27.77
warmup_1.mp4,70,165.0,138.95,22.18,30.65
warmup_1.mp4,80,163.18,137.46,22.08,30.25
warmup_1.mp4,90,159.38,135.28,20.91,26.35
warmup_1.mp4,100,165.89,135.4,18.51,33.46
warmup_1.mp4,110,147.41,105.8,68.67,34.41
warmup_1.mp4,120,141.85,95.42,105.61,32.4
warmup_1.mp4,130,152.24,105.81,102.36,42.44
warmup_1.mp4,140,151.72,118.68,97.44,35.43
warmup_1.mp4,150,148.57,106.57,88.55,43.1
warmup_1.mp4,160,156.46,113.61,83.36,44.01
warmup_1.mp4,170,162.55,113.86,96.84,41.37
warmup_1.mp4,180,147.45,112.59,40.42,32.87
warmup_1.mp4,190,152.35,146.04,25.46,29.16
warmup_1.mp4,200,147.09,131.46,54.6,35.32
warmup_1.mp4,210,151.36,133.26,39.5,32.24
warmup_1.mp4,220,143.27,128.52,90.54,42.88
warmup_1.mp4,230,152.82,146.77,39.85,37.31
warmup_1.mp4,240,149.56,146.45,27.58,33.0
warmup_1.mp4,250,125.24,145.22,37.19,32.89
warmup_1.mp4,260,144.68,134.01,88.69,41.2
warmup_1.mp4,270,152.03,126.67,30.98,36.91
warmup_1.mp4,280,173.18,153.23,6.33,21.19
warmup_1.mp4,290,167.58,127.61,21.34,21.98
warmup_1.mp4,300,169.43,157.07,32.62,27.21
warmup_1.mp4,310,160.74,160.54,98.11,31.26
warmup_1.mp4,320,159.14,93.78,134.2,54.1
warmup_1.mp4,330,152.95,107.28,119.13,47.89
warmup_1.mp4,340,160.88,105.69,29.9,40.92
warmup_1.mp4,350,143.03,151.75,107.72,21.65
warmup_1.mp4,360,144.86,101.68,105.53,26.49
warmup_1.mp4,370,173.71,139.18,22.34,35.27
warmup_1.mp4,380,168.95,136.94,25.37,27.71
warmup_1.mp4,390,172.9,140.32,21.83,28.52
warmup_1.mp4,400,172.37,121.48,44.54,41.82
warmup_1.mp4,410,150.15,109.99,112.05,25.3
warmup_1.mp4,420,150.87,102.93,103.77,31.8
warmup_1.mp4,430,155.45,106.65,95.34,35.19
warmup_1.mp4,440,143.9,109.32,86.68,46.35
warmup_1.mp4,450,150.42,101.55,111.97,50.27
warmup_1.mp4,460,161.56,131.07,115.35,35.39
warmup_1.mp4,470,156.97,147.29,28.09,37.14
warmup_1.mp4,480,153.98,123.99,29.19,36.22
warmup_1.mp4,490,136.08,114.21,45.29,30.96
warmup_1.mp4,500,135.85,139.25,42.88,32.69
warmup_1.mp4,510,163.03,155.0,17.93,27.44
warmup_1.mp4,520,166.79,154.03,20.16,36.43
warmup_1.mp4,530,130.06,146.85,41.72,31.71
warmup_1.mp4,540,146.58,143.78,27.06,31.04
warmup_1.mp4,550,157.55,140.4,45.45,35.41
warmup_1.mp4,560,144.27,144.31,75.06,28.3
warmup_1.mp4,570,168.49,117.72,51.54,27.96
warmup_1.mp4,590,163.42,147.75,14.23,32.71
warmup_1.mp4,600,138.71,165.91,66.91,29.62
warmup_1.mp4,610,147.97,98.7,109.54,39.92
warmup_1.mp4,620,148.27,101.61,91.2,52.15
warmup_1.mp4,630,153.08,106.03,77.45,54.51
warmup_1.mp4,640,147.69,98.26,102.4,39.02
warmup_1.mp4,650,150.79,103.33,86.08,41.41
warmup_1.mp4,660,169.81,128.68,18.91,41.04
warmup_1.mp4,670,168.11,137.13,17.9,35.33
warmup_1.mp4,680,172.58,145.04,17.89,27.49
warmup_1.mp4,690,175.04,137.35,14.57,31.47
warmup_1.mp4,700,147.04,104.41,92.03,26.76
warmup_1.mp4,710,145.91,101.85,98.86,23.38
warmup_1.mp4,720,145.46,128.02,56.58,26.18
warmup_1.mp4,730,159.18,108.82,98.61,52.59
warmup_1.mp4,740,152.19,100.57,116.26,51.44
warmup_1.mp4,750,155.39,97.38,107.58,46.78
warmup_1.mp4,760,158.16,150.89,54.58,31.06
warmup_1.mp4,770,166.9,106.86,24.81,31.95
warmup_1.mp4,780,158.57,128.48,34.87,37.51
warmup_1.mp4,790,128.16,119.98,52.31,37.15
warmup_1.mp4,800,148.36,122.48,68.19,32.5
warmup_1.mp4,810,141.66,125.1,81.2,44.31
warmup_1.mp4,820,154.79,134.85,53.6,37.37
warmup_1.mp4,830,138.29,146.81,50.74,32.19
warmup_1.mp4,840,151.21,131.51,63.2,39.84
warmup_1.mp4,850,150.21,112.3,66.9,30.31
warmup_1.mp4,860,171.91,136.29,29.42,35.88
warmup_1.mp4,880,160.11,139.83,17.03,36.06
warmup_1.mp4,890,163.56,132.33,47.16,37.53
warmup_1.mp4,900,153.06,97.24,122.69,52.36
warmup_1.mp4,910,145.72,137.39,102.1,103.28
warmup_1.mp4,920,144.77,108.64,95.95,58.87
warmup_1.mp4,930,144.61,110.8,113.51,29.66
warmup_1.mp4,940,149.79,107.45,84.54,25.53
warmup_1.mp4,950,176.2,137.64,13.7,24.45
warmup_1.mp4,960,172.63,138.06,16.66,26.79
warmup_1.mp4,970,175.72,137.43,14.81,27.04
warmup_1.mp4,980,174.37,137.35,12.7,32.46
warmup_1.mp4,990,146.87,106.4,75.43,26.88
warmup_1.mp4,1000,149.09,106.53,95.98,29.6
warmup_1.mp4,1010,147.54,107.74,93.41,33.62
warmup_1.mp4,1020,146.83,123.15,53.77,31.32
warmup_1.mp4,1030,154.61,108.45,109.33,61.08
warmup_1.mp4,1040,140.65,107.59,104.8,48.75
warmup_1.mp4,1050,165.28,148.02,31.87,38.87
warmup_1.mp4,1060,171.5,146.33,3.01,30.96
warmup_1.mp4,1070,154.99,134.01,64.61,37.07
warmup_1.mp4,1080,157.38,140.73,30.25,39.25
warmup_1.mp4,1090,140.64,126.51,74.99,36.6
warmup_1.mp4,1100,151.81,139.02,79.44,37.71
warmup_1.mp4,1110,146.01,130.45,47.87,42.64
warmup_1.mp4,1120,163.26,153.23,23.08,34.83
warmup_1.mp4,1130,154.87,150.5,43.85,35.76
warmup_1.mp4,1140,129.45,169.25,73.32,24.55
warmup_1.mp4,1150,172.96,140.23,34.02,34.73
warmup_1.mp4,1170,154.86,163.18,69.21,29.23
warmup_1.mp4,1180,157.94,134.06,86.46,36.21
warmup_1.mp4,1190,155.96,95.31,136.47,51.21
warmup_1.mp4,1200,161.93,137.09,123.83,101.51
warmup_1.mp4,1210,147.51,102.47,99.49,52.5
warmup_1.mp4,1220,145.68,110.47,104.74,29.44
warmup_1.mp4,1230,147.65,105.89,81.12,36.75
warmup_1.mp4,1240,164.37,135.17,20.11,31.34
warmup_1.mp4,1250,171.81,139.42,19.33,28.44
warmup_1.mp4,1260,172.74,142.4,18.82,29.78
warmup_1.mp4,1270,170.29,137.02,14.69,30.72
warmup_1.mp4,1280,139.71,102.32,63.44,31.92
warmup_1.mp4,1290,142.4,103.32,88.16,28.57
warmup_1.mp4,1300,146.07,112.71,76.81,28.88
warmup_1.mp4,1310,159.29,134.57,39.64,35.31
warmup_1.mp4,1320,146.81,104.29,117.31,60.18
warmup_1.mp4,1330,145.11,91.99,115.03,49.09
warmup_1.mp4,1340,160.81,153.47,32.58,30.93
warmup_1.mp4,1350,167.01,164.12,19.6,23.17
warmup_1.mp4,1360,130.69,126.86,42.39,39.29
warmup_1.mp4,1370,127.87,131.79,46.79,36.49
warmup_1.mp4,1380,147.45,74.74,46.85,39.09
warmup_1.mp4,1390,142.45,111.46,94.95,40.29
warmup_1.mp4,1400,135.06,134.85,48.1,38.91
warmup_1.mp4,1410,126.6,133.56,40.94,36.63
warmup_1.mp4,1420,152.95,171.07,36.05,22.23
warmup_1.mp4,1430,159.08,119.9,28.11,40.23
warmup_1.mp4,1440,168.18,162.75,11.42,31.43
warmup_1.mp4,1450,170.32,138.11,11.34,29.86
warmup_1.mp4,1460,163.91,118.22,26.73,33.68
warmup_1.mp4,1470,153.43,122.18,113.82,34.9
warmup_1.mp4,1480,157.67,102.18,127.37,53.69
warmup_1.mp4,1490,151.0,113.38,41.42,42.52
warmup_1.mp4,1500,148.24,116.16,39.09,40.43
warmup_1.mp4,1510,144.1,103.29,95.61,35.72
warmup_1.mp4,1520,148.4,106.24,115.39,35.7
warmup_1.mp4,1530,163.02,122.32,31.42,37.83
warmup_1.mp4,1540,163.1,128.79,21.68,34.77
warmup_1.mp4,1550,155.08,129.76,31.27,35.36
warmup_1.mp4,1560,155.19,127.66,29.83,29.01
warmup_1.mp4,1570,160.52,130.01,29.17,26.07
warmup_1.mp4,1580,163.96,130.45,27.1,25.14
warmup_1.mp4,1590,163.04,128.49,28.59,28.98
warmup_1.mp4,1600,165.74,128.34,28.54,31.42
warmup_10.mp4,10,136.46,158.79,27.64,29.42
warmup_10.mp4,20,136.02,158.18,27.4,30.7
warmup_10.mp4,30,137.3,157.46,26.81,29.86
warmup_10.mp4,40,135.24,157.57,26.74,31.43
warmup_10.mp4,50,136.02,157.44,26.17,31.4
warmup_10.mp4,60,136.12,157.6,26.29,31.73
warmup_10.mp4,70,136.02,156.24,25.95,32.52
warmup_10.mp4,80,138.09,143.92,42.42,67.2
warmup_10.mp4,90,138.74,151.64,78.64,96.38
warmup_10.mp4,100,90.26,123.41,92.23,101.53
warmup_10.mp4,110,123.56,127.81,97.76,101.65
warmup_10.mp4,120,133.05,151.11,98.69,110.08
warmup_10.mp4,130,117.23,130.02,100.4,101.84
warmup_10.mp4,140,133.05,151.86,87.26,106.67
warmup_10.mp4,150,111.22,156.36,93.61,100.58
warmup_10.mp4,160,148.55,162.42,94.86,97.38
warmup_10.mp4,170,172.22,172.0,85.17,90.13
warmup_10.mp4,180,164.66,153.04,99.59,105.62
warmup_10.mp4,190,171.22,157.96,101.46,104.48
warmup_10.mp4,200,137.24,167.52,94.91,101.6
warmup_10.mp4,210,148.26,141.5,104.46,102.4
warmup_10.mp4,220,135.83,142.92,101.85,118.36
warmup_10.mp4,230,116.94,131.37,97.85,104.12
warmup_10.mp4,240,136.87,136.19,98.7,98.23
warmup_10.mp4,250,136.78,149.36,93.74,107.39
warmup_10.mp4,260,47.91,108.41,80.95,99.95
warmup_10.mp4,270,136.41,137.2,96.83,101.94
warmup_10.mp4,280,117.77,154.53,92.26,105.53
warmup_10.mp4,290,148.8,151.11,97.4,99.76
warmup_10.mp4,300,144.88,170.62,80.25,90.25
warmup_10.mp4,310,166.81,159.46,98.56,102.07
warmup_10.mp4,320,179.83,157.14,104.26,109.42
warmup_10.mp4,330,177.19,173.88,90.36,89.41
warmup_10.mp4,340,143.33,140.94,99.24,96.51
warmup_10.mp4,350,101.59,142.44,85.7,114.54
warmup_10.mp4,360,116.26,130.9,98.2,105.46
warmup_10.mp4,370,137.63,133.53,100.24,97.35
warmup_10.mp4,380,137.88,140.98,93.75,105.87
warmup_10.mp4,390,136.56,126.87,92.89,91.56
warmup_10.mp4,400,138.94,134.01,100.26,94.17
warmup_10.mp4,410,97.89,149.81,79.83,108.32
warmup_10.mp4,420,155.46,150.21,96.25,95.92
warmup_10.mp4,430,162.53,177.42,83.22,86.44
warmup_10.mp4,440,177.11,174.4,80.6,92.72
warmup_10.mp4,450,169.62,162.55,91.96,100.05
warmup_10.mp4,460,175.95,177.06,87.31,90.21
warmup_10.mp4,470,147.76,164.84,85.99,97.27
warmup_10.mp4,480,146.72,141.97,86.28,103.83
warmup_10.mp4,490,133.16,135.12,94.61,107.09
warmup_10.mp4,500,144.8,134.03,95.36,94.85
warmup_10.mp4,510,132.51,131.86,98.97,102.62
warmup_10.mp4,520,120.47,129.93,93.69,98.11
warmup_10.mp4,530,140.36,131.37,98.22,91.92
warmup_10.mp4,540,141.49,154.29,88.5,108.39
warmup_10.mp4,550,149.71,161.91,94.76,97.26
warmup_10.mp4,560,174.04,166.48,87.47,94.19
warmup_10.mp4,570,166.32,174.99,82.31,90.74
warmup_10.mp4,580,175.4,171.77,84.39,98.08
warmup_10.mp4,590,175.46,170.51,81.2,92.37
warmup_10.mp4,600,161.38,173.47,74.99,90.68
warmup_10.mp4,610,164.47,158.24,82.72,102.43
warmup_10.mp4,620,143.54,146.74,94.34,109.02
warmup_10.mp4,630,132.28,130.69,96.51,99.02
warmup_10.mp4,640,143.06,136.31,98.54,94.75
warmup_10.mp4,650,136.21,137.72,94.42,103.77
warmup_10.mp4,660,132.13,130.32,97.8,99.89
warmup_10.mp4,670,140.93,131.03,99.57,93.87
warmup_10.mp4,680,140.46,157.84,87.93,108.23
warmup_10.mp4,690,130.94,158.71,94.13,98.44
warmup_10.mp4,700,173.57,168.27,81.4,88.31
warmup_10.mp4,710,172.94,175.89,85.14,88.78
warmup_10.mp4,720,174.9,165.97,84.25,94.7
warmup_10.mp4,730,174.03,164.12,85.9,96.1
warmup_10.mp4,740,174.81,177.23,83.3,87.4
warmup_10.mp4,750,144.09,161.95,92.36,102.85
warmup_10.mp4,760,163.14,159.58,85.78,99.76
warmup_10.mp4,770,128.41,142.11,59.07,91.24
warmup_10.mp4,780,137.56,142.08,36.27,54.41
warmup_10.mp4,790,145.54,148.16,26.18,27.26
warmup_10.mp4,800,137.02,147.22,23.95,33.9
warmup_10.mp4,810,133.8,146.5,23.81,32.3
warmup_10.mp4,820,137.02,142.01,25.02,38.43
warmup_10.mp4,830,134.95,149.32,25.44,33.42
warmup_10.mp4,840,135.72,155.0,24.37,29.35
warmup_11.mp4,10,159.83,136.54,26.87,35.58
warmup_11.mp4,20,159.8,135.1,27.1,38.55
warmup_11.mp4,30,159.78,136.54,26.97,39.07
warmup_11.mp4,40,160.43,136.34,26.84,38.09
warmup_11.mp4,50,159.26,136.06,26.68,38.21
warmup_11.mp4,60,161.1,137.71,26.78,35.06
warmup_11.mp4,70,152.46,137.77,27.8,31.56
warmup_11.mp4,80,136.27,141.88,63.48,49.9
warmup_11.mp4,90,141.64,137.58,59.01,45.68
warmup_11.mp4,100,144.28,135.23,64.09,46.2
warmup_11.mp4,110,144.93,135.84,63.41,45.14
warmup_11.mp4,120,145.69,135.33,69.54,49.5
warmup_11.mp4,130,145.04,140.11,65.01,49.35
warmup_11.mp4,140,151.01,143.5,73.08,53.86
warmup_11.mp4,150,150.53,139.23,74.8,51.59
warmup_11.mp4,160,150.25,139.17,68.76,47.51
warmup_11.mp4,170,149.63,139.09,67.46,48.21
warmup_11.mp4,180,151.25,136.5,75.51,47.13
warmup_11.mp4,190,148.77,142.46,71.01,56.45
warmup_11.mp4,200,146.46,139.9,65.62,50.75
warmup_11.mp4,210,149.35,136.69,75.15,52.1
warmup_11.mp4,220,147.51,141.61,71.57,57.51
warmup_11.mp4,230,145.37,140.41,65.58,51.62
warmup_11.mp4,240,151.46,137.73,80.1,57.3
warmup_11.mp4,250,150.68,141.07,73.9,53.05
warmup_11.mp4,260,147.06,142.17,69.24,57.1
warmup_11.mp4,270,145.92,142.06,67.9,56.35
warmup_11.mp4,280,150.53,142.58,71.57,52.85
warmup_11.mp4,290,148.2,140.85,69.84,51.08
warmup_11.mp4,300,148.33,139.77,72.33,53.44
warmup_11.mp4,310,145.84,141.48,69.9,57.92
warmup_11.mp4,320,144.36,141.09,66.64,55.2
warmup_11.mp4,330,148.07,142.77,65.98,51.54
warmup_11.mp4,340,148.22,139.55,66.08,49.82
warmup_11.mp4,350,145.14,144.03,64.83,54.3
warmup_11.mp4,360,146.11,141.54,65.2,52.35
warmup_11.mp4,370,148.57,139.83,72.0,53.09
warmup_11.mp4,380,146.57,142.37,72.21,60.88
warmup_11.mp4,390,143.52,141.68,62.99,54.13
warmup_11.mp4,400,148.09,141.56,69.36,57.04
warmup_11.mp4,410,148.25,142.91,70.81,57.19
warmup_11.mp4,420,144.23,142.85,66.22,55.75
warmup_11.mp4,430,142.72,141.57,67.33,57.0
warmup_11.mp4,440,149.36,138.7,76.52,55.89
warmup_11.mp4,450,148.0,140.52,70.71,54.64
warmup_11.mp4,460,145.3,140.42,66.18,52.38
warmup_11.mp4,470,143.43,140.1,64.43,51.61
warmup_11.mp4,480,145.11,139.5,62.41,49.65
warmup_11.mp4,490,143.54,142.99,66.69,60.72
warmup_11.mp4,500,137.1,128.79,42.49,32.04
warmup_11.mp4,510,152.9,137.59,33.89,41.47
warmup_11.mp4,520,155.2,137.49,30.62,36.4
warmup_11.mp4,530,156.51,130.69,31.58,38.5
warmup_11.mp4,540,149.75,132.46,29.63,35.53
warmup_11.mp4,550,155.94,131.2,30.46,40.07
warmup_11.mp4,560,158.37,134.67,30.18,40.7
warmup_12.mp4,10,164.32,135.73,27.14,35.12
warmup_12.mp4,20,163.18,135.22,26.79,32.42
warmup_12.mp4,30,163.38,135.48,26.55,32.69
warmup_12.mp4,40,166.56,132.1,27.06,32.24
warmup_12.mp4,50,161.84,133.86,27.15,31.39
warmup_12.mp4,60,160.32,131.84,27.63,32.17
warmup_12.mp4,70,162.04,134.65,27.27,31.6
warmup_12.mp4,80,147.0,133.43,34.22,32.39
warmup_12.mp4,90,114.97,131.95,57.88,66.02
warmup_12.mp4,100,122.35,134.89,75.83,78.35
warmup_12.mp4,110,108.06,133.77,71.47,66.59
warmup_12.mp4,120,76.12,116.25,62.43,58.62
warmup_12.mp4,130,95.01,127.42,56.61,58.24
warmup_12.mp4,140,122.65,138.12,58.0,60.42
warmup_12.mp4,150,81.07,107.66,56.68,58.76
warmup_12.mp4,160,97.05,122.32,65.06,89.33
warmup_12.mp4,170,65.64,70.77,54.91,51.2
warmup_12.mp4,180,78.56,103.13,51.51,44.3
warmup_12.mp4,190,124.41,124.89,35.84,41.25
warmup_12.mp4,200,55.8,123.3,57.79,41.39
warmup_12.mp4,210,115.86,172.7,43.29,10.37
warmup_12.mp4,220,99.48,160.46,54.14,14.78
warmup_12.mp4,230,116.65,100.65,55.21,29.75
warmup_12.mp4,240,100.24,130.55,67.17,48.85
warmup_12.mp4,250,105.43,122.95,62.99,59.47
warmup_12.mp4,260,116.21,125.78,80.23,93.59
warmup_12.mp4,270,72.67,93.03,57.62,89.75
warmup_12.mp4,280,128.01,123.6,34.87,38.78
warmup_12.mp4,290,94.76,102.56,47.43,49.61
warmup_12.mp4,300,101.66,77.09,45.57,54.85
warmup_12.mp4,310,149.96,163.61,22.67,30.05
warmup_12.mp4,320,151.08,168.16,20.81,6.9
warmup_12.mp4,330,87.66,123.76,80.33,15.96
warmup_12.mp4,340,75.98,91.21,69.01,12.69
warmup_12.mp4,350,73.63,111.9,69.36,28.89
warmup_12.mp4,360,114.8,136.67,74.12,64.8
warmup_12.mp4,370,94.21,113.78,62.12,87.01
warmup_12.mp4,380,80.45,101.23,63.79,92.19
warmup_12.mp4,390,134.54,127.23,34.63,37.4
warmup_12.mp4,400,80.23,64.13,56.92,52.87
warmup_12.mp4,410,106.68,26.58,39.34,61.44
warmup_12.mp4,420,147.12,102.07,26.18,48.12
warmup_12.mp4,430,156.87,162.04,10.3,29.74
warmup_12.mp4,440,148.99,164.1,38.69,16.37
warmup_12.mp4,450,77.02,119.59,77.78,2.13
warmup_12.mp4,460,123.02,97.63,88.5,13.19
warmup_12.mp4,470,114.06,132.7,72.38,39.66
warmup_12.mp4,480,121.22,134.56,84.74,77.97
warmup_12.mp4,490,89.18,116.47,57.98,88.03
warmup_12.mp4,500,95.32,105.82,77.74,99.77
warmup_12.mp4,510,122.67,124.11,37.8,38.24
warmup_12.mp4,520,90.77,98.31,53.46,47.75
warmup_12.mp4,530,89.15,56.26,48.93,52.31
warmup_12.mp4,540,146.57,157.69,17.34,27.35
warmup_12.mp4,550,154.11,163.28,17.63,39.26
warmup_12.mp4,560,162.02,172.54,18.78,12.71
warmup_12.mp4,570,129.79,130.97,104.19,68.42
warmup_12.mp4,580,95.52,95.36,79.4,15.23
warmup_12.mp4,590,85.38,122.33,71.56,42.33
warmup_12.mp4,600,122.7,140.85,71.0,60.07
warmup_12.mp4,610,96.77,126.66,69.46,83.51
warmup_12.mp4,620,79.79,107.75,63.32,95.77
warmup_12.mp4,630,131.29,134.93,36.43,38.31
warmup_12.mp4,640,94.12,105.37,42.84,48.2
warmup_12.mp4,650,121.69,35.98,34.23,59.68
warmup_12.mp4,660,150.43,141.76,28.05,35.97
warmup_12.mp4,670,166.46,169.55,14.15,33.53
warmup_12.mp4,680,76.83,127.77,67.83,18.45
warmup_12.mp4,690,123.92,119.68,101.75,49.76
warmup_12.mp4,700,101.85,94.6,85.06,12.7
warmup_12.mp4,710,74.55,109.59,67.28,31.49
warmup_12.mp4,720,114.66,139.79,64.22,56.55
warmup_12.mp4,730,97.17,122.71,58.02,53.69
warmup_12.mp4,740,101.84,124.9,62.11,55.7
warmup_12.mp4,750,119.25,142.27,68.86,56.03
warmup_12.mp4,760,82.59,109.82,61.71,24.58
warmup_12.mp4,770,139.5,114.0,97.01,31.84
warmup_12.mp4,780,145.59,170.35,19.16,9.29
warmup_12.mp4,790,156.7,173.62,15.53,40.68
warmup_12.mp4,800,151.04,161.57,30.01,38.34
warmup_12.mp4,810,151.56,114.51,21.53,40.63
warmup_12.mp4,820,79.82,104.63,46.39,50.13
warmup_12.mp4,830,105.09,128.74,41.82,47.16
warmup_12.mp4,840,86.39,84.33,56.24,64.88
warmup_12.mp4,850,95.53,129.3,61.37,52.79
warmup_12.mp4,860,91.15,118.32,63.28,33.12
warmup_12.mp4,870,72.82,107.48,67.56,21.72
warmup_12.mp4,880,90.86,98.39,65.38,8.92
warmup_12.mp4,890,122.01,111.17,92.45,28.04
warmup_12.mp4,900,170.25,175.36,13.23,36.57
warmup_12.mp4,910,168.41,168.97,20.6,36.07
warmup_12.mp4,920,166.7,142.83,17.46,40.47
warmup_12.mp4,930,97.09,47.97,41.25,60.81
warmup_12.mp4,940,99.71,124.74,41.38,49.8
warmup_12.mp4,950,115.87,133.21,59.94,76.37
warmup_12.mp4,960,71.62,100.77,61.59,52.82
warmup_12.mp4,970,113.42,139.18,70.88,61.09
warmup_12.mp4,980,72.34,94.84,69.17,20.06
warmup_12.mp4,990,73.94,85.18,71.95,7.65
warmup_12.mp4,1000,85.97,147.63,66.24,15.17
warmup_12.mp4,1010,125.45,172.4,32.81,9.25
warmup_12.mp4,1020,159.43,175.81,8.98,31.04
warmup_12.mp4,1030,175.06,155.84,14.11,32.1
warmup_12.mp4,1040,114.5,132.51,41.72,32.89
warmup_12.mp4,1050,73.97,42.04,52.13,90.94
warmup_12.mp4,1060,93.69,135.71,46.03,45.45
warmup_12.mp4,1070,87.19,90.76,55.12,55.54
warmup_12.mp4,1080,76.04,129.56,62.76,53.76
warmup_12.mp4,1090,104.81,130.59,73.62,52.44
warmup_12.mp4,1100,88.03,101.08,73.41,28.66
warmup_12.mp4,1110,86.82,86.74,63.52,10.69
warmup_12.mp4,1120,112.44,165.41,52.57,23.03
warmup_12.mp4,1130,159.79,175.46,35.53,31.3
warmup_12.mp4,1140,178.42,164.24,4.97,27.96
warmup_12.mp4,1150,122.98,135.13,30.0,26.77
warmup_12.mp4,1160,93.5,72.56,116.27,115.62
warmup_12.mp4,1170,107.83,138.85,40.03,44.57
warmup_12.mp4,1180,89.74,117.85,56.69,69.54
warmup_12.mp4,1190,89.98,83.19,57.01,49.2
warmup_12.mp4,1200,105.26,136.46,69.99,58.65
warmup_12.mp4,1210,81.78,128.27,66.54,53.19
warmup_12.mp4,1220,74.07,106.45,60.49,49.25
warmup_12.mp4,1230,109.34,119.81,73.4,62.54
warmup_12.mp4,1240,124.31,131.46,49.03,45.02
warmup_12.mp4,1250,149.27,128.01,34.97,30.34
warmup_12.mp4,1260,157.64,131.28,27.16,32.21
warmup_12.mp4,1270,157.5,134.03,26.21,29.67
warmup_12.mp4,1280,154.59,132.67,31.45,34.27
warmup_12.mp4,1290,155.88,131.81,31.69,34.71
warmup_12.mp4,1300,154.75,130.62,29.68,34.29
warmup_13.mp4,10,139.55,155.02,20.6,31.14
warmup_13.mp4,20,141.6,155.36,20.68,31.42
warmup_13.mp4,30,138.09,158.37,21.0,30.47
warmup_13.mp4,40,139.6,153.33,21.4,31.38
warmup_13.mp4,50,138.98,154.01,21.65,31.22
warmup_13.mp4,60,137.76,153.1,21.48,30.21
warmup_13.mp4,70,138.23,155.01,21.91,29.27
warmup_13.mp4,80,140.27,154.5,21.95,29.34
warmup_13.mp4,90,140.76,156.23,25.84,30.74
warmup_13.mp4,100,146.05,157.78,41.77,84.82
warmup_13.mp4,110,155.99,168.17,79.24,105.45
warmup_13.mp4,120,152.37,106.23,160.04,142.8
warmup_13.mp4,130,167.36,126.45,152.34,107.98
warmup_13.mp4,140,171.27,129.14,151.15,104.48
warmup_13.mp4,150,174.18,128.24,157.2,103.39
warmup_13.mp4,160,170.67,126.08,157.16,102.62
warmup_13.mp4,170,172.06,126.06,149.04,107.03
warmup_13.mp4,180,162.4,147.89,161.32,115.05
warmup_13.mp4,190,90.42,166.1,78.84,115.09
warmup_13.mp4,200,104.55,167.4,49.57,63.4
warmup_13.mp4,210,120.18,153.81,40.91,76.99
warmup_13.mp4,230,109.79,158.7,43.94,82.8
warmup_13.mp4,240,122.28,157.87,47.06,75.73
warmup_13.mp4,250,147.52,131.67,103.98,69.12
warmup_13.mp4,260,123.44,148.16,97.61,103.54
warmup_13.mp4,270,112.37,165.72,37.57,61.17
warmup_13.mp4,280,141.06,156.58,70.93,87.82
warmup_13.mp4,290,162.23,169.81,101.86,121.04
warmup_13.mp4,300,169.03,139.51,158.16,109.64
warmup_13.mp4,310,165.51,121.44,177.6,107.52
warmup_13.mp4,320,169.67,124.22,166.52,116.32
warmup_13.mp4,330,172.88,140.68,151.5,113.33
warmup_13.mp4,340,172.56,126.57,173.37,100.03
warmup_13.mp4,350,170.64,125.36,150.59,114.33
warmup_13.mp4,360,166.68,130.95,175.42,117.23
warmup_13.mp4,370,163.74,164.36,112.17,118.19
warmup_13.mp4,380,145.36,159.79,47.64,85.74
warmup_13.mp4,390,116.24,166.19,33.47,59.44
warmup_13.mp4,400,145.86,140.77,91.76,87.6
warmup_13.mp4,420,131.73,147.24,43.31,82.02
warmup_13.mp4,430,120.16,151.01,39.88,78.07
warmup_13.mp4,450,130.46,157.89,57.7,85.48
warmup_13.mp4,460,111.17,169.47,43.82,60.99
warmup_13.mp4,470,146.45,154.7,83.15,110.76
warmup_13.mp4,480,120.04,162.92,147.53,117.48
warmup_13.mp4,490,169.83,131.46,164.99,105.73
warmup_13.mp4,500,162.16,121.1,166.32,119.06
warmup_13.mp4,510,175.93,128.22,159.05,106.78
warmup_13.mp4,520,171.58,139.35,163.83,105.94
warmup_13.mp4,530,165.94,128.14,166.03,99.7
warmup_13.mp4,540,167.59,129.27,177.25,112.05
warmup_13.mp4,550,155.19,162.06,153.32,129.83
warmup_13.mp4,560,152.43,162.24,65.25,105.7
warmup_13.mp4,570,107.42,166.72,41.39,67.55
warmup_13.mp4,580,148.86,157.43,73.86,65.57
warmup_13.mp4,590,173.71,171.76,102.16,146.04
warmup_13.mp4,600,118.46,161.97,48.68,84.77
warmup_13.mp4,610,132.21,163.64,44.46,77.19
warmup_13.mp4,620,120.84,175.61,85.31,94.37
warmup_13.mp4,630,130.88,160.19,79.65,80.23
warmup_13.mp4,640,102.12,165.71,44.26,70.19
warmup_13.mp4,650,147.01,166.72,83.83,117.15
warmup_13.mp4,660,130.98,138.62,155.56,117.26
warmup_13.mp4,670,169.07,134.58,173.55,101.78
warmup_13.mp4,680,167.14,135.82,174.57,106.21
warmup_13.mp4,690,170.33,134.85,162.01,107.97
warmup_13.mp4,700,173.36,143.83,156.75,109.19
warmup_13.mp4,710,166.08,134.02,177.01,105.28
warmup_13.mp4,720,167.22,127.18,177.54,113.97
warmup_13.mp4,730,139.26,163.51,140.7,121.26
warmup_13.mp4,740,147.77,159.7,62.07,101.43
warmup_13.mp4,750,118.81,159.03,31.54,65.46
warmup_13.mp4,760,106.0,157.41,36.97,50.13
warmup_13.mp4,770,124.16,158.88,45.65,40.27
warmup_13.mp4,780,126.91,158.8,43.74,73.21
warmup_13.mp4,810,132.27,159.98,36.9,73.73
warmup_13.mp4,820,138.83,150.94,74.47,93.76
warmup_13.mp4,830,157.44,165.96,99.83,117.43
warmup_13.mp4,840,163.54,133.05,160.16,122.92
warmup_13.mp4,850,164.59,134.46,164.13,111.15
warmup_13.mp4,860,168.93,128.22,170.5,102.63
warmup_13.mp4,870,175.81,136.25,149.27,113.96
warmup_13.mp4,880,164.27,130.72,171.41,112.14
warmup_13.mp4,890,165.45,128.29,164.58,113.39
warmup_13.mp4,900,154.26,148.68,154.82,121.94
warmup_13.mp4,910,157.27,166.53,86.43,113.55
warmup_13.mp4,920,100.99,166.79,44.67,68.44
warmup_13.mp4,930,115.19,159.66,47.56,81.48
warmup_13.mp4,940,128.63,172.91,85.3,95.34
warmup_13.mp4,950,130.24,153.89,43.61,74.05
warmup_13.mp4,960,125.77,153.27,48.55,75.56
warmup_13.mp4,980,117.68,162.77,75.81,101.68
warmup_13.mp4,990,121.05,163.93,28.37,57.11
warmup_13.mp4,1000,131.59,161.01,43.0,75.71
warmup_13.mp4,1010,139.36,154.04,36.29,52.63
warmup_13.mp4,1020,135.19,152.69,29.93,29.49
warmup_13.mp4,1030,142.96,157.89,21.25,22.98
warmup_13.mp4,1040,146.09,165.05,21.27,30.94
warmup_13.mp4,1050,141.72,167.42,23.68,29.47
warmup_13.mp4,1060,145.35,161.52,20.92,29.57
warmup_13.mp4,1070,141.76,160.89,21.99,27.59
warmup_14.mp4,10,74.03,112.73,28.83,35.92
warmup_14.mp4,20,74.51,113.45,29.85,35.62
warmup_14.mp4,30,76.32,112.3,28.13,33.88
warmup_14.mp4,40,75.71,112.88,26.75,36.05
warmup_14.mp4,50,75.84,112.77,28.18,34.69
warmup_14.mp4,60,73.51,115.37,32.08,36.23
warmup_14.mp4,70,74.56,112.71,27.37,35.19
warmup_14.mp4,80,79.08,115.26,26.44,32.99
warmup_14.mp4,90,79.06,106.85,22.79,27.06
warmup_14.mp4,100,76.3,93.69,16.43,21.99
warmup_14.mp4,110,71.07,82.21,14.92,25.39
warmup_14.mp4,120,76.95,84.2,17.1,31.03
warmup_14.mp4,130,78.83,82.17,18.22,27.89
warmup_14.mp4,140,79.33,79.51,20.61,22.03
warmup_14.mp4,150,80.88,74.1,23.14,21.18
warmup_14.mp4,160,79.07,76.56,22.81,24.36
warmup_14.mp4,170,76.4,75.85,17.55,26.54
warmup_14.mp4,180,69.73,88.65,14.57,33.22
warmup_14.mp4,190,69.91,110.66,11.49,35.89
warmup_14.mp4,200,67.01,149.31,14.92,54.83
warmup_14.mp4,210,74.69,166.61,22.03,61.01
warmup_14.mp4,220,74.35,168.18,16.59,57.02
warmup_14.mp4,230,71.16,169.8,16.45,64.93
warmup_14.mp4,240,66.54,141.42,27.44,46.65
warmup_14.mp4,250,66.08,99.57,12.62,32.66
warmup_14.mp4,260,78.72,93.06,13.79,24.68
warmup_14.mp4,270,77.14,85.83,16.92,19.6
warmup_14.mp4,280,77.06,75.37,20.63,17.39
warmup_14.mp4,290,75.07,76.11,19.25,16.57
warmup_14.mp4,300,75.8,80.74,14.35,17.96
warmup_14.mp4,310,69.65,102.26,12.8,40.62
warmup_14.mp4,320,68.56,114.41,11.1,36.63
warmup_14.mp4,330,71.16,146.91,16.29,54.61
warmup_14.mp4,340,76.71,167.18,17.69,61.16
warmup_14.mp4,350,78.82,166.43,12.83,66.25
warmup_14.mp4,360,70.71,157.57,15.9,59.84
warmup_14.mp4,370,66.03,116.67,23.51,27.84
warmup_14.mp4,380,65.02,97.93,7.1,34.82
warmup_14.mp4,390,73.16,88.91,12.89,22.09
warmup_14.mp4,400,71.23,80.95,17.01,16.93
warmup_14.mp4,410,76.6,82.37,19.91,17.47
warmup_14.mp4,420,74.06,79.77,16.52,17.0
warmup_14.mp4,430,71.38,85.48,12.49,22.99
warmup_14.mp4,440,64.18,102.19,10.66,31.59
warmup_14.mp4,450,65.66,126.63,21.59,33.36
warmup_14.mp4,460,69.22,151.4,16.41,54.13
warmup_14.mp4,470,74.9,156.99,15.13,52.75
warmup_14.mp4,480,77.16,160.05,16.22,50.4
warmup_14.mp4,490,68.41,146.16,19.41,48.3
warmup_14.mp4,500,66.05,118.94,19.69,34.3
warmup_14.mp4,510,65.58,87.58,7.35,27.84
warmup_14.mp4,520,73.27,88.06,15.39,21.39
warmup_14.mp4,530,77.45,82.58,17.97,18.34
warmup_14.mp4,540,77.97,80.85,20.39,17.23
warmup_14.mp4,550,74.6,81.78,16.79,17.21
warmup_14.mp4,560,74.35,87.69,10.59,23.09
warmup_14.mp4,570,67.34,107.79,12.73,29.11
warmup_14.mp4,580,65.3,124.29,30.86,31.43
warmup_14.mp4,590,71.15,154.24,16.45,55.77
warmup_14.mp4,600,70.17,157.74,14.1,52.56
warmup_14.mp4,610,71.94,154.87,21.85,42.37
warmup_14.mp4,620,71.13,159.02,22.61,52.94
warmup_14.mp4,630,65.65,131.44,25.57,38.22
warmup_14.mp4,640,63.64,94.13,6.74,29.54
warmup_14.mp4,650,72.8,88.81,14.13,20.69
warmup_14.mp4,660,74.59,80.94,16.07,18.0
warmup_14.mp4,670,77.52,80.2,20.63,17.49
warmup_14.mp4,680,73.17,80.93,17.72,16.35
warmup_14.mp4,690,70.4,87.35,10.4,23.76
warmup_14.mp4,700,62.62,100.68,6.6,35.3
warmup_14.mp4,710,63.28,121.46,19.01,34.29
warmup_14.mp4,720,66.89,144.64,19.81,49.04
warmup_14.mp4,730,69.09,160.13,14.86,63.42
warmup_14.mp4,740,72.09,166.7,24.94,52.1
warmup_14.mp4,750,69.74,160.94,13.42,66.0
warmup_14.mp4,760,69.4,157.79,21.04,55.95
warmup_14.mp4,770,73.68,140.09,20.99,40.64
warmup_14.mp4,780,78.1,131.79,26.14,26.79
warmup_14.mp4,790,73.72,140.18,30.36,31.07
warmup_14.mp4,800,73.2,172.95,41.58,45.94
warmup_14.mp4,810,81.69,160.81,18.3,74.63
warmup_14.mp4,820,82.97,159.8,27.51,73.1
warmup_14.mp4,830,85.07,153.1,32.57,75.2
warmup_14.mp4,840,83.93,149.96,32.21,71.35
warmup_14.mp4,850,83.11,160.43,28.04,69.64
warmup_14.mp4,860,68.93,164.0,23.49,59.97
warmup_14.mp4,870,73.09,120.64,16.89,27.46
warmup_14.mp4,880,72.27,107.72,9.82,21.36
warmup_14.mp4,890,75.84,107.49,9.8,20.58
warmup_14.mp4,900,76.13,103.93,7.74,20.58
warmup_14.mp4,910,72.94,103.31,12.48,20.51
warmup_14.mp4,920,66.46,130.59,15.13,45.08
warmup_14.mp4,930,78.37,168.25,27.65,49.92
warmup_14.mp4,940,95.96,161.31,35.64,64.09
warmup_14.mp4,950,92.36,154.73,24.73,73.85
warmup_14.mp4,960,90.72,157.32,29.47,72.71
warmup_14.mp4,970,79.47,167.35,20.74,60.52
warmup_14.mp4,980,70.59,150.03,21.48,43.25
warmup_14.mp4,990,71.95,105.66,14.65,24.25
warmup_14.mp4,1000,74.11,105.29,12.97,18.68
warmup_14.mp4,1010,75.37,103.95,13.15,18.71
warmup_14.mp4,1020,79.63,103.44,9.14,21.0
warmup_14.mp4,1030,73.65,106.26,13.29,22.43
warmup_14.mp4,1040,72.25,121.93,16.64,33.35
warmup_14.mp4,1050,76.38,159.29,15.52,53.01
warmup_14.mp4,1060,82.1,167.15,21.36,56.32
warmup_14.mp4,1070,82.81,160.59,27.46,66.22
warmup_14.mp4,1080,89.61,155.47,22.65,75.02
warmup_14.mp4,1090,80.97,164.23,30.94,59.7
warmup_14.mp4,1100,71.69,152.35,13.5,45.4
warmup_14.mp4,1110,75.77,121.53,16.96,29.64
warmup_14.mp4,1120,74.63,107.74,15.29,21.64
warmup_14.mp4,1130,82.55,120.17,15.06,17.38
warmup_14.mp4,1140,77.41,105.4,13.05,21.0
warmup_14.mp4,1150,77.12,110.45,14.55,19.76
warmup_14.mp4,1160,73.52,108.78,12.39,27.79
warmup_14.mp4,1170,73.12,138.25,15.12,49.73
warmup_14.mp4,1180,75.43,157.8,22.03,57.66
warmup_14.mp4,1190,84.86,165.16,21.74,69.41
warmup_14.mp4,1200,87.77,159.51,20.26,71.56
warmup_14.mp4,1210,86.03,162.55,15.89,71.02
warmup_14.mp4,1220,71.83,155.55,14.47,50.25
warmup_14.mp4,1230,71.54,117.65,15.29,34.58
warmup_14.mp4,1240,73.03,100.74,15.04,18.48
warmup_14.mp4,1250,75.52,106.67,16.22,16.04
warmup_14.mp4,1260,78.44,108.58,14.69,15.47
warmup_14.mp4,1270,76.19,104.65,10.55,21.36
warmup_14.mp4,1280,73.61,101.44,10.53,21.26
warmup_14.mp4,1290,66.69,131.45,13.81,43.07
warmup_14.mp4,1300,72.94,164.09,22.57,61.58
warmup_14.mp4,1310,82.57,165.55,35.38,62.48
warmup_14.mp4,1320,95.39,156.51,32.59,62.42
warmup_14.mp4,1330,89.05,159.87,18.16,73.11
warmup_14.mp4,1340,79.02,160.67,24.03,64.65
warmup_14.mp4,1350,70.5,147.08,12.92,53.31
warmup_14.mp4,1360,73.53,112.58,12.01,30.1
warmup_14.mp4,1370,72.44,96.29,14.31,18.51
warmup_14.mp4,1380,78.14,108.94,15.29,18.47
warmup_14.mp4,1390,73.36,96.09,13.12,15.79
warmup_14.mp4,1400,72.88,96.58,11.66,23.49
warmup_14.mp4,1410,73.44,95.86,12.78,24.39
warmup_14.mp4,1420,71.4,101.13,12.95,25.47
warmup_14.mp4,1430,70.64,103.99,13.74,22.56
warmup_14.mp4,1440,80.36,108.99,19.46,18.1
warmup_14.mp4,1450,83.42,117.38,27.34,22.57
warmup_14.mp4,1460,77.44,106.42,23.55,24.52
warmup_14.mp4,1470,77.72,107.1,25.93,31.79
warmup_14.mp4,1480,81.79,106.2,22.85,30.71
warmup_14.mp4,1490,75.73,111.93,33.53,34.37
warmup_14.mp4,1500,74.79,112.77,34.01,33.5
warmup_14.mp4,1510,79.13,112.16,26.59,32.44
warmup_15.mp4,10,104.7,78.55,25.17,20.93
warmup_15.mp4,20,103.96,78.74,26.53,19.88
warmup_15.mp4,30,103.08,78.8,26.42,19.74
warmup_15.mp4,40,105.68,79.1,25.56,22.0
warmup_15.mp4,50,105.92,80.15,26.09,21.67
warmup_15.mp4,60,103.46,79.03,25.56,19.92
warmup_15.mp4,70,104.82,79.69,26.74,19.34
warmup_15.mp4,80,104.96,80.16,26.26,19.8
warmup_15.mp4,90,107.15,81.16,27.74,19.44
warmup_15.mp4,100,100.86,77.07,23.8,15.05
warmup_15.mp4,110,95.7,71.92,25.86,11.9
warmup_15.mp4,120,92.01,77.16,22.98,10.53
warmup_15.mp4,130,92.84,72.99,22.76,9.5
warmup_15.mp4,140,96.94,70.24,26.26,8.58
warmup_15.mp4,150,93.94,74.0,22.74,9.87
warmup_15.mp4,160,92.89,75.14,24.04,8.91
warmup_15.mp4,170,96.98,71.18,23.2,10.19
warmup_15.mp4,180,97.15,75.04,24.55,8.69
warmup_15.mp4,190,90.7,75.88,22.63,9.27
warmup_15.mp4,200,95.1,73.54,27.05,9.07
warmup_15.mp4,210,93.87,71.74,26.31,8.33
warmup_15.mp4,220,94.97,75.45,23.57,8.4
warmup_15.mp4,230,94.08,74.21,22.72,9.42
warmup_15.mp4,240,100.52,69.31,27.7,9.41
warmup_15.mp4,250,104.56,69.66,33.0,9.9
warmup_15.mp4,260,93.42,74.4,24.29,5.8
warmup_15.mp4,270,96.66,73.13,24.02,8.88
warmup_15.mp4,280,102.13,73.57,21.39,10.36
warmup_15.mp4,290,100.49,70.66,26.16,8.88
warmup_15.mp4,300,98.48,71.18,29.59,7.06
warmup_15.mp4,310,106.77,73.27,38.28,9.54
warmup_15.mp4,320,99.69,74.34,28.08,5.7
warmup_15.mp4,330,96.02,72.71,24.76,8.95
warmup_15.mp4,340,104.31,69.01,34.62,9.02
warmup_15.mp4,350,99.79,69.08,31.82,9.18
warmup_15.mp4,360,102.74,71.55,29.05,10.56
warmup_15.mp4,370,106.58,69.67,41.21,6.72
warmup_15.mp4,380,127.61,72.12,55.21,7.11
warmup_15.mp4,390,112.9,70.44,44.38,5.3
warmup_15.mp4,400,107.57,70.89,35.3,8.76
warmup_15.mp4,410,117.64,71.7,47.41,7.14
warmup_15.mp4,420,124.48,71.03,52.69,8.11
warmup_15.mp4,430,113.21,69.24,38.48,13.23
warmup_15.mp4,440,105.78,70.1,34.21,8.26
warmup_15.mp4,450,124.12,73.95,53.04,8.87
warmup_15.mp4,460,120.98,70.43,49.57,7.96
warmup_15.mp4,470,111.59,68.35,40.55,7.95
warmup_15.mp4,480,111.47,71.89,32.77,8.52
warmup_15.mp4,490,102.42,74.76,25.5,5.81
warmup_15.mp4,500,105.38,73.86,34.08,9.24
warmup_15.mp4,510,112.9,74.28,37.95,8.14
warmup_15.mp4,520,104.36,72.34,26.94,12.5
warmup_15.mp4,530,112.29,74.56,31.69,10.7
warmup_15.mp4,540,112.02,71.22,30.93,12.05
warmup_15.mp4,550,128.96,75.47,41.69,21.64
warmup_15.mp4,560,119.89,73.02,38.41,15.66
warmup_15.mp4,570,111.83,72.91,32.79,9.66
warmup_15.mp4,580,117.99,76.0,31.47,18.08
warmup_15.mp4,590,120.68,76.73,38.82,15.13
warmup_15.mp4,600,114.44,71.17,36.52,12.08
warmup_15.mp4,610,115.18,71.55,33.55,11.74
warmup_15.mp4,620,120.92,73.86,37.28,14.81
warmup_15.mp4,630,127.37,75.24,45.74,17.0
warmup_15.mp4,640,120.07,74.74,37.0,17.37
warmup_15.mp4,650,106.89,71.87,32.0,8.9
warmup_15.mp4,660,110.51,72.34,28.95,14.1
warmup_15.mp4,670,120.29,75.35,33.67,21.31
warmup_15.mp4,680,111.66,71.72,34.63,14.84
warmup_15.mp4,690,109.52,73.31,31.45,10.55
warmup_15.mp4,700,112.5,74.18,29.63,10.81
warmup_15.mp4,710,121.41,76.62,35.14,16.77
warmup_15.mp4,720,106.13,73.76,29.79,10.63
warmup_15.mp4,730,102.4,81.51,26.39,8.33
warmup_15.mp4,740,99.83,80.6,29.12,8.46
warmup_15.mp4,750,102.21,72.26,30.57,10.15
warmup_15.mp4,760,97.68,73.86,25.35,8.66
warmup_15.mp4,770,93.7,74.61,25.8,9.88
warmup_15.mp4,780,94.25,74.89,24.8,8.29
warmup_15.mp4,790,106.79,76.55,29.6,8.96
warmup_15.mp4,800,103.08,74.39,24.6,12.32
warmup_15.mp4,810,96.02,76.17,24.07,8.99
warmup_15.mp4,820,94.85,75.2,22.61,10.06
warmup_15.mp4,830,105.13,77.26,27.49,8.47
warmup_15.mp4,840,99.56,75.68,25.26,10.6
warmup_15.mp4,850,98.83,77.36,26.22,8.03
warmup_15.mp4,860,97.28,74.73,23.59,9.39
warmup_15.mp4,870,108.92,79.15,29.41,11.83
warmup_15.mp4,880,99.8,76.44,25.33,10.18
warmup_15.mp4,890,96.78,74.5,26.45,9.7
warmup_15.mp4,900,96.88,75.57,22.86,9.8
warmup_15.mp4,910,103.81,77.6,26.02,11.0
warmup_15.mp4,920,102.81,75.39,25.3,11.39
warmup_15.mp4,930,97.28,73.93,22.92,9.59
warmup_15.mp4,940,97.5,74.16,23.37,8.78
warmup_15.mp4,950,96.48,73.56,28.82,8.15
warmup_15.mp4,960,100.52,75.87,26.94,10.1
warmup_15.mp4,970,106.83,76.75,30.75,13.64
warmup_15.mp4,980,100.18,75.43,23.19,15.21
warmup_15.mp4,990,104.55,79.29,21.6,17.34
warmup_15.mp4,1000,104.32,77.34,23.86,16.95
warmup_15.mp4,1010,105.45,80.22,24.59,18.22
warmup_15.mp4,1020,108.04,80.4,25.4,19.25
warmup_15.mp4,1030,109.62,83.09,24.55,17.93
warmup_16.mp4,10,75.97,109.98,22.24,33.68
warmup_16.mp4,20,74.42,111.48,24.16,35.58
warmup_16.mp4,30,75.59,109.61,23.72,35.07
warmup_16.mp4,40,75.54,111.65,26.17,34.97
warmup_16.mp4,50,76.5,113.7,25.1,35.4
warmup_16.mp4,60,75.74,113.33,27.72,36.05
warmup_16.mp4,70,75.99,112.9,25.35,35.93
warmup_16.mp4,80,78.42,115.4,30.95,33.56
warmup_16.mp4,90,79.91,125.98,28.75,34.93
warmup_16.mp4,100,71.45,116.89,15.59,39.29
warmup_16.mp4,110,82.91,116.35,19.19,43.53
warmup_16.mp4,120,92.53,117.0,30.34,50.1
warmup_16.mp4,130,103.99,119.32,54.26,50.51
warmup_16.mp4,140,103.79,75.45,81.61,32.03
warmup_16.mp4,150,94.26,72.25,72.74,20.79
warmup_16.mp4,160,93.58,67.87,77.08,12.57
warmup_16.mp4,170,112.68,97.49,90.31,33.76
warmup_16.mp4,180,129.27,102.05,103.49,36.29
warmup_16.mp4,190,106.01,107.77,59.71,38.07
warmup_16.mp4,200,70.35,107.57,22.02,37.58
warmup_16.mp4,210,73.66,112.12,20.6,27.33
warmup_16.mp4,220,80.36,110.77,16.26,22.08
warmup_16.mp4,230,75.17,115.45,19.98,23.25
warmup_16.mp4,240,76.3,125.57,14.3,33.56
warmup_16.mp4,250,63.78,136.14,37.01,34.63
warmup_16.mp4,260,77.38,126.93,33.66,84.93
warmup_16.mp4,270,115.69,141.61,91.1,95.36
warmup_16.mp4,280,108.52,121.32,22.36,55.42
warmup_16.mp4,290,142.66,128.91,44.56,65.19
warmup_16.mp4,300,108.79,126.14,7.64,42.82
warmup_16.mp4,310,74.38,95.55,34.78,45.91
warmup_16.mp4,320,69.44,120.01,17.29,91.98
warmup_16.mp4,330,65.99,138.32,20.88,61.73
warmup_16.mp4,340,73.42,114.14,13.07,36.1
warmup_16.mp4,350,77.83,108.81,14.63,28.99
warmup_16.mp4,360,80.3,107.22,18.34,18.88
warmup_16.mp4,370,79.96,102.3,12.99,22.79
warmup_16.mp4,380,85.1,102.38,18.07,26.32
warmup_16.mp4,390,88.61,98.97,36.86,34.32
warmup_16.mp4,400,109.44,78.85,62.09,45.86
warmup_16.mp4,410,126.11,67.81,82.12,61.04
warmup_16.mp4,420,96.12,75.39,78.47,19.62
warmup_16.mp4,430,103.04,94.68,73.91,45.34
warmup_16.mp4,440,109.34,69.55,80.99,28.09
warmup_16.mp4,450,117.82,84.29,92.51,25.97
warmup_16.mp4,460,114.38,96.94,73.1,27.17
warmup_16.mp4,470,72.74,103.29,23.88,25.59
warmup_16.mp4,480,78.64,101.15,14.12,23.03
warmup_16.mp4,490,81.72,105.9,14.74,21.19
warmup_16.mp4,500,78.8,116.86,19.24,26.21
warmup_16.mp4,510,71.72,120.71,21.45,36.42
warmup_16.mp4,520,63.73,123.53,35.48,53.61
warmup_16.mp4,530,74.94,121.72,29.0,71.78
warmup_16.mp4,540,117.59,104.99,79.37,62.11
warmup_16.mp4,550,128.93,115.09,29.67,51.49
warmup_16.mp4,560,120.76,110.2,43.09,52.63
warmup_16.mp4,570,78.85,126.69,32.92,32.29
warmup_16.mp4,580,90.71,95.36,20.43,66.21
warmup_16.mp4,590,57.66,115.95,26.88,67.74
warmup_16.mp4,600,67.5,117.16,12.19,43.4
warmup_16.mp4,610,79.15,110.8,16.77,33.53
warmup_16.mp4,620,82.9,110.94,20.06,27.3
warmup_16.mp4,630,82.19,111.87,18.47,25.2
warmup_16.mp4,640,83.5,115.71,17.28,37.61
warmup_16.mp4,650,91.79,106.48,33.27,41.1
warmup_16.mp4,660,101.84,76.22,58.75,37.34
warmup_16.mp4,670,133.28,66.62,91.89,52.57
warmup_16.mp4,680,92.82,78.14,85.54,13.79
warmup_16.mp4,690,82.98,126.81,71.13,80.81
warmup_16.mp4,700,119.09,75.5,88.12,27.72
warmup_16.mp4,710,116.58,88.59,85.5,24.66
warmup_16.mp4,720,92.6,100.84,46.25,39.23
warmup_16.mp4,730,81.22,113.83,19.53,27.9
warmup_16.mp4,740,82.7,103.04,14.87,22.43
warmup_16.mp4,750,81.95,105.29,14.71,22.84
warmup_16.mp4,760,81.16,118.7,19.83,26.81
warmup_16.mp4,770,73.76,116.7,14.95,33.89
warmup_16.mp4,780,70.52,139.27,43.0,55.39
warmup_16.mp4,790,69.28,122.77,34.59,71.43
warmup_16.mp4,800,107.65,120.54,16.72,50.26
warmup_16.mp4,810,163.6,123.28,61.52,55.62
warmup_16.mp4,820,154.73,128.68,54.29,56.61
warmup_16.mp4,830,103.73,128.99,3.55,25.76
warmup_16.mp4,840,83.34,89.05,23.9,70.1
warmup_16.mp4,850,61.43,137.6,41.55,63.38
warmup_16.mp4,860,74.72,129.43,19.3,44.68
warmup_16.mp4,870,80.53,109.96,19.51,34.5
warmup_16.mp4,880,82.85,111.7,20.08,23.72
warmup_16.mp4,890,75.83,115.59,18.54,29.92
warmup_16.mp4,900,79.14,114.49,14.08,37.88
warmup_16.mp4,910,87.16,99.87,31.17,40.16
warmup_16.mp4,920,115.14,78.59,65.83,45.42
warmup_16.mp4,930,136.66,72.62,96.56,60.58
warmup_16.mp4,940,94.13,82.48,72.0,20.45
warmup_16.mp4,950,94.36,91.98,75.52,37.54
warmup_16.mp4,960,113.82,98.43,87.3,39.31
warmup_16.mp4,970,118.94,98.66,94.62,40.76
warmup_16.mp4,980,98.14,108.22,52.58,40.55
warmup_16.mp4,990,80.15,115.94,14.77,37.65
warmup_16.mp4,1000,78.68,110.2,17.2,29.22
warmup_16.mp4,1010,76.67,114.16,19.43,24.12
warmup_16.mp4,1020,77.94,122.05,20.72,28.43
warmup_16.mp4,1030,76.05,126.22,17.24,34.38
warmup_16.mp4,1040,66.77,123.06,25.98,34.8
warmup_16.mp4,1050,78.07,120.38,34.46,68.92
warmup_16.mp4,1060,75.43,104.83,51.3,67.24
warmup_16.mp4,1070,150.99,126.47,55.89,54.78
warmup_16.mp4,1080,155.43,130.03,46.66,64.22
warmup_16.mp4,1090,104.95,118.44,11.63,50.75
warmup_16.mp4,1100,98.59,122.38,12.85,28.28
warmup_16.mp4,1110,69.93,94.06,20.79,78.42
warmup_16.mp4,1120,69.19,127.34,34.74,62.6
warmup_16.mp4,1130,74.11,122.75,16.16,50.62
warmup_16.mp4,1140,82.2,107.68,17.3,29.15
warmup_16.mp4,1150,80.12,110.2,17.74,24.81
warmup_16.mp4,1160,79.12,100.9,15.82,19.76
warmup_16.mp4,1170,82.25,103.56,15.14,29.42
warmup_16.mp4,1180,86.12,94.51,27.13,31.76
warmup_16.mp4,1190,118.1,67.29,67.53,42.9
warmup_16.mp4,1200,127.77,94.87,93.11,60.0
warmup_16.mp4,1210,82.18,76.5,75.54,31.07
warmup_16.mp4,1220,75.66,121.12,62.96,83.19
warmup_16.mp4,1230,101.14,76.98,82.19,5.3
warmup_16.mp4,1240,112.83,79.09,83.66,14.44
warmup_16.mp4,1250,84.46,93.55,42.97,34.04
warmup_16.mp4,1260,76.33,104.96,25.93,38.44
warmup_16.mp4,1270,74.67,112.22,19.88,27.94
warmup_16.mp4,1280,76.04,118.64,19.62,24.43
warmup_16.mp4,1290,78.6,113.85,21.7,19.25
warmup_16.mp4,1300,73.89,120.92,12.79,34.76
warmup_16.mp4,1310,70.38,144.65,52.18,48.53
warmup_16.mp4,1320,75.85,120.44,36.95,71.34
warmup_16.mp4,1330,68.05,104.66,69.36,74.71
warmup_16.mp4,1340,142.95,133.37,53.34,67.77
warmup_16.mp4,1350,150.93,133.43,51.94,62.24
warmup_16.mp4,1360,134.76,131.73,52.43,61.89
warmup_16.mp4,1370,106.85,96.93,11.24,37.8
warmup_16.mp4,1380,71.14,84.76,29.38,72.34
warmup_16.mp4,1390,71.66,138.63,18.91,45.38
warmup_16.mp4,1400,75.02,127.72,18.35,38.98
warmup_16.mp4,1410,74.24,111.65,15.99,27.09
warmup_16.mp4,1420,79.39,116.41,18.31,24.35
warmup_16.mp4,1430,80.3,97.59,13.37,17.46
warmup_16.mp4,1440,78.54,99.36,12.74,25.79
warmup_16.mp4,1450,80.72,111.44,24.78,26.99
warmup_16.mp4,1460,75.6,113.9,22.98,34.71
warmup_16.mp4,1470,76.99,108.14,23.48,34.22
warmup_16.mp4,1480,77.16,111.39,22.87,34.85
warmup_16.mp4,1490,76.83,109.88,20.67,35.38
warmup_16.mp4,1500,78.88,106.89,20.19,32.16
warmup_17.mp4,10,106.56,82.29,25.26,20.41
warmup_17.mp4,20,106.79,82.98,25.43,20.28
warmup_17.mp4,30,109.65,84.08,25.48,20.79
warmup_17.mp4,40,109.64,84.64,25.02,20.48
warmup_17.mp4,50,108.0,83.58,25.33,18.93
warmup_17.mp4,60,108.11,82.89,25.13,20.29
warmup_17.mp4,70,105.26,77.77,27.17,21.54
warmup_17.mp4,80,102.14,75.44,33.6,22.81
warmup_17.mp4,90,122.32,117.88,46.75,40.55
warmup_17.mp4,100,120.48,116.79,43.64,37.94
warmup_17.mp4,110,119.89,114.94,40.83,36.07
warmup_17.mp4,120,115.66,104.9,39.28,33.62
warmup_17.mp4,130,115.89,106.39,41.66,38.45
warmup_17.mp4,140,125.69,125.32,48.12,50.47
warmup_17.mp4,150,140.93,137.86,48.9,39.07
warmup_17.mp4,160,161.03,171.1,113.37,100.99
warmup_17.mp4,170,106.22,140.36,140.09,134.69
warmup_17.mp4,180,115.63,122.01,126.49,138.83
warmup_17.mp4,190,105.55,112.72,116.29,129.71
warmup_17.mp4,200,124.58,139.36,167.27,171.83
warmup_17.mp4,210,148.96,164.63,123.92,116.09
warmup_17.mp4,220,172.01,167.34,98.14,78.42
warmup_17.mp4,230,118.86,109.25,52.03,47.77
warmup_17.mp4,240,120.14,86.83,62.44,31.04
warmup_17.mp4,250,122.92,110.16,60.84,55.56
warmup_17.mp4,260,168.36,166.12,86.27,72.25
warmup_17.mp4,270,148.93,162.13,124.3,113.07
warmup_17.mp4,280,127.75,135.09,170.11,160.57
warmup_17.mp4,290,96.52,109.58,121.93,120.81
warmup_17.mp4,300,118.91,132.71,144.77,162.03
warmup_17.mp4,310,144.3,150.28,114.43,98.8
warmup_17.mp4,320,156.86,162.97,94.01,81.09
warmup_17.mp4,330,125.43,119.73,50.66,45.84
warmup_17.mp4,340,118.65,87.53,58.01,29.55
warmup_17.mp4,350,121.72,92.17,62.22,35.49
warmup_17.mp4,360,119.16,116.14,55.58,55.21
warmup_17.mp4,370,162.72,167.55,104.36,92.01
warmup_17.mp4,380,102.58,134.97,127.89,124.49
warmup_17.mp4,390,125.09,127.01,127.97,148.18
warmup_17.mp4,400,90.99,109.16,116.78,129.0
warmup_17.mp4,410,119.32,130.02,142.11,157.25
warmup_17.mp4,420,115.46,151.91,111.84,93.71
warmup_17.mp4,430,166.8,165.97,105.94,88.04
warmup_17.mp4,440,121.2,110.81,48.31,38.26
warmup_17.mp4,450,122.64,84.38,58.45,25.45
warmup_17.mp4,460,122.81,86.78,53.37,24.75
warmup_17.mp4,470,118.8,109.42,43.79,41.19
warmup_17.mp4,480,158.15,162.77,103.13,89.45
warmup_17.mp4,490,141.55,143.92,124.68,115.17
warmup_17.mp4,500,128.64,130.43,118.79,132.15
warmup_17.mp4,510,111.59,117.16,122.38,137.07
warmup_17.mp4,520,111.69,133.63,131.48,130.77
warmup_17.mp4,530,154.01,155.1,114.81,93.16
warmup_17.mp4,540,148.21,153.29,54.72,48.19
warmup_17.mp4,550,120.66,101.16,53.94,39.03
warmup_17.mp4,560,120.97,87.62,60.0,30.2
warmup_17.mp4,570,124.0,99.08,58.44,41.62
warmup_17.mp4,580,133.04,140.88,56.37,55.47
warmup_17.mp4,590,154.86,159.23,125.47,106.52
warmup_17.mp4,600,114.66,128.18,157.02,164.6
warmup_17.mp4,610,101.69,108.66,115.45,122.26
warmup_17.mp4,620,108.1,107.97,109.38,119.28
warmup_17.mp4,630,115.78,128.93,137.46,149.15
warmup_17.mp4,640,147.24,158.69,125.81,115.83
warmup_17.mp4,650,153.43,160.51,75.14,66.07
warmup_17.mp4,660,113.42,107.57,53.03,50.35
warmup_17.mp4,670,114.64,87.59,52.15,30.98
warmup_17.mp4,680,110.03,86.33,47.66,30.14
warmup_17.mp4,690,103.23,74.93,29.82,23.59
warmup_17.mp4,700,110.28,80.88,28.74,22.7
warmup_17.mp4,710,108.88,81.75,27.89,21.48
warmup_17.mp4,720,109.56,80.96,29.02,21.02
warmup_17.mp4,730,106.75,79.37,27.54,21.1
warmup_17.mp4,740,108.94,79.45,26.87,23.08
warmup_18.mp4,10,74.76,108.7,24.41,33.64
warmup_18.mp4,20,75.84,110.03,24.7,34.94
warmup_18.mp4,30,77.34,109.71,26.15,33.82
warmup_18.mp4,40,76.21,109.14,25.82,34.83
warmup_18.mp4,50,76.75,111.38,26.79,34.69
warmup_18.mp4,60,76.48,112.7,29.14,35.89
warmup_18.mp4,70,77.21,111.56,26.4,34.22
warmup_18.mp4,80,76.93,113.46,29.13,34.5
warmup_18.mp4,90,79.78,108.28,22.42,29.15
warmup_18.mp4,100,75.26,106.74,27.3,23.92
warmup_18.mp4,110,76.94,98.83,18.9,22.12
warmup_18.mp4,120,73.3,99.24,16.67,29.16
warmup_18.mp4,130,96.47,115.62,24.83,55.05
warmup_18.mp4,140,130.36,112.29,46.91,53.29
warmup_18.mp4,150,132.46,131.8,57.64,76.73
warmup_18.mp4,160,140.8,139.83,60.06,75.16
warmup_18.mp4,170,145.14,140.32,53.33,77.72
warmup_18.mp4,180,154.81,154.38,74.17,99.52
warmup_18.mp4,190,154.99,155.65,92.6,103.45
warmup_18.mp4,200,153.6,155.91,117.63,118.96
warmup_18.mp4,210,138.5,168.91,68.83,96.98
warmup_18.mp4,220,134.76,171.89,67.11,96.53
warmup_18.mp4,230,117.66,156.09,65.28,98.97
warmup_18.mp4,240,170.59,164.32,93.03,109.3
warmup_18.mp4,250,153.99,162.24,117.28,138.22
warmup_18.mp4,260,129.58,134.1,163.38,163.02
warmup_18.mp4,270,105.34,120.96,164.83,171.22
warmup_18.mp4,280,130.38,135.3,165.67,174.46
warmup_18.mp4,290,151.23,167.46,119.91,134.74
warmup_18.mp4,300,164.64,161.35,90.97,106.87
warmup_18.mp4,310,116.71,152.33,65.57,100.63
warmup_18.mp4,320,132.54,167.11,67.66,98.53
warmup_18.mp4,330,132.8,161.99,70.39,96.56
warmup_18.mp4,340,149.55,158.1,79.77,97.82
warmup_18.mp4,350,153.48,154.33,112.52,125.64
warmup_18.mp4,360,143.04,145.89,158.46,163.78
warmup_18.mp4,370,108.82,125.82,160.82,169.62
warmup_18.mp4,380,125.51,131.33,164.02,170.87
warmup_18.mp4,390,152.03,161.52,116.64,131.38
warmup_18.mp4,400,165.53,160.78,98.71,111.63
warmup_18.mp4,410,132.88,148.69,83.46,102.85
warmup_18.mp4,420,136.59,165.69,67.82,98.62
warmup_18.mp4,430,130.67,157.69,74.19,102.3
warmup_18.mp4,440,148.13,157.67,83.22,95.59
warmup_18.mp4,450,157.91,168.94,115.29,134.79
warmup_18.mp4,460,128.96,139.85,161.49,163.68
warmup_18.mp4,470,92.43,91.81,159.69,169.36
warmup_18.mp4,480,121.44,118.13,164.39,169.6
warmup_18.mp4,490,129.12,138.54,161.26,165.51
warmup_18.mp4,500,157.0,159.16,122.86,133.01
warmup_18.mp4,510,148.83,156.51,132.18,131.88
warmup_18.mp4,520,131.96,170.51,65.62,96.69
warmup_18.mp4,530,127.89,168.68,61.36,95.03
warmup_18.mp4,540,93.85,151.26,35.85,89.44
warmup_18.mp4,550,169.75,165.88,108.74,120.51
warmup_18.mp4,560,151.24,158.17,132.9,145.55
warmup_18.mp4,570,122.72,126.2,168.25,171.39
warmup_18.mp4,580,114.8,121.08,171.0,167.67
warmup_18.mp4,590,126.85,137.04,164.22,167.21
warmup_18.mp4,600,156.57,164.93,123.46,137.96
warmup_18.mp4,610,164.09,163.42,91.79,102.02
warmup_18.mp4,620,124.64,158.45,66.32,103.01
warmup_18.mp4,630,129.5,178.49,58.5,93.58
warmup_18.mp4,640,123.97,171.21,56.58,92.97
warmup_18.mp4,650,144.94,153.5,85.19,96.13
warmup_18.mp4,660,142.39,161.87,110.47,135.29
warmup_18.mp4,670,142.02,144.55,159.38,163.51
warmup_18.mp4,680,130.82,130.42,168.57,170.29
warmup_18.mp4,690,135.45,147.09,156.46,155.57
warmup_18.mp4,700,154.83,156.44,118.13,126.11
warmup_18.mp4,710,144.82,140.45,67.78,75.47
warmup_18.mp4,720,68.31,95.01,21.79,24.57
warmup_18.mp4,730,77.25,108.93,13.43,29.7
warmup_18.mp4,740,77.66,107.2,13.97,33.05
warmup_18.mp4,750,80.85,107.43,15.95,30.96
warmup_18.mp4,760,78.74,109.53,20.6,30.1
warmup_18.mp4,770,79.84,108.77,23.92,29.9
warmup_18.mp4,780,80.35,108.71,24.56,29.73
warmup_18.mp4,790,81.04,106.85,23.3,28.19
warmup_19.mp4,10,154.8,129.33,29.1,36.89
warmup_19.mp4,20,155.97,129.72,29.31,38.24
warmup_19.mp4,30,151.41,130.27,27.97,32.59
warmup_19.mp4,40,153.32,132.75,28.28,32.58
warmup_19.mp4,50,158.31,132.48,28.77,33.84
warmup_19.mp4,60,154.91,130.01,29.74,31.6
warmup_19.mp4,70,155.44,130.17,29.48,31.46
warmup_19.mp4,80,144.27,130.03,28.02,29.7
warmup_19.mp4,90,125.15,119.37,49.38,33.01
warmup_19.mp4,100,141.14,137.34,63.47,41.43
warmup_19.mp4,110,141.56,139.31,70.58,46.61
warmup_19.mp4,120,145.85,138.0,72.16,48.21
warmup_19.mp4,130,142.71,140.69,74.07,61.06
warmup_19.mp4,140,144.43,141.86,75.46,59.44
warmup_19.mp4,150,151.44,103.81,93.19,19.53
warmup_19.mp4,160,146.17,115.33,104.84,76.54
warmup_19.mp4,170,137.14,125.71,58.44,15.0
warmup_19.mp4,180,159.25,149.53,119.3,109.37
warmup_19.mp4,190,143.66,122.65,140.46,154.29
warmup_19.mp4,200,148.45,130.7,156.74,149.81
warmup_19.mp4,210,158.12,137.18,163.63,162.9
warmup_19.mp4,220,146.9,130.19,123.89,141.65
warmup_19.mp4,230,154.7,151.44,119.76,116.62
warmup_19.mp4,240,90.49,145.51,20.88,14.36
warmup_19.mp4,250,157.23,161.36,111.52,115.2
warmup_19.mp4,260,165.88,164.04,119.57,123.9
warmup_19.mp4,270,149.22,140.13,162.96,162.91
warmup_19.mp4,280,150.45,122.9,177.18,169.27
warmup_19.mp4,290,143.1,132.27,171.33,163.27
warmup_19.mp4,300,163.0,143.76,134.13,139.61
warmup_19.mp4,310,153.63,145.22,96.8,90.5
warmup_19.mp4,320,156.07,172.97,19.62,16.88
warmup_19.mp4,330,155.03,153.86,87.34,83.64
warmup_19.mp4,340,162.96,159.04,120.65,123.5
warmup_19.mp4,350,138.71,141.87,156.56,147.57
warmup_19.mp4,360,156.35,130.48,171.38,165.8
warmup_19.mp4,370,145.17,134.44,165.6,165.89
warmup_19.mp4,380,169.5,142.67,129.45,123.46
warmup_19.mp4,390,145.5,146.75,85.17,78.41
warmup_19.mp4,400,148.39,137.6,80.73,49.16
warmup_19.mp4,410,155.18,142.43,70.22,20.95
warmup_19.mp4,420,156.74,140.42,96.29,81.85
warmup_19.mp4,430,133.44,99.03,141.12,126.26
warmup_19.mp4,440,159.21,128.35,174.89,174.55
warmup_19.mp4,450,158.15,127.92,176.07,171.69
warmup_19.mp4,460,121.62,120.59,132.58,156.23
warmup_19.mp4,470,167.83,165.37,117.95,120.13
warmup_19.mp4,480,70.79,161.05,8.13,37.78
warmup_19.mp4,490,136.13,158.01,62.22,24.0
warmup_19.mp4,500,158.1,148.34,100.9,61.48
warmup_19.mp4,510,161.44,113.23,137.11,147.53
warmup_19.mp4,520,159.82,121.69,172.15,174.31
warmup_19.mp4,530,145.88,119.93,171.32,170.01
warmup_19.mp4,540,122.49,124.4,109.75,148.03
warmup_19.mp4,550,164.46,150.19,130.46,124.1
warmup_19.mp4,560,143.8,144.15,78.53,51.48
warmup_19.mp4,570,148.92,160.22,65.21,14.15
warmup_19.mp4,580,81.91,124.85,53.5,36.33
warmup_19.mp4,590,146.74,129.21,104.04,55.78
warmup_19.mp4,600,148.44,101.9,83.31,13.04
warmup_19.mp4,610,143.15,131.26,75.83,39.19
warmup_19.mp4,620,138.69,131.01,66.75,37.31
warmup_19.mp4,630,149.79,126.21,32.18,23.22
warmup_19.mp4,640,169.12,131.3,18.45,28.89
warmup_19.mp4,650,166.23,134.63,23.14,39.0
warmup_19.mp4,660,159.19,127.59,27.92,33.25
warmup_19.mp4,670,147.89,133.77,30.05,31.62
warmup_19.mp4,680,154.93,128.85,30.04,36.82
warmup_19.mp4,690,150.94,124.34,32.1,32.19
warmup_19.mp4,700,156.24,126.54,32.53,31.41
warmup_19.mp4,710,155.59,128.34,32.52,33.03
warmup_2.mp4,10,141.68,155.14,21.86,23.66
warmup_2.mp4,20,141.03,158.45,21.17,23.56
warmup_2.mp4,30,139.14,157.21,21.16,24.13
warmup_2.mp4,40,141.42,153.19,22.65,23.96
warmup_2.mp4,50,140.64,157.02,21.21,23.92
warmup_2.mp4,60,142.05,153.89,23.62,23.4
warmup_2.mp4,70,141.26,154.32,20.94,24.15
warmup_2.mp4,80,141.96,156.15,22.36,23.84
warmup_2.mp4,90,140.84,159.76,19.31,23.6
warmup_2.mp4,100,137.51,164.54,22.72,20.54
warmup_2.mp4,110,137.08,177.54,27.74,16.09
warmup_2.mp4,120,138.74,177.35,34.89,25.37
warmup_2.mp4,130,145.0,160.01,49.23,70.15
warmup_2.mp4,140,148.23,151.32,85.35,90.9
warmup_2.mp4,150,159.17,108.78,95.38,93.25
warmup_2.mp4,160,156.46,109.81,112.35,94.19
warmup_2.mp4,170,154.44,102.16,98.44,89.72
warmup_2.mp4,180,161.82,109.17,112.83,87.57
warmup_2.mp4,190,164.8,108.46,96.65,86.06
warmup_2.mp4,200,153.77,168.38,87.52,76.17
warmup_2.mp4,210,113.73,157.8,65.48,68.55
warmup_2.mp4,220,135.71,156.03,34.07,50.28
warmup_2.mp4,230,147.04,167.99,25.61,33.8
warmup_2.mp4,240,143.97,172.24,20.43,14.72
warmup_2.mp4,250,152.61,163.98,15.32,16.78
warmup_2.mp4,260,156.13,163.49,17.0,14.54
warmup_2.mp4,270,141.71,168.48,23.6,14.22
warmup_2.mp4,280,142.74,158.73,40.89,90.47
warmup_2.mp4,290,145.27,165.51,69.36,95.08
warmup_2.mp4,300,150.58,94.51,143.33,92.14
warmup_2.mp4,310,155.53,117.95,101.06,100.11
warmup_2.mp4,320,147.19,109.38,111.94,92.48
warmup_2.mp4,330,156.54,109.49,89.47,84.25
warmup_2.mp4,340,148.39,105.09,91.38,84.35
warmup_2.mp4,350,153.64,112.12,118.13,94.14
warmup_2.mp4,360,154.27,88.34,134.82,87.23
warmup_2.mp4,370,139.7,165.86,115.68,90.12
warmup_2.mp4,380,122.12,159.5,87.18,81.86
warmup_2.mp4,390,141.15,158.06,30.55,55.14
warmup_2.mp4,400,149.13,172.25,18.66,14.65
warmup_2.mp4,410,151.44,172.13,20.38,20.09
warmup_2.mp4,420,154.07,174.24,18.19,16.45
warmup_2.mp4,430,148.17,171.14,20.9,13.33
warmup_2.mp4,440,147.34,148.03,35.49,84.99
warmup_2.mp4,450,168.87,169.14,112.34,95.74
warmup_2.mp4,460,154.28,100.91,141.26,94.09
warmup_2.mp4,470,160.26,100.14,120.14,94.4
warmup_2.mp4,480,159.9,107.47,130.97,90.58
warmup_2.mp4,490,162.31,102.65,115.1,87.1
warmup_2.mp4,500,162.77,109.09,113.37,93.69
warmup_2.mp4,510,158.42,98.21,123.76,91.5
warmup_2.mp4,520,126.05,165.35,134.67,78.92
warmup_2.mp4,530,150.15,166.25,106.26,79.49
warmup_2.mp4,540,144.29,162.46,42.43,55.56
warmup_2.mp4,550,153.21,163.56,24.65,15.4
warmup_2.mp4,560,148.34,171.28,19.52,17.97
warmup_2.mp4,570,147.39,170.44,18.88,18.03
warmup_2.mp4,580,148.01,169.13,19.36,16.16
warmup_2.mp4,590,143.98,171.11,25.81,11.63
warmup_2.mp4,600,140.36,159.31,44.24,85.17
warmup_2.mp4,610,145.53,165.63,74.23,88.72
warmup_2.mp4,620,147.89,100.02,121.55,93.88
warmup_2.mp4,630,143.43,117.28,121.49,105.78
warmup_2.mp4,640,150.38,106.65,115.85,92.56
warmup_2.mp4,650,154.64,94.06,136.59,80.87
warmup_2.mp4,660,152.67,99.12,145.16,90.41
warmup_2.mp4,670,158.18,90.81,146.15,89.12
warmup_2.mp4,680,156.42,128.04,147.96,78.06
warmup_2.mp4,690,164.57,169.48,106.03,91.76
warmup_2.mp4,700,143.91,154.78,37.32,74.22
warmup_2.mp4,710,151.11,166.63,24.66,14.26
warmup_2.mp4,720,151.48,167.34,21.97,15.84
warmup_2.mp4,730,152.01,167.88,20.77,17.34
warmup_2.mp4,740,143.92,168.95,25.52,13.54
warmup_2.mp4,750,147.67,150.82,39.69,91.88
warmup_2.mp4,760,155.27,167.64,110.38,91.56
warmup_2.mp4,770,153.79,93.94,147.6,91.2
warmup_2.mp4,780,147.55,108.32,115.89,95.63
warmup_2.mp4,790,140.81,114.26,100.7,90.81
warmup_2.mp4,800,141.62,111.46,103.26,94.73
warmup_2.mp4,810,149.93,111.96,131.04,98.44
warmup_2.mp4,820,151.24,92.66,137.93,94.45
warmup_2.mp4,830,148.35,162.73,113.04,90.53
warmup_2.mp4,840,153.56,157.38,50.14,79.31
warmup_2.mp4,850,135.43,166.16,36.97,60.59
warmup_2.mp4,860,146.4,164.16,26.01,22.22
warmup_2.mp4,870,149.39,168.87,21.69,23.78
warmup_2.mp4,880,140.72,155.74,22.69,30.19
warmup_2.mp4,890,141.52,152.26,24.02,28.54
warmup_2.mp4,900,143.22,160.25,21.86,25.68
warmup_2.mp4,910,140.41,156.76,22.79,25.34
warmup_2.mp4,920,141.95,157.85,23.24,25.97
warmup_2.mp4,930,138.43,157.19,25.25,27.16
warmup_3.mp4,10,104.39,77.89,25.14,19.99
warmup_3.mp4,20,102.61,77.27,24.99,19.18
warmup_3.mp4,30,101.93,76.53,24.78,18.93
warmup_3.mp4,40,101.17,76.4,24.75,18.67
warmup_3.mp4,50,101.59,76.12,24.84,18.39
warmup_3.mp4,60,99.81,77.29,23.47,16.43
warmup_3.mp4,70,101.48,81.13,24.52,18.66
warmup_3.mp4,80,104.76,81.33,25.45,20.68
warmup_3.mp4,90,170.02,164.76,113.53,85.38
warmup_3.mp4,100,167.92,173.64,141.09,118.54
warmup_3.mp4,110,154.82,175.64,147.4,126.83
warmup_3.mp4,120,154.59,173.72,149.56,136.59
warmup_3.mp4,130,154.98,173.2,154.7,144.61
warmup_3.mp4,140,155.92,174.05,151.64,141.8
warmup_3.mp4,150,158.36,174.64,155.79,149.47
warmup_3.mp4,160,159.38,175.02,157.34,151.4
warmup_3.mp4,170,160.2,174.82,157.49,150.4
warmup_3.mp4,180,155.53,162.38,134.56,105.14
warmup_3.mp4,190,156.49,150.29,100.55,65.83
warmup_3.mp4,200,101.41,72.9,21.32,27.36
warmup_3.mp4,210,101.1,81.28,34.27,24.27
warmup_3.mp4,220,101.19,80.69,28.83,19.21
warmup_3.mp4,230,104.35,79.12,36.1,18.31
warmup_3.mp4,240,103.22,76.96,30.0,14.66
warmup_3.mp4,250,105.25,79.84,24.98,11.25
warmup_3.mp4,260,106.34,80.02,27.22,14.9
warmup_3.mp4,270,99.66,80.18,21.79,18.33
warmup_3.mp4,280,158.53,112.53,74.41,38.92
warmup_3.mp4,290,167.49,170.91,139.59,112.45
warmup_3.mp4,300,157.33,172.38,152.56,136.62
warmup_3.mp4,310,158.23,175.36,155.37,145.2
warmup_3.mp4,320,160.01,177.66,152.96,145.58
warmup_3.mp4,330,162.48,178.64,152.94,145.16
warmup_3.mp4,340,165.44,178.69,151.51,144.92
warmup_3.mp4,350,159.81,177.87,157.5,151.05
warmup_3.mp4,360,163.05,177.65,155.5,148.71
warmup_3.mp4,370,164.45,176.76,153.25,144.94
warmup_3.mp4,380,165.78,165.01,130.38,103.11
warmup_3.mp4,390,149.03,158.0,88.79,85.92
warmup_3.mp4,400,105.97,76.29,36.84,25.87
warmup_3.mp4,410,105.81,81.19,28.85,20.41
warmup_3.mp4,420,107.37,79.95,33.7,17.48
warmup_3.mp4,430,103.85,83.34,29.38,18.57
warmup_3.mp4,440,104.0,80.73,30.52,20.36
warmup_3.mp4,450,101.34,77.73,26.44,16.37
warmup_3.mp4,460,102.67,76.7,28.26,12.88
warmup_3.mp4,470,100.7,75.94,20.5,12.66
warmup_3.mp4,480,99.58,67.51,36.6,22.14
warmup_3.mp4,490,154.75,67.92,94.48,68.42
warmup_3.mp4,500,166.21,166.24,133.81,102.15
warmup_3.mp4,510,158.9,172.88,155.08,146.45
warmup_3.mp4,520,161.5,176.33,154.64,147.08
warmup_3.mp4,530,164.68,177.46,154.88,147.78
warmup_3.mp4,540,162.35,177.37,149.09,140.2
warmup_3.mp4,550,159.5,177.35,146.49,138.44
warmup_3.mp4,560,159.82,162.66,117.55,89.15
warmup_3.mp4,570,115.12,91.71,64.15,32.41
warmup_3.mp4,580,105.54,74.48,28.09,16.3
warmup_3.mp4,590,111.05,79.33,37.75,18.73
warmup_3.mp4,600,108.32,83.87,30.3,18.31
warmup_3.mp4,610,108.16,83.42,26.34,15.81
warmup_3.mp4,620,107.54,82.99,26.11,16.94
warmup_3.mp4,630,108.28,79.34,28.12,13.39
warmup_3.mp4,640,104.56,78.87,29.92,16.38
warmup_3.mp4,650,101.64,70.86,29.87,21.7
warmup_3.mp4,660,164.73,122.32,117.63,59.35
warmup_3.mp4,670,161.79,170.88,141.72,117.94
warmup_3.mp4,680,156.95,175.59,146.28,127.93
warmup_3.mp4,690,161.61,177.0,156.64,148.33
warmup_3.mp4,700,164.56,177.16,155.67,150.68
warmup_3.mp4,710,162.45,177.63,152.37,149.13
warmup_3.mp4,720,162.07,177.62,154.13,149.56
warmup_3.mp4,730,159.2,177.33,148.26,140.42
warmup_3.mp4,740,159.88,161.34,126.21,100.48
warmup_3.mp4,750,142.4,157.5,96.75,91.61
warmup_3.mp4,760,103.96,105.77,34.98,42.33
warmup_3.mp4,770,104.79,83.52,23.53,17.49
warmup_3.mp4,780,104.72,82.57,26.56,14.65
warmup_3.mp4,790,110.98,82.42,27.1,9.9
warmup_3.mp4,800,116.1,82.09,30.52,13.3
warmup_3.mp4,810,113.34,79.62,30.27,14.15
warmup_3.mp4,820,107.15,80.49,37.26,24.59
warmup_3.mp4,830,145.16,155.31,72.35,81.31
warmup_3.mp4,840,161.74,171.08,136.23,118.59
warmup_3.mp4,850,159.53,173.73,144.74,126.53
warmup_3.mp4,860,160.85,176.01,143.7,126.94
warmup_3.mp4,870,160.04,176.23,146.01,131.92
warmup_3.mp4,880,161.87,173.78,153.17,146.1
warmup_3.mp4,890,165.23,176.81,152.53,146.76
warmup_3.mp4,900,163.42,176.4,150.33,143.27
warmup_3.mp4,910,163.26,175.71,150.74,144.63
warmup_3.mp4,920,157.24,163.11,134.26,105.89
warmup_3.mp4,930,144.91,160.22,101.07,83.81
warmup_3.mp4,940,118.89,111.44,70.6,51.88
warmup_3.mp4,950,102.86,83.47,35.55,25.1
warmup_3.mp4,960,102.23,81.93,34.03,23.31
warmup_3.mp4,970,99.21,75.95,31.61,17.15
warmup_3.mp4,980,103.42,77.49,32.38,15.29
warmup_3.mp4,990,102.27,75.95,22.29,14.77
warmup_3.mp4,1000,105.0,76.49,25.09,14.45
warmup_3.mp4,1010,103.47,75.58,28.21,14.19
warmup_3.mp4,1020,104.73,76.37,25.4,17.3
warmup_3.mp4,1030,103.11,77.47,24.03,17.01
warmup_3.mp4,1040,102.76,76.43,24.98,16.36
warmup_4.mp4,10,103.43,76.67,25.68,18.03
warmup_4.mp4,20,104.38,76.61,25.24,19.01
warmup_4.mp4,30,105.29,78.01,25.64,19.62
warmup_4.mp4,40,104.18,78.45,24.44,19.74
warmup_4.mp4,50,106.21,78.66,25.2,21.09
warmup_4.mp4,60,105.38,77.0,25.55,19.82
warmup_4.mp4,70,105.82,77.3,25.74,19.01
warmup_4.mp4,80,106.95,78.83,24.7,17.65
warmup_4.mp4,90,108.78,78.72,28.17,15.53
warmup_4.mp4,100,131.74,79.56,39.81,18.74
warmup_4.mp4,110,130.13,94.37,60.73,14.6
warmup_4.mp4,120,149.96,102.33,130.45,44.19
warmup_4.mp4,130,126.9,79.82,155.16,108.3
warmup_4.mp4,140,87.38,133.15,135.13,70.07
warmup_4.mp4,150,113.5,130.76,106.09,31.59
warmup_4.mp4,160,107.5,130.7,106.11,30.61
warmup_4.mp4,170,111.2,126.26,108.88,35.17
warmup_4.mp4,180,78.32,172.91,132.36,102.17
warmup_4.mp4,190,109.38,167.26,152.99,92.98
warmup_4.mp4,200,159.21,115.79,135.32,16.35
warmup_4.mp4,210,154.86,130.04,125.43,51.28
warmup_4.mp4,220,87.34,129.78,59.91,65.57
warmup_4.mp4,230,76.6,106.22,22.44,36.07
warmup_4.mp4,240,78.68,103.69,18.83,26.07
warmup_4.mp4,250,82.11,96.45,13.12,22.04
warmup_4.mp4,260,82.24,98.45,30.52,27.43
warmup_4.mp4,270,141.69,106.22,121.0,25.82
warmup_4.mp4,280,167.35,100.28,140.27,49.73
warmup_4.mp4,290,90.25,165.65,136.93,110.96
warmup_4.mp4,300,90.55,137.83,106.0,31.65
warmup_4.mp4,310,101.93,149.01,97.38,34.46
warmup_4.mp4,320,116.96,129.54,116.14,29.32
warmup_4.mp4,330,113.39,171.43,113.52,91.57
warmup_4.mp4,340,95.13,171.37,109.31,106.16
warmup_4.mp4,350,127.37,93.94,141.54,56.41
warmup_4.mp4,360,161.66,99.24,131.5,41.45
warmup_4.mp4,370,149.5,118.3,120.07,42.83
warmup_4.mp4,380,117.13,118.07,76.57,46.14
warmup_4.mp4,390,86.4,105.35,43.26,38.8
warmup_4.mp4,400,73.8,97.69,19.26,28.8
warmup_4.mp4,410,72.5,98.4,12.7,23.62
warmup_4.mp4,420,73.89,99.11,13.49,22.54
warmup_4.mp4,430,97.45,98.59,62.63,29.75
warmup_4.mp4,440,138.97,90.24,126.92,16.05
warmup_4.mp4,450,128.3,76.57,151.44,112.73
warmup_4.mp4,460,87.61,124.75,120.23,52.88
warmup_4.mp4,470,92.67,137.92,105.83,29.29
warmup_4.mp4,480,110.58,143.9,96.73,25.49
warmup_4.mp4,490,100.83,142.62,100.54,23.65
warmup_4.mp4,500,75.35,139.85,104.5,42.75
warmup_4.mp4,510,104.01,169.24,99.13,115.16
warmup_4.mp4,520,100.95,172.14,134.52,98.01
warmup_4.mp4,530,159.92,106.77,128.68,29.89
warmup_4.mp4,540,145.21,115.18,121.58,42.86
warmup_4.mp4,550,95.7,116.21,66.91,51.54
warmup_4.mp4,560,80.87,103.73,34.75,38.85
warmup_4.mp4,570,68.87,100.15,14.3,31.47
warmup_4.mp4,580,72.59,104.79,16.79,29.32
warmup_4.mp4,590,80.58,97.99,29.68,29.36
warmup_4.mp4,600,132.23,105.46,103.96,35.29
warmup_4.mp4,610,150.89,91.59,131.79,37.05
warmup_4.mp4,620,85.49,171.85,146.05,105.46
warmup_4.mp4,630,75.21,118.33,123.53,42.45
warmup_4.mp4,640,91.2,137.62,110.13,31.23
warmup_4.mp4,650,139.64,136.16,114.76,31.6
warmup_4.mp4,660,120.49,159.68,112.51,53.17
warmup_4.mp4,670,109.8,163.37,106.07,119.84
warmup_4.mp4,680,70.23,169.23,143.1,108.1
warmup_4.mp4,690,161.79,101.25,134.28,33.21
warmup_4.mp4,700,143.61,113.35,116.95,38.34
warmup_4.mp4,710,83.93,118.87,55.77,54.69
warmup_4.mp4,720,80.66,104.8,29.42,34.28
warmup_4.mp4,730,77.57,101.52,19.96,29.72
warmup_4.mp4,740,81.96,96.45,33.06,29.06
warmup_4.mp4,750,88.82,93.36,56.78,28.39
warmup_4.mp4,760,133.47,94.07,124.97,16.88
warmup_4.mp4,770,119.97,86.07,148.32,119.96
warmup_4.mp4,780,70.12,120.65,126.92,49.81
warmup_4.mp4,790,93.03,149.74,101.12,33.61
warmup_4.mp4,800,100.2,146.11,97.51,26.11
warmup_4.mp4,810,97.06,144.8,106.18,28.18
warmup_4.mp4,820,76.35,170.26,107.23,91.04
warmup_4.mp4,830,109.42,154.42,95.75,116.95
warmup_4.mp4,840,118.0,168.87,133.12,94.39
warmup_4.mp4,850,158.29,105.49,122.09,41.69
warmup_4.mp4,860,135.71,90.94,85.26,14.52
warmup_4.mp4,870,82.46,71.97,24.13,18.34
warmup_4.mp4,880,98.95,74.88,24.05,12.57
warmup_4.mp4,890,103.37,74.28,26.12,13.15
warmup_4.mp4,900,105.85,78.71,27.75,12.25
warmup_4.mp4,910,100.56,77.49,26.47,12.78
warmup_4.mp4,920,104.15,79.69,28.24,17.23
warmup_4.mp4,930,98.9,80.04,28.86,19.2
warmup_4.mp4,940,100.05,80.9,29.08,17.98
warmup_4.mp4,950,99.71,78.17,27.78,17.41
warmup_4.mp4,960,100.49,80.05,27.21,17.85
warmup_5.mp4,10,154.36,137.35,28.5,34.79
warmup_5.mp4,20,154.4,135.92,28.36,35.06
warmup_5.mp4,30,153.75,132.94,27.43,34.46
warmup_5.mp4,40,153.48,134.52,27.11,36.29
warmup_5.mp4,50,156.16,133.42,27.4,35.8
warmup_5.mp4,60,155.81,134.99,29.43,39.49
warmup_5.mp4,70,158.15,128.86,26.93,33.95
warmup_5.mp4,80,153.69,130.74,26.53,28.65
warmup_5.mp4,90,154.13,126.37,30.79,38.56
warmup_5.mp4,100,156.88,128.33,26.1,39.96
warmup_5.mp4,110,154.49,130.54,29.15,38.4
warmup_5.mp4,120,159.38,133.69,31.65,34.56
warmup_5.mp4,130,161.0,134.12,27.71,28.97
warmup_5.mp4,140,152.2,129.71,28.66,44.61
warmup_5.mp4,150,141.8,123.59,23.42,57.34
warmup_5.mp4,160,147.25,125.93,26.07,50.19
warmup_5.mp4,170,167.43,124.85,73.97,20.86
warmup_5.mp4,180,164.51,168.47,11.9,14.36
warmup_5.mp4,190,173.63,169.35,3.65,14.59
warmup_5.mp4,200,167.01,164.17,52.15,18.95
warmup_5.mp4,210,161.76,166.24,35.51,14.06
warmup_5.mp4,220,171.28,176.1,30.0,15.97
warmup_5.mp4,230,171.7,173.9,31.47,6.67
warmup_5.mp4,240,153.59,168.64,22.36,8.84
warmup_5.mp4,250,172.77,175.39,17.72,10.25
warmup_5.mp4,260,168.94,150.59,9.69,18.03
warmup_5.mp4,270,174.41,171.07,6.95,20.12
warmup_5.mp4,280,165.42,165.86,19.69,17.92
warmup_5.mp4,300,169.29,172.98,10.81,14.88
warmup_5.mp4,310,172.16,175.27,19.8,13.98
warmup_5.mp4,320,158.97,174.08,12.62,8.49
warmup_5.mp4,330,167.87,165.24,19.65,17.45
warmup_5.mp4,340,173.82,173.94,9.96,19.89
warmup_5.mp4,350,174.28,168.46,12.9,16.7
warmup_5.mp4,360,167.33,176.27,6.33,12.61
warmup_5.mp4,370,161.44,168.48,10.93,20.56
warmup_5.mp4,390,169.85,160.45,26.31,25.07
warmup_5.mp4,400,175.67,170.8,8.46,17.27
warmup_5.mp4,410,170.28,173.2,6.82,14.11
warmup_5.mp4,420,161.45,165.26,26.26,19.03
warmup_5.mp4,430,163.9,177.37,9.75,10.16
warmup_5.mp4,440,164.88,168.48,10.78,17.9
warmup_5.mp4,450,176.34,167.84,20.49,29.76
warmup_5.mp4,460,167.68,166.89,7.78,18.16
warmup_5.mp4,470,178.22,169.99,2.35,20.89
warmup_5.mp4,480,169.5,163.02,6.81,17.6
warmup_5.mp4,490,172.35,169.4,24.48,15.28
warmup_5.mp4,500,167.58,175.36,13.51,13.03
warmup_5.mp4,510,172.67,164.41,9.84,13.74
warmup_5.mp4,520,171.09,172.37,11.9,8.66
warmup_5.mp4,530,154.1,161.32,17.97,15.5
warmup_5.mp4,540,115.47,108.35,54.68,23.01
warmup_5.mp4,550,162.71,131.23,17.12,42.16
warmup_5.mp4,560,168.57,138.78,22.28,32.19
warmup_5.mp4,570,163.72,141.98,30.16,31.6
warmup_5.mp4,580,154.21,131.53,30.28,38.19
warmup_5.mp4,590,152.31,127.81,30.98,41.35
warmup_5.mp4,600,157.27,134.95,27.47,34.04
warmup_5.mp4,610,162.58,136.3,26.88,38.12
warmup_5.mp4,620,156.5,136.79,25.44,28.95
warmup_6.mp4,10,105.48,79.6,27.74,16.98
warmup_6.mp4,20,104.79,79.76,26.81,18.03
warmup_6.mp4,30,108.07,81.07,28.11,18.64
warmup_6.mp4,40,107.4,79.78,27.56,17.62
warmup_6.mp4,50,105.4,79.7,27.04,17.79
warmup_6.mp4,60,108.33,80.14,27.97,19.11
warmup_6.mp4,70,108.93,82.46,27.44,18.79
warmup_6.mp4,80,101.67,79.45,25.91,17.27
warmup_6.mp4,90,95.5,76.93,22.53,16.23
warmup_6.mp4,100,90.98,75.06,22.7,15.77
warmup_6.mp4,110,101.88,79.26,25.29,15.18
warmup_6.mp4,120,110.22,83.93,27.36,15.43
warmup_6.mp4,130,108.72,85.38,26.05,14.69
warmup_6.mp4,140,107.1,85.52,26.11,15.49
warmup_6.mp4,150,103.71,79.13,25.66,13.94
warmup_6.mp4,160,100.54,79.25,29.63,17.13
warmup_6.mp4,170,99.61,77.28,25.89,13.53
warmup_6.mp4,180,107.34,80.21,24.71,14.07
warmup_6.mp4,190,113.68,85.33,27.79,15.79
warmup_6.mp4,200,108.85,84.54,25.68,16.06
warmup_6.mp4,210,107.09,79.69,27.35,15.65
warmup_6.mp4,220,100.41,77.36,24.94,13.75
warmup_6.mp4,230,95.97,77.81,30.0,17.97
warmup_6.mp4,240,100.58,77.55,25.43,14.32
warmup_6.mp4,250,107.53,83.11,25.28,15.44
warmup_6.mp4,260,109.44,85.49,25.56,15.98
warmup_6.mp4,270,109.44,83.36,26.71,16.09
warmup_6.mp4,280,97.84,76.74,23.16,14.14
warmup_6.mp4,290,98.44,76.85,27.0,16.36
warmup_6.mp4,300,97.56,75.69,28.13,15.26
warmup_6.mp4,310,107.6,79.29,26.06,14.31
warmup_6.mp4,320,108.94,84.82,25.76,14.92
warmup_6.mp4,330,108.23,85.8,24.84,15.94
warmup_6.mp4,340,107.42,83.29,24.97,16.63
warmup_6.mp4,350,98.68,78.01,25.32,15.05
warmup_6.mp4,360,97.84,77.16,24.17,14.23
warmup_6.mp4,370,96.98,76.54,23.28,13.5
warmup_6.mp4,380,103.23,78.18,24.37,14.51
warmup_6.mp4,390,107.66,82.35,24.8,15.66
warmup_6.mp4,400,118.95,80.37,33.0,15.07
warmup_6.mp4,410,143.05,80.35,46.75,17.59
warmup_6.mp4,420,148.15,82.65,50.82,17.3
warmup_6.mp4,430,117.43,79.76,33.64,15.4
warmup_6.mp4,440,101.1,86.73,22.06,16.66
warmup_6.mp4,450,97.61,98.2,21.18,19.89
warmup_6.mp4,460,98.6,93.07,19.91,18.76
warmup_6.mp4,470,109.12,81.36,25.22,16.13
warmup_6.mp4,480,139.84,80.37,42.99,19.99
warmup_6.mp4,490,145.58,81.41,46.91,22.47
warmup_6.mp4,500,116.11,79.48,32.42,16.13
warmup_6.mp4,510,96.96,86.54,21.58,16.38
warmup_6.mp4,520,96.19,97.03,20.36,19.94
warmup_6.mp4,530,96.05,92.6,20.4,18.53
warmup_6.mp4,540,118.7,81.43,31.94,16.23
warmup_6.mp4,550,141.9,79.72,45.63,19.93
warmup_6.mp4,560,142.42,78.77,46.71,21.17
warmup_6.mp4,570,111.93,79.96,29.5,14.81
warmup_6.mp4,580,95.77,90.67,20.96,18.99
warmup_6.mp4,590,97.74,104.26,21.45,21.59
warmup_6.mp4,600,96.94,91.95,20.32,19.13
warmup_6.mp4,610,120.87,82.32,33.55,16.87
warmup_6.mp4,620,146.98,82.53,46.16,23.02
warmup_6.mp4,630,145.04,80.49,46.3,20.17
warmup_6.mp4,640,107.53,81.24,24.7,16.16
warmup_6.mp4,650,97.54,92.27,21.25,18.96
warmup_6.mp4,660,99.19,101.31,21.46,19.6
warmup_6.mp4,670,101.03,85.45,22.18,15.46
warmup_6.mp4,680,123.11,80.84,36.48,16.93
warmup_6.mp4,690,138.75,79.89,43.25,20.98
warmup_6.mp4,700,141.73,81.19,43.99,21.97
warmup_6.mp4,710,113.07,80.13,31.24,15.39
warmup_6.mp4,720,95.37,86.91,21.53,17.92
warmup_6.mp4,730,96.23,101.11,20.64,21.74
warmup_6.mp4,740,97.5,89.84,20.18,18.5
warmup_6.mp4,750,103.2,85.04,22.96,17.25
warmup_6.mp4,760,108.36,82.87,25.64,17.08
warmup_6.mp4,770,106.94,81.39,23.92,16.6
warmup_6.mp4,780,110.32,80.65,26.87,16.79
warmup_6.mp4,790,109.0,76.59,28.59,14.53
warmup_6.mp4,800,106.07,77.65,25.27,15.26
warmup_6.mp4,810,104.78,83.65,22.55,16.45
warmup_6.mp4,820,103.55,80.8,25.39,15.61
warmup_6.mp4,830,106.61,78.96,25.55,15.41
warmup_6.mp4,840,107.75,76.36,27.46,14.31
warmup_6.mp4,850,107.07,76.26,25.87,14.61
warmup_6.mp4,860,103.77,79.28,24.34,15.06
warmup_6.mp4,870,105.38,82.52,23.01,16.13
warmup_6.mp4,880,103.4,80.95,25.02,16.67
warmup_6.mp4,890,109.6,77.13,28.12,14.84
warmup_6.mp4,900,105.92,75.04,26.39,14.64
warmup_6.mp4,910,104.79,78.99,24.93,15.29
warmup_6.mp4,920,101.79,80.08,23.29,15.26
warmup_6.mp4,930,103.22,79.98,26.11,15.94
warmup_6.mp4,940,112.12,81.27,27.01,15.74
warmup_6.mp4,950,108.26,76.41,28.49,14.82
warmup_6.mp4,960,107.11,77.22,27.97,14.41
warmup_6.mp4,970,104.46,80.77,22.66,16.19
warmup_6.mp4,980,100.42,81.38,23.31,16.26
warmup_6.mp4,990,103.07,81.18,24.87,15.62
warmup_6.mp4,1000,108.31,77.29,28.0,15.1
warmup_6.mp4,1010,106.41,76.64,28.19,14.88
warmup_6.mp4,1020,105.72,79.02,24.15,16.07
warmup_6.mp4,1030,106.41,81.78,23.58,16.65
warmup_6.mp4,1040,105.3,81.0,23.19,16.07
warmup_6.mp4,1050,107.18,80.15,24.63,16.78
warmup_6.mp4,1060,107.99,76.04,29.49,14.82
warmup_6.mp4,1070,108.89,77.93,27.31,16.32
warmup_6.mp4,1080,103.46,80.13,23.41,15.62
warmup_6.mp4,1090,99.42,80.21,22.9,15.81
warmup_6.mp4,1100,102.59,79.87,23.86,15.8
warmup_6.mp4,1110,101.91,79.16,25.57,15.72
warmup_6.mp4,1120,103.16,80.57,24.13,16.04
warmup_6.mp4,1130,104.13,80.04,25.13,15.81
warmup_6.mp4,1140,105.1,79.43,25.3,15.62
warmup_6.mp4,1150,103.61,80.22,25.06,16.23
warmup_6.mp4,1160,105.65,81.37,25.39,17.0
warmup_7.mp4,10,105.26,79.87,23.49,18.19
warmup_7.mp4,20,103.31,78.56,24.3,17.64
warmup_7.mp4,30,104.94,78.95,24.35,18.86
warmup_7.mp4,40,104.22,79.64,23.15,18.02
warmup_7.mp4,50,107.65,81.09,23.87,19.33
warmup_7.mp4,60,107.07,80.24,24.56,18.74
warmup_7.mp4,70,104.04,80.31,22.93,19.04
warmup_7.mp4,80,108.7,80.37,24.65,16.1
warmup_7.mp4,90,117.07,78.39,29.76,15.16
warmup_7.mp4,100,87.34,59.92,40.82,53.45
warmup_7.mp4,110,145.55,172.94,91.05,89.32
warmup_7.mp4,120,159.01,108.31,147.51,98.57
warmup_7.mp4,130,165.29,162.1,106.78,87.63
warmup_7.mp4,140,162.49,153.67,65.31,43.32
warmup_7.mp4,150,108.47,80.17,28.22,11.88
warmup_7.mp4,160,129.4,162.64,60.24,73.76
warmup_7.mp4,170,144.03,85.16,120.53,84.27
warmup_7.mp4,180,167.56,142.69,167.73,134.12
warmup_7.mp4,190,166.51,170.17,125.8,101.6
warmup_7.mp4,200,119.16,74.77,41.57,33.44
warmup_7.mp4,210,104.72,72.75,27.69,17.32
warmup_7.mp4,220,148.34,171.61,92.74,89.48
warmup_7.mp4,230,172.24,144.27,160.3,130.72
warmup_7.mp4,240,164.29,143.66,131.58,136.77
warmup_7.mp4,250,169.22,170.25,84.16,57.52
warmup_7.mp4,260,114.53,79.12,30.49,12.94
warmup_7.mp4,270,125.77,106.99,55.84,35.78
warmup_7.mp4,280,147.08,98.34,121.08,89.7
warmup_7.mp4,290,171.21,136.88,164.59,126.09
warmup_7.mp4,300,166.47,173.69,122.46,101.42
warmup_7.mp4,310,128.82,82.06,45.61,34.15
warmup_7.mp4,320,103.48,75.48,24.89,12.08
warmup_7.mp4,330,145.12,171.93,68.42,95.76
warmup_7.mp4,340,145.53,89.51,118.77,93.02
warmup_7.mp4,350,169.17,132.01,148.8,128.91
warmup_7.mp4,360,169.76,170.01,114.08,89.65
warmup_7.mp4,370,154.28,133.96,63.16,38.93
warmup_7.mp4,380,107.53,82.91,32.77,20.89
warmup_7.mp4,390,104.07,80.53,27.16,18.94
warmup_7.mp4,400,105.8,78.48,28.95,24.03
warmup_7.mp4,410,105.63,78.41,29.32,24.74
warmup_7.mp4,420,106.15,80.0,29.67,23.53
warmup_7.mp4,430,103.74,78.58,28.97,19.68
warmup_8.mp4,10,104.6,80.5,24.58,19.55
warmup_8.mp4,20,105.59,81.04,26.23,19.0
warmup_8.mp4,30,104.24,79.69,26.07,19.63
warmup_8.mp4,40,104.25,79.88,25.37,19.02
warmup_8.mp4,50,107.36,81.47,26.05,19.89
warmup_8.mp4,60,104.24,80.9,24.81,19.62
warmup_8.mp4,70,103.47,79.71,25.67,17.9
warmup_8.mp4,80,103.9,80.9,24.27,18.36
warmup_8.mp4,90,104.52,79.24,24.54,15.26
warmup_8.mp4,100,99.98,72.39,28.67,34.05
warmup_8.mp4,110,103.46,78.35,29.2,35.42
warmup_8.mp4,120,106.13,81.77,29.85,18.37
warmup_8.mp4,130,116.37,81.17,33.96,10.5
warmup_8.mp4,140,116.27,76.96,28.32,15.27
warmup_8.mp4,150,97.14,72.72,31.22,34.6
warmup_8.mp4,160,98.5,75.76,19.68,27.08
warmup_8.mp4,170,111.52,83.3,31.04,14.86
warmup_8.mp4,180,108.03,80.54,26.5,12.39
warmup_8.mp4,190,104.13,73.22,23.11,14.64
warmup_8.mp4,200,100.99,74.4,28.17,33.8
warmup_8.mp4,210,104.65,76.58,21.9,18.99
warmup_8.mp4,220,110.86,82.29,31.66,13.91
warmup_8.mp4,230,111.06,78.36,26.0,12.3
warmup_8.mp4,240,101.78,73.34,25.15,18.57
warmup_8.mp4,250,100.36,76.73,33.5,38.61
warmup_8.mp4,260,100.89,77.46,18.81,24.82
warmup_8.mp4,270,109.96,82.79,31.91,13.05
warmup_8.mp4,280,114.75,80.43,26.93,15.69
warmup_8.mp4,290,97.96,69.09,22.74,23.43
warmup_8.mp4,300,107.12,75.1,32.22,44.89
warmup_8.mp4,310,100.59,76.54,18.81,27.78
warmup_8.mp4,320,110.48,85.1,32.34,18.05
warmup_8.mp4,330,112.64,83.91,32.6,15.78
warmup_8.mp4,340,108.47,80.92,23.98,12.17
warmup_8.mp4,350,108.56,81.93,22.34,12.44
warmup_8.mp4,360,110.33,87.84,26.06,18.91
warmup_8.mp4,370,103.49,79.64,19.86,17.43
warmup_8.mp4,380,96.17,71.18,36.65,52.05
warmup_8.mp4,390,105.1,68.8,42.55,66.18
warmup_8.mp4,400,118.97,76.99,28.0,20.52
warmup_8.mp4,410,109.66,83.24,27.18,15.06
warmup_8.mp4,420,101.84,76.18,26.48,18.58
warmup_8.mp4,430,93.42,69.08,35.4,51.7
warmup_8.mp4,440,101.44,65.09,39.3,55.6
warmup_8.mp4,450,114.12,75.56,30.1,16.52
warmup_8.mp4,460,106.81,81.18,24.9,14.9
warmup_8.mp4,470,103.97,79.6,34.84,21.28
warmup_8.mp4,480,92.89,70.7,35.88,47.81
warmup_8.mp4,490,94.26,66.0,48.87,54.9
warmup_8.mp4,500,107.21,72.28,25.19,27.3
warmup_8.mp4,510,107.32,81.04,25.87,13.18
warmup_8.mp4,520,106.77,80.4,30.37,16.75
warmup_8.mp4,530,95.87,68.97,28.8,33.15
warmup_8.mp4,540,88.03,62.41,40.11,44.71
warmup_8.mp4,550,109.46,70.54,23.74,34.68
warmup_8.mp4,560,108.18,80.69,25.55,13.14
warmup_8.mp4,570,113.01,83.3,43.77,23.79
warmup_8.mp4,580,97.38,68.68,32.43,26.35
warmup_8.mp4,590,85.29,64.51,41.62,46.53
warmup_8.mp4,600,92.32,62.38,44.77,63.67
warmup_8.mp4,610,109.52,78.87,23.84,23.55
warmup_8.mp4,620,102.59,79.55,23.42,20.45
warmup_8.mp4,630,101.92,79.22,29.46,22.12
warmup_8.mp4,640,106.67,80.17,27.87,21.49
warmup_8.mp4,650,104.84,79.25,27.48,18.87
warmup_8.mp4,660,103.77,78.99,25.97,18.85
warmup_8.mp4,670,104.47,78.15,26.06,18.4
warmup_9.mp4,10,105.75,81.38,22.04,16.23
warmup_9.mp4,20,107.1,81.98,22.77,16.49
warmup_9.mp4,30,105.15,80.43,22.41,16.0
warmup_9.mp4,40,106.07,80.88,22.67,16.01
warmup_9.mp4,50,106.87,81.41,22.78,16.76
warmup_9.mp4,60,107.63,82.49,21.98,17.26
warmup_9.mp4,70,104.31,80.22,22.13,16.5
warmup_9.mp4,80,108.89,82.36,20.91,18.85
warmup_9.mp4,90,146.15,86.41,76.29,26.68
warmup_9.mp4,100,169.15,127.65,125.9,33.09
warmup_9.mp4,110,171.74,95.06,156.47,28.5
warmup_9.mp4,120,175.92,108.62,140.94,23.79
warmup_9.mp4,130,176.53,119.5,130.89,24.09
warmup_9.mp4,140,152.42,88.84,143.99,55.64
warmup_9.mp4,150,142.5,60.78,126.88,73.68
warmup_9.mp4,160,172.96,121.43,136.26,20.08
warmup_9.mp4,170,174.26,125.75,93.38,57.44
warmup_9.mp4,180,127.26,126.5,34.15,136.86
warmup_9.mp4,190,166.07,164.33,88.8,156.56
warmup_9.mp4,200,115.81,138.34,24.26,148.8
warmup_9.mp4,210,134.91,115.1,17.47,121.94
warmup_9.mp4,220,138.4,134.54,26.3,157.81
warmup_9.mp4,230,138.08,147.87,27.75,175.73
warmup_9.mp4,240,131.65,125.19,17.6,134.88
warmup_9.mp4,250,170.29,170.6,60.09,53.49
warmup_9.mp4,260,167.64,120.51,123.31,22.82
warmup_9.mp4,270,167.11,100.49,153.62,40.56
warmup_9.mp4,280,162.72,69.13,144.67,50.24
warmup_9.mp4,290,175.98,124.67,133.15,24.68
warmup_9.mp4,300,172.21,118.62,155.84,28.5
warmup_9.mp4,310,150.86,152.18,121.89,66.38
warmup_9.mp4,320,169.74,98.35,154.19,24.9
warmup_9.mp4,330,167.79,105.24,99.05,57.61
warmup_9.mp4,340,136.79,131.39,22.34,130.22
warmup_9.mp4,350,151.44,161.56,74.64,168.71
warmup_9.mp4,360,123.39,137.92,21.55,155.91
warmup_9.mp4,370,131.76,128.89,19.14,144.97
warmup_9.mp4,380,139.81,122.67,24.56,145.26
warmup_9.mp4,390,141.98,148.49,25.05,174.39
warmup_9.mp4,400,132.4,129.98,17.46,143.3
warmup_9.mp4,410,161.37,167.72,45.83,59.37
warmup_9.mp4,420,163.28,120.7,113.27,25.38
warmup_9.mp4,430,162.5,169.14,129.71,77.66
warmup_9.mp4,440,166.99,73.7,141.82,43.09
warmup_9.mp4,450,174.49,112.42,144.2,18.18
warmup_9.mp4,460,170.63,110.6,146.17,17.94
warmup_9.mp4,470,140.88,64.44,119.08,33.29
warmup_9.mp4,480,169.2,99.33,155.6,29.99
warmup_9.mp4,490,171.94,104.55,99.62,59.32
warmup_9.mp4,500,126.99,148.85,21.04,128.82
warmup_9.mp4,510,159.72,164.29,71.62,161.11
warmup_9.mp4,520,113.44,133.92,27.37,152.3
warmup_9.mp4,530,133.94,125.78,22.89,146.19
warmup_9.mp4,540,118.15,145.85,48.83,164.11
warmup_9.mp4,550,144.06,142.47,46.58,169.58
warmup_9.mp4,560,127.4,146.11,41.83,121.3
warmup_9.mp4,570,167.81,102.02,95.73,61.94
warmup_9.mp4,580,166.01,120.33,148.18,17.35
warmup_9.mp4,590,164.75,153.97,129.22,71.22
warmup_9.mp4,600,159.21,91.36,160.29,24.95
warmup_9.mp4,610,174.55,110.07,147.12,24.72
warmup_9.mp4,620,156.88,73.46,144.68,32.97
warmup_9.mp4,630,162.95,164.02,126.73,79.87
warmup_9.mp4,640,174.12,123.46,127.74,17.68
warmup_9.mp4,650,164.09,140.44,84.07,67.94
warmup_9.mp4,660,123.19,133.93,34.6,146.81
warmup_9.mp4,670,150.95,163.05,56.51,161.91
warmup_9.mp4,680,130.24,127.63,23.41,142.59
warmup_9.mp4,690,131.36,126.33,24.55,144.0
warmup_9.mp4,700,146.31,152.46,50.49,161.32
warmup_9.mp4,710,142.1,129.05,22.66,155.77
warmup_9.mp4,720,157.71,161.38,39.46,89.18
warmup_9.mp4,730,163.4,115.42,96.43,43.26
warmup_9.mp4,740,163.43,116.38,135.64,49.56
warmup_9.mp4,750,160.13,155.21,121.69,64.66
warmup_9.mp4,760,172.79,107.44,150.3,15.48
warmup_9.mp4,770,172.97,113.43,159.03,25.36
warmup_9.mp4,780,145.74,142.73,124.06,48.62
warmup_9.mp4,790,147.7,87.75,150.35,15.25
warmup_9.mp4,800,169.55,103.11,98.56,51.45
warmup_9.mp4,810,134.54,140.01,21.45,134.62
warmup_9.mp4,820,153.89,168.25,65.08,146.07
warmup_9.mp4,830,115.59,133.18,23.31,149.9
warmup_9.mp4,840,135.73,120.95,28.44,133.16
warmup_9.mp4,850,142.85,141.44,22.99,165.64
warmup_9.mp4,860,161.62,150.92,53.6,159.2
warmup_9.mp4,870,123.6,134.2,34.03,145.24
warmup_9.mp4,880,134.39,71.06,24.19,89.18
warmup_9.mp4,890,106.32,78.39,20.61,42.87
warmup_9.mp4,900,104.99,81.71,21.76,22.4
warmup_9.mp4,910,103.27,80.14,23.33,18.56
warmup_9.mp4,920,102.34,79.8,21.31,16.86
warmup_9.mp4,930,104.38,81.29,19.93,18.18
warmup_9.mp4,940,106.84,80.78,21.23,18.54
warmup_9.mp4,950,107.09,81.17,21.12,17.19
w_raise.mp4,10,77.37,117.85,28.45,34.41
w_raise.mp4,20,78.46,119.55,26.76,34.47
w_raise.mp4,30,75.69,116.99,25.12,35.46
w_raise.mp4,40,75.63,117.33,25.77,37.46
w_raise.mp4,50,78.04,118.85,28.76,35.13
w_raise.mp4,60,78.44,117.71,27.39,34.78
w_raise.mp4,70,77.83,119.88,29.85,36.37
w_raise.mp4,80,78.72,116.92,24.59,33.39
w_raise.mp4,90,75.62,108.81,19.74,30.3
w_raise.mp4,100,74.06,100.2,12.11,27.5
w_raise.mp4,110,76.89,106.15,16.88,26.28
w_raise.mp4,120,76.26,106.27,15.86,27.65
w_raise.mp4,130,79.04,103.19,14.28,26.56
w_raise.mp4,140,74.24,103.31,11.45,33.77
w_raise.mp4,150,74.85,106.42,16.27,34.68
w_raise.mp4,160,76.39,116.26,17.0,42.75
w_raise.mp4,170,76.13,127.55,14.32,56.16
w_raise.mp4,180,79.59,131.13,16.0,56.07
w_raise.mp4,190,78.97,126.86,17.2,55.63
w_raise.mp4,200,73.38,125.85,28.74,74.13
w_raise.mp4,210,94.48,150.31,49.07,91.53
w_raise.mp4,220,80.75,137.4,65.11,99.39
w_raise.mp4,230,142.15,137.03,107.47,108.73
w_raise.mp4,240,143.71,137.83,105.55,107.4
w_raise.mp4,250,141.52,138.71,98.32,107.43
w_raise.mp4,260,139.59,140.24,100.17,107.95
w_raise.mp4,270,124.09,138.88,83.78,102.62
w_raise.mp4,280,144.23,146.33,86.15,102.24
w_raise.mp4,290,98.44,139.55,43.97,89.67
w_raise.mp4,300,72.75,120.94,31.84,70.14
w_raise.mp4,310,79.24,128.81,19.79,66.34
w_raise.mp4,320,79.85,130.72,18.15,60.35
w_raise.mp4,330,79.46,129.17,18.33,59.0
w_raise.mp4,340,75.36,123.2,21.89,66.27
w_raise.mp4,350,69.42,152.22,53.06,94.79
w_raise.mp4,360,114.67,140.35,73.1,96.54
w_raise.mp4,370,139.08,140.13,109.48,114.23
w_raise.mp4,380,143.01,137.01,100.79,104.47
w_raise.mp4,390,144.24,140.11,99.77,105.93
w_raise.mp4,400,134.02,141.08,94.18,105.34
w_raise.mp4,410,127.76,139.03,91.63,101.65
w_raise.mp4,420,143.66,148.43,86.35,105.52
w_raise.mp4,430,92.67,138.85,39.7,91.87
w_raise.mp4,440,72.24,112.76,25.15,58.4
w_raise.mp4,450,76.1,121.35,18.2,59.66
w_raise.mp4,460,76.06,123.49,18.84,57.49
w_raise.mp4,470,75.78,119.66,22.5,58.24
w_raise.mp4,480,80.93,131.98,38.55,87.4
w_raise.mp4,490,142.44,145.49,91.53,108.66
w_raise.mp4,500,134.33,136.18,97.39,103.45
w_raise.mp4,510,145.88,139.62,97.3,102.59
w_raise.mp4,520,145.38,140.14,96.09,103.57
w_raise.mp4,530,143.63,140.87,98.45,104.48
w_raise.mp4,540,119.68,139.46,88.84,106.51
w_raise.mp4,550,141.28,142.93,89.66,107.28
w_raise.mp4,560,126.25,144.73,65.98,100.75
w_raise.mp4,570,71.83,118.57,32.54,69.67
w_raise.mp4,580,77.88,120.23,19.94,61.05
w_raise.mp4,590,79.92,127.23,18.41,65.95
w_raise.mp4,600,73.05,121.45,23.78,61.0
w_raise.mp4,610,95.57,141.04,46.94,96.31
w_raise.mp4,620,146.7,144.74,100.4,109.01
w_raise.mp4,630,140.12,138.07,93.07,102.45
w_raise.mp4,640,143.49,140.24,91.38,101.46
w_raise.mp4,650,142.37,140.67,91.72,103.61
w_raise.mp4,660,135.95,138.28,93.03,104.22
w_raise.mp4,670,110.71,137.98,88.94,109.7
w_raise.mp4,680,151.0,152.32,96.73,110.16
w_raise.mp4,690,124.23,138.78,57.42,91.09
w_raise.mp4,700,71.31,116.13,27.6,62.94
w_raise.mp4,710,79.26,125.74,19.76,62.93
w_raise.mp4,720,77.09,125.25,19.82,59.87
w_raise.mp4,730,78.2,124.05,34.63,78.29
w_raise.mp4,740,156.77,151.71,88.3,95.43
w_raise.mp4,750,126.49,142.08,86.43,100.9
w_raise.mp4,760,147.44,140.75,101.55,104.95
w_raise.mp4,770,147.1,140.17,102.68,108.57
w_raise.mp4,780,127.77,138.46,86.89,106.97
w_raise.mp4,790,140.4,140.14,104.44,113.35
w_raise.mp4,800,146.79,147.65,99.25,109.69
w_raise.mp4,810,119.91,138.0,62.18,97.94
w_raise.mp4,820,72.38,119.64,28.53,73.34
w_raise.mp4,830,77.78,115.7,18.98,53.66
w_raise.mp4,840,80.18,121.51,14.77,51.75
w_raise.mp4,850,80.4,115.32,12.28,32.05
w_raise.mp4,860,81.7,112.68,13.99,25.27
w_raise.mp4,870,81.1,116.96,17.26,27.41
w_raise.mp4,880,82.16,119.89,20.66,23.81
w_raise.mp4,890,82.15,113.7,22.82,23.34
w_raise.mp4,900,82.95,114.82,20.1,26.17
w_raise.mp4,910,79.36,114.58,24.31,33.74
w_raise.mp4,920,78.47,119.6,22.37,38.06
w_raise.mp4,930,81.14,120.28,20.49,37.44
w_raise.mp4,940,82.93,127.04,17.02,38.97
w_raise.mp4,950,83.52,126.08,19.52,36.1
band_pull_apart.mp4,10,137.67,170.02,18.02,28.8
band_pull_apart.mp4,20,133.3,168.0,20.25,30.81
band_pull_apart.mp4,30,135.44,168.82,19.98,43.99
band_pull_apart.mp4,40,134.48,159.32,20.02,58.47
band_pull_apart.mp4,50,135.31,156.61,20.47,53.81
band_pull_apart.mp4,60,134.46,155.6,21.61,57.64
band_pull_apart.mp4,70,133.48,152.42,22.13,67.43
band_pull_apart.mp4,80,142.07,154.59,29.77,67.91
band_pull_apart.mp4,90,137.87,154.92,30.89,79.7
band_pull_apart.mp4,100,136.6,157.67,31.44,78.54
band_pull_apart.mp4,110,134.8,153.7,36.89,80.81
band_pull_apart.mp4,120,142.77,153.74,45.03,69.83
band_pull_apart.mp4,130,130.51,149.37,34.63,81.82
band_pull_apart.mp4,140,140.36,145.72,64.84,90.15
band_pull_apart.mp4,150,135.15,160.06,76.15,105.1
band_pull_apart.mp4,160,158.74,171.14,104.99,112.67
band_pull_apart.mp4,170,173.79,175.86,103.35,114.23
band_pull_apart.mp4,180,157.33,173.52,116.87,109.56
band_pull_apart.mp4,190,166.48,171.73,116.55,107.5
band_pull_apart.mp4,200,169.74,170.92,110.85,105.55
band_pull_apart.mp4,210,168.64,170.51,100.53,104.21
band_pull_apart.mp4,220,171.46,164.07,93.6,98.93
band_pull_apart.mp4,230,169.47,153.13,90.28,87.91
band_pull_apart.mp4,240,169.93,168.77,87.68,93.04
band_pull_apart.mp4,250,169.35,167.44,84.6,91.3
band_pull_apart.mp4,260,168.66,168.76,85.07,94.31
band_pull_apart.mp4,270,169.35,168.51,86.12,94.55
band_pull_apart.mp4,280,170.0,161.9,89.38,92.03
band_pull_apart.mp4,290,167.4,154.62,85.65,93.93
band_pull_apart.mp4,300,165.6,163.42,96.13,95.18
band_pull_apart.mp4,310,151.07,168.92,99.33,102.2
band_pull_apart.mp4,320,173.36,170.54,109.84,108.81
band_pull_apart.mp4,330,170.19,174.83,114.63,109.61
band_pull_apart.mp4,340,170.43,174.16,115.79,107.22
band_pull_apart.mp4,350,169.53,174.81,112.75,104.72
band_pull_apart.mp4,360,171.2,170.68,107.73,109.75
band_pull_apart.mp4,370,169.66,170.85,98.93,106.95
band_pull_apart.mp4,380,167.21,163.99,97.58,95.75
band_pull_apart.mp4,390,167.56,159.65,87.47,93.92
band_pull_apart.mp4,400,167.76,169.49,86.09,95.41
band_pull_apart.mp4,410,166.43,164.15,81.42,91.23
band_pull_apart.mp4,420,168.51,159.95,78.62,88.92
band_pull_apart.mp4,430,170.84,168.47,85.42,93.27
band_pull_apart.mp4,440,169.57,168.7,85.6,96.14
band_pull_apart.mp4,450,168.79,159.88,86.87,94.65
band_pull_apart.mp4,460,171.39,152.97,88.27,98.08
band_pull_apart.mp4,470,172.42,168.3,99.75,105.3
band_pull_apart.mp4,480,170.74,169.48,107.27,104.76
band_pull_apart.mp4,490,154.02,168.27,113.2,105.76
band_pull_apart.mp4,500,133.35,142.11,112.74,108.72
band_pull_apart.mp4,510,172.12,175.3,110.05,109.79
band_pull_apart.mp4,520,167.76,167.57,111.73,107.83
band_pull_apart.mp4,530,170.01,171.76,108.11,101.46
band_pull_apart.mp4,540,168.27,163.02,95.22,100.06
band_pull_apart.mp4,550,168.17,157.47,91.45,90.99
band_pull_apart.mp4,560,169.28,166.1,87.4,93.44
band_pull_apart.mp4,570,167.17,162.04,82.7,88.45
band_pull_apart.mp4,580,163.26,165.04,83.79,90.52
band_pull_apart.mp4,590,168.33,166.51,86.32,91.66
band_pull_apart.mp4,600,165.41,164.62,88.02,92.56
band_pull_apart.mp4,610,167.83,152.67,87.02,91.05
band_pull_apart.mp4,620,168.8,168.92,91.57,104.34
band_pull_apart.mp4,630,168.72,170.1,105.26,105.24
band_pull_apart.mp4,640,170.92,175.19,111.69,105.26
band_pull_apart.mp4,650,135.86,161.81,118.98,112.92
band_pull_apart.mp4,660,169.6,175.21,112.39,109.19
band_pull_apart.mp4,670,159.91,169.3,108.21,112.99
band_pull_apart.mp4,680,163.94,170.03,103.07,106.47
band_pull_apart.mp4,690,168.53,164.04,98.97,98.85
band_pull_apart.mp4,700,168.03,155.32,91.89,95.83
band_pull_apart.mp4,710,166.62,162.74,88.28,91.31
band_pull_apart.mp4,720,163.1,168.6,85.84,93.33
band_pull_apart.mp4,730,170.34,165.19,81.95,90.59
band_pull_apart.mp4,740,167.92,166.23,83.3,93.73
band_pull_apart.mp4,750,164.59,167.63,86.73,94.33
band_pull_apart.mp4,760,168.56,154.49,89.09,92.04
band_pull_apart.mp4,770,170.42,168.86,98.11,100.7
band_pull_apart.mp4,780,167.29,170.22,99.99,109.06
band_pull_apart.mp4,790,175.09,173.22,109.86,109.38
band_pull_apart.mp4,800,170.61,173.77,110.26,112.1
band_pull_apart.mp4,810,173.26,175.94,113.3,106.36
band_pull_apart.mp4,820,174.17,171.36,106.31,112.32
band_pull_apart.mp4,830,164.15,174.31,102.47,109.37
band_pull_apart.mp4,840,170.49,168.65,98.21,107.35
band_pull_apart.mp4,850,168.22,153.58,91.35,96.45
band_pull_apart.mp4,860,166.59,167.98,89.17,94.68
band_pull_apart.mp4,870,168.76,163.14,80.97,89.68
band_pull_apart.mp4,880,162.1,171.6,82.98,95.0
band_pull_apart.mp4,890,163.7,170.37,84.01,93.46
band_pull_apart.mp4,900,166.34,167.07,82.87,94.05
band_pull_apart.mp4,910,168.73,159.63,87.3,92.07
band_pull_apart.mp4,920,169.6,150.1,93.72,92.82
band_pull_apart.mp4,930,167.71,163.13,98.39,112.63
band_pull_apart.mp4,940,170.44,171.73,108.07,107.96
band_pull_apart.mp4,950,172.52,174.39,107.93,108.51
band_pull_apart.mp4,960,147.7,172.47,122.69,113.36
band_pull_apart.mp4,970,148.92,171.7,110.21,110.45
band_pull_apart.mp4,980,125.11,164.52,94.67,103.32
band_pull_apart.mp4,990,128.25,154.74,68.8,89.5
band_pull_apart.mp4,1000,137.7,143.48,68.25,91.77
band_pull_apart.mp4,1010,139.46,147.9,80.5,101.34
band_pull_apart.mp4,1020,138.85,147.04,70.32,87.62
band_pull_apart.mp4,1030,142.18,149.08,48.45,78.3
band_pull_apart.mp4,1040,138.05,147.41,33.54,68.24
band_pull_apart.mp4,1050,142.55,168.26,20.72,35.02
band_pull_apart.mp4,1060,137.14,172.94,22.49,26.56
band_pull_apart.mp4,1070,137.02,171.19,19.58,23.97
band_pull_apart.mp4,1080,138.16,170.41,18.24,40.6
band_pull_apart.mp4,1090,134.17,171.34,20.05,52.37
band_pull_apart.mp4,1100,138.16,171.72,23.67,30.3
band_pull_apart.mp4,1110,138.97,169.79,20.08,35.2
barbell_dead_row.mp4,10,168.12,130.48,23.58,20.69
barbell_dead_row.mp4,20,164.67,131.99,22.09,19.86
barbell_dead_row.mp4,30,165.33,132.93,22.15,19.78
barbell_dead_row.mp4,40,167.16,132.59,22.37,19.4
barbell_dead_row.mp4,50,166.76,131.48,21.99,19.4
barbell_dead_row.mp4,60,165.31,134.37,21.0,19.65
barbell_dead_row.mp4,70,162.84,139.39,22.49,19.11
barbell_dead_row.mp4,80,171.38,129.03,20.05,28.15
barbell_dead_row.mp4,90,170.66,133.88,22.14,27.23
barbell_dead_row.mp4,100,166.2,136.0,24.28,27.3
barbell_dead_row.mp4,110,165.02,132.55,19.6,25.3
barbell_dead_row.mp4,120,163.26,131.18,17.15,28.01
barbell_dead_row.mp4,130,143.12,99.56,113.77,39.6
barbell_dead_row.mp4,140,165.99,158.24,23.31,22.61
barbell_dead_row.mp4,150,162.24,133.23,28.33,39.96
barbell_dead_row.mp4,160,160.48,143.37,40.82,54.21
barbell_dead_row.mp4,170,144.94,122.27,65.15,50.63
barbell_dead_row.mp4,180,145.56,120.55,87.45,48.07
barbell_dead_row.mp4,190,145.61,109.85,99.61,49.4
barbell_dead_row.mp4,200,142.61,111.65,92.26,26.93
barbell_dead_row.mp4,210,146.69,112.05,56.29,29.48
barbell_dead_row.mp4,220,169.0,133.99,14.29,24.58
barbell_dead_row.mp4,230,171.24,130.79,10.21,25.04
barbell_dead_row.mp4,240,159.27,125.25,26.77,29.2
barbell_dead_row.mp4,250,159.64,117.9,53.19,42.12
barbell_dead_row.mp4,260,156.4,120.28,21.58,31.85
barbell_dead_row.mp4,270,152.29,115.36,35.61,34.4
barbell_dead_row.mp4,280,151.89,107.0,79.25,31.93
barbell_dead_row.mp4,290,144.24,109.43,79.9,33.58
barbell_dead_row.mp4,300,144.13,109.34,91.92,28.38
barbell_dead_row.mp4,310,140.73,113.73,82.06,36.02
barbell_dead_row.mp4,320,141.9,116.63,92.14,42.57
barbell_dead_row.mp4,330,138.89,120.66,90.59,51.03
barbell_dead_row.mp4,340,131.56,115.79,116.61,49.16
barbell_dead_row.mp4,350,116.59,119.23,97.51,44.94
barbell_dead_row.mp4,360,132.57,108.39,117.16,55.48
barbell_dead_row.mp4,370,118.44,108.48,96.39,51.37
barbell_dead_row.mp4,380,119.73,105.39,89.45,40.33
barbell_dead_row.mp4,390,119.66,157.16,40.6,16.99
barbell_dead_row.mp4,400,133.58,148.76,32.64,13.32
barbell_dead_row.mp4,410,106.98,106.38,73.64,40.4
barbell_dead_row.mp4,420,122.79,108.33,88.96,46.06
barbell_dead_row.mp4,430,133.48,113.38,116.42,48.65
barbell_dead_row.mp4,440,127.0,117.71,108.34,43.15
barbell_dead_row.mp4,450,119.18,116.87,92.86,39.7
barbell_dead_row.mp4,460,131.88,121.42,58.61,39.05
barbell_dead_row.mp4,470,127.42,107.25,106.98,46.24
barbell_dead_row.mp4,480,112.9,105.57,85.86,46.54
barbell_dead_row.mp4,490,113.97,102.57,69.09,27.62
barbell_dead_row.mp4,500,108.31,159.74,54.33,29.06
barbell_dead_row.mp4,510,125.13,154.41,38.28,19.27
barbell_dead_row.mp4,520,117.22,107.47,60.78,30.3
barbell_dead_row.mp4,530,125.91,110.82,97.47,45.96
barbell_dead_row.mp4,540,131.68,113.9,109.65,42.86
barbell_dead_row.mp4,550,140.0,127.23,60.71,44.37
barbell_dead_row.mp4,560,111.78,120.63,62.07,37.85
barbell_dead_row.mp4,570,106.78,123.97,75.69,40.02
barbell_dead_row.mp4,580,128.21,117.06,89.17,42.83
barbell_dead_row.mp4,590,118.42,106.25,94.42,47.89
barbell_dead_row.mp4,600,113.8,111.76,56.54,35.67
barbell_dead_row.mp4,610,124.31,142.77,38.73,26.71
barbell_dead_row.mp4,620,126.08,138.34,37.81,27.29
barbell_dead_row.mp4,630,119.49,109.1,74.63,36.31
barbell_dead_row.mp4,640,123.5,110.53,94.48,45.74
barbell_dead_row.mp4,650,134.67,112.7,114.36,44.7
barbell_dead_row.mp4,660,125.98,118.55,95.34,41.99
barbell_dead_row.mp4,670,92.71,128.03,78.39,37.97
barbell_dead_row.mp4,680,89.34,131.26,56.76,37.43
barbell_dead_row.mp4,690,117.39,127.3,95.24,44.14
barbell_dead_row.mp4,700,122.95,109.53,86.75,42.44
barbell_dead_row.mp4,710,119.18,108.95,50.7,31.9
barbell_dead_row.mp4,720,120.57,152.06,40.96,28.68
barbell_dead_row.mp4,730,128.32,139.23,36.33,34.74
barbell_dead_row.mp4,740,122.77,110.46,80.01,40.14
barbell_dead_row.mp4,750,127.23,111.42,85.23,41.91
barbell_dead_row.mp4,760,130.59,117.76,115.09,43.99
barbell_dead_row.mp4,770,111.05,122.95,89.98,39.71
barbell_dead_row.mp4,780,102.0,127.42,84.85,38.55
barbell_dead_row.mp4,790,108.3,129.86,77.49,39.38
barbell_dead_row.mp4,800,126.09,117.54,106.74,44.58
barbell_dead_row.mp4,810,118.27,103.5,92.09,44.18
barbell_dead_row.mp4,820,124.67,108.49,85.28,48.4
barbell_dead_row.mp4,830,130.59,145.26,34.86,32.11
barbell_dead_row.mp4,840,127.83,137.42,38.55,27.97
barbell_dead_row.mp4,850,117.24,110.86,70.41,47.05
barbell_dead_row.mp4,860,131.22,112.47,112.29,51.51
barbell_dead_row.mp4,870,128.52,119.38,54.03,33.27
barbell_dead_row.mp4,880,139.36,112.97,82.5,35.8
barbell_dead_row.mp4,890,145.02,108.35,91.55,27.14
barbell_dead_row.mp4,900,154.48,119.57,22.35,20.27
barbell_dead_row.mp4,910,174.12,125.8,21.46,26.84
barbell_dead_row.mp4,920,164.74,116.66,30.11,36.23
barbell_dead_row.mp4,930,161.09,108.23,75.15,38.02
barbell_dead_row.mp4,940,175.23,122.97,35.54,41.46
barbell_dead_row.mp4,950,176.64,136.28,11.42,26.82
barbell_dead_row.mp4,960,158.09,127.71,20.51,26.99
barbell_dead_row.mp4,970,147.32,109.13,106.42,37.32
barbell_dead_row.mp4,980,145.23,113.31,95.6,43.83
barbell_dead_row.mp4,990,150.01,121.92,87.07,45.14
barbell_dead_row.mp4,1000,161.42,135.02,27.88,34.16
barbell_dead_row.mp4,1010,167.02,132.96,19.75,41.85
barbell_dead_row.mp4,1020,172.14,143.85,36.74,39.56
barbell_dead_row.mp4,1030,167.83,154.87,35.87,28.44
barbell_dead_row.mp4,1040,173.0,150.64,31.71,33.28
barbell_dead_row.mp4,1050,171.23,140.63,24.41,39.32
barbell_dead_row.mp4,1060,166.01,156.24,38.3,27.89
barbell_dead_row.mp4,1070,156.99,127.39,42.48,33.8
barbell_dead_row.mp4,1080,170.01,141.29,11.21,53.76
barbell_dead_row.mp4,1090,168.34,122.05,24.93,32.54
barbell_dead_row.mp4,1100,156.86,138.83,28.17,33.74
barbell_dead_row.mp4,1110,160.7,142.03,24.33,29.3
barbell_dead_row.mp4,1120,158.02,137.53,23.71,26.57
barbell_dead_row.mp4,1130,166.22,133.1,17.13,22.09
barbell_dead_row.mp4,1140,154.56,138.64,20.41,21.29
barbell_dead_row.mp4,1150,158.97,137.74,22.67,22.24
barbell_dead_row.mp4,1160,160.04,137.12,21.65,22.1
barbell_row.mp4,10,169.61,137.81,22.12,18.18
barbell_row.mp4,20,173.62,134.46,21.58,20.88
barbell_row.mp4,30,174.0,138.72,22.27,21.48
barbell_row.mp4,40,170.27,143.05,24.58,19.18
barbell_row.mp4,50,171.14,138.67,23.22,22.17
barbell_row.mp4,60,170.23,147.53,22.97,18.51
barbell_row.mp4,70,172.81,133.27,19.8,27.03
barbell_row.mp4,80,167.76,133.27,19.66,29.37
barbell_row.mp4,90,165.87,133.06,19.95,32.24
barbell_row.mp4,100,164.19,141.35,23.31,28.12
barbell_row.mp4,110,160.09,139.57,22.65,23.3
barbell_row.mp4,120,159.01,140.74,22.83,28.01
barbell_row.mp4,130,158.5,127.01,24.04,28.0
barbell_row.mp4,140,144.13,111.52,96.34,26.88
barbell_row.mp4,150,143.65,104.15,108.34,32.58
barbell_row.mp4,160,159.93,119.64,8.46,75.65
barbell_row.mp4,210,165.25,119.39,38.55,41.2
barbell_row.mp4,220,145.44,107.95,73.61,40.32
barbell_row.mp4,230,143.59,107.61,92.31,40.82
barbell_row.mp4,240,142.37,111.26,96.3,42.46
barbell_row.mp4,250,147.15,110.15,98.75,43.09
barbell_row.mp4,260,148.83,109.97,97.93,44.8
barbell_row.mp4,270,143.95,118.85,111.9,70.63
barbell_row.mp4,280,123.97,104.23,77.83,37.66
barbell_row.mp4,290,125.09,112.14,53.51,29.11
barbell_row.mp4,300,123.01,118.39,48.65,14.47
barbell_row.mp4,310,119.46,109.5,65.25,39.14
barbell_row.mp4,320,132.96,120.12,102.83,67.36
barbell_row.mp4,330,133.39,108.28,92.66,42.68
barbell_row.mp4,340,135.16,110.87,104.45,43.17
barbell_row.mp4,350,146.08,113.27,85.65,50.35
barbell_row.mp4,360,115.64,106.41,78.2,41.29
barbell_row.mp4,370,126.59,111.38,46.81,28.91
barbell_row.mp4,380,133.0,148.81,38.98,10.23
barbell_row.mp4,390,127.3,122.32,46.97,14.67
barbell_row.mp4,400,119.8,107.48,54.71,37.8
barbell_row.mp4,410,134.25,106.09,107.7,52.37
barbell_row.mp4,420,142.1,110.18,109.05,50.42
barbell_row.mp4,430,131.85,110.88,90.51,43.25
barbell_row.mp4,440,141.1,111.58,95.3,50.71
barbell_row.mp4,450,124.14,111.42,94.33,56.07
barbell_row.mp4,460,125.4,121.1,41.4,15.81
barbell_row.mp4,470,129.24,150.17,39.66,11.21
barbell_row.mp4,480,117.22,106.9,66.04,34.7
barbell_row.mp4,490,115.24,103.69,73.14,46.51
barbell_row.mp4,500,133.72,107.54,65.63,50.15
barbell_row.mp4,510,129.66,112.53,88.62,43.33
barbell_row.mp4,520,132.6,109.11,92.06,44.18
barbell_row.mp4,530,131.8,106.15,82.6,48.21
barbell_row.mp4,540,116.31,110.58,59.24,39.42
barbell_row.mp4,550,133.01,139.72,36.74,12.59
barbell_row.mp4,560,130.74,142.88,38.74,9.54
barbell_row.mp4,570,132.15,130.43,42.37,16.59
barbell_row.mp4,580,120.5,106.3,90.92,55.05
barbell_row.mp4,590,139.38,114.63,69.53,53.17
barbell_row.mp4,600,134.68,112.42,88.18,45.29
barbell_row.mp4,610,132.47,110.77,79.12,46.85
barbell_row.mp4,620,129.73,106.71,90.83,49.95
barbell_row.mp4,630,118.68,109.23,58.09,37.55
barbell_row.mp4,640,133.23,154.34,36.89,10.09
barbell_row.mp4,650,138.78,159.19,32.27,11.04
barbell_row.mp4,660,121.58,106.32,77.5,24.26
barbell_row.mp4,670,131.71,110.62,107.29,56.96
barbell_row.mp4,680,135.92,110.92,83.12,46.53
barbell_row.mp4,690,134.1,115.55,69.9,43.32
barbell_row.mp4,700,138.51,115.18,89.38,48.0
barbell_row.mp4,710,142.68,111.01,87.75,43.12
barbell_row.mp4,720,147.05,110.04,101.91,42.84
barbell_row.mp4,730,167.63,129.62,38.11,34.48
barbell_row.mp4,740,174.91,164.27,53.48,30.32
barbell_row.mp4,770,88.05,61.42,83.47,53.08
barbell_row.mp4,810,110.67,96.21,71.12,77.16
barbell_row.mp4,820,130.47,97.7,59.23,70.15
barbell_row.mp4,830,139.85,125.55,125.53,119.81
barbell_row.mp4,840,134.07,108.01,88.7,36.76
barbell_row.mp4,850,151.16,121.81,32.48,24.97
barbell_row.mp4,860,159.22,135.71,19.88,24.37
barbell_row.mp4,870,160.55,135.6,23.66,19.44
barbell_row.mp4,880,162.08,140.6,24.91,19.76
barbell_row.mp4,890,159.11,146.01,25.76,20.95
barbell_row.mp4,900,157.83,138.13,25.65,19.07
barbell_row.mp4,910,158.84,139.48,25.29,19.48
barbell_row.mp4,920,161.85,139.31,24.19,18.72
barbell_row.mp4,930,160.97,141.16,23.92,19.16
barbell_shrug.mp4,10,133.57,167.08,25.69,21.0
barbell_shrug.mp4,20,133.07,167.89,24.79,20.58
barbell_shrug.mp4,30,129.22,165.74,27.15,23.85
barbell_shrug.mp4,40,129.28,165.45,28.54,26.96
barbell_shrug.mp4,50,127.66,164.9,28.03,24.53
barbell_shrug.mp4,60,130.1,161.75,29.12,26.02
barbell_shrug.mp4,70,129.09,165.57,31.21,26.55
barbell_shrug.mp4,80,126.35,169.98,32.92,19.73
barbell_shrug.mp4,90,130.92,168.88,26.87,19.71
barbell_shrug.mp4,100,124.74,161.52,35.52,20.36
barbell_shrug.mp4,110,126.04,159.96,32.1,54.4
barbell_shrug.mp4,120,125.8,149.32,33.84,50.1
barbell_shrug.mp4,140,159.78,156.35,131.3,68.49
barbell_shrug.mp4,220,134.04,154.62,26.16,70.34
barbell_shrug.mp4,230,134.22,163.91,28.16,33.2
barbell_shrug.mp4,240,129.61,162.93,37.29,35.35
barbell_shrug.mp4,250,128.48,156.98,41.75,44.2
barbell_shrug.mp4,260,132.22,156.0,36.03,43.82
barbell_shrug.mp4,270,130.2,158.26,31.24,35.84
barbell_shrug.mp4,280,132.47,160.67,25.34,19.89
barbell_shrug.mp4,290,130.11,156.33,26.37,27.79
barbell_shrug.mp4,300,131.04,153.16,27.19,34.77
barbell_shrug.mp4,310,126.96,144.1,26.85,48.33
barbell_shrug.mp4,320,127.15,148.42,28.87,63.17
barbell_shrug.mp4,330,127.8,144.62,26.12,57.88
barbell_shrug.mp4,340,126.96,149.46,25.18,49.31
barbell_shrug.mp4,350,130.5,157.42,27.59,26.24
barbell_shrug.mp4,360,133.03,167.93,25.62,16.45
barbell_shrug.mp4,370,132.82,169.63,27.01,14.39
barbell_shrug.mp4,380,133.59,169.53,24.18,15.75
barbell_shrug.mp4,390,128.27,155.79,25.85,35.79
barbell_shrug.mp4,400,121.6,149.96,26.45,45.79
barbell_shrug.mp4,410,127.36,149.18,24.4,48.55
barbell_shrug.mp4,420,124.9,154.48,26.82,39.11
barbell_shrug.mp4,430,128.31,155.98,26.37,29.9
barbell_shrug.mp4,440,131.79,166.54,25.35,15.27
barbell_shrug.mp4,450,134.22,170.92,29.19,12.53
barbell_shrug.mp4,460,132.84,169.17,27.38,14.36
barbell_shrug.mp4,470,131.26,160.76,28.21,19.34
barbell_shrug.mp4,480,128.13,152.57,26.63,46.39
barbell_shrug.mp4,490,125.87,146.17,22.99,63.27
barbell_shrug.mp4,500,128.87,152.22,22.4,50.38
barbell_shrug.mp4,510,126.81,150.25,26.24,36.03
barbell_shrug.mp4,520,133.87,165.53,23.82,18.35
barbell_shrug.mp4,530,133.71,167.3,26.64,16.63
barbell_shrug.mp4,540,134.51,173.4,26.54,13.1
barbell_shrug.mp4,550,132.52,168.9,27.1,14.63
barbell_shrug.mp4,560,127.0,155.1,26.12,28.64
barbell_shrug.mp4,570,127.76,149.77,24.8,56.82
barbell_shrug.mp4,580,127.06,150.31,22.06,46.32
barbell_shrug.mp4,590,127.59,150.62,23.59,49.03
barbell_shrug.mp4,600,128.45,152.54,23.48,37.49
barbell_shrug.mp4,610,134.74,166.96,24.45,17.25
barbell_shrug.mp4,620,134.23,167.55,29.08,16.24
barbell_shrug.mp4,630,134.5,167.59,29.62,14.74
barbell_shrug.mp4,640,132.59,167.4,29.44,15.46
barbell_shrug.mp4,650,131.55,159.31,25.84,22.27
barbell_shrug.mp4,660,125.22,148.02,23.82,43.58
barbell_shrug.mp4,670,124.64,146.46,25.56,46.58
barbell_shrug.mp4,680,126.07,150.07,23.57,49.16
barbell_shrug.mp4,690,125.13,150.38,23.16,37.76
barbell_shrug.mp4,700,131.16,156.66,23.76,26.6
barbell_shrug.mp4,710,134.07,169.56,25.06,14.38
barbell_shrug.mp4,720,136.7,171.95,27.93,13.15
barbell_shrug.mp4,730,134.45,168.2,28.61,15.23
barbell_shrug.mp4,740,134.16,171.38,27.79,12.87
barbell_shrug.mp4,750,129.84,158.56,25.51,28.6
barbell_shrug.mp4,760,127.27,151.69,27.04,42.57
barbell_shrug.mp4,770,127.77,151.55,23.33,39.5
barbell_shrug.mp4,780,125.49,154.4,25.0,42.73
barbell_shrug.mp4,790,125.55,153.89,22.08,35.86
barbell_shrug.mp4,800,131.15,161.02,25.64,21.77
barbell_shrug.mp4,810,132.79,173.46,27.9,11.76
barbell_shrug.mp4,820,135.65,176.02,26.34,12.93
barbell_shrug.mp4,830,131.18,173.58,24.81,13.9
barbell_shrug.mp4,840,138.86,174.38,27.89,17.43
barbell_shrug.mp4,850,133.67,164.51,23.64,24.92
barbell_shrug.mp4,860,131.42,162.88,30.6,26.24
barbell_shrug.mp4,870,128.23,162.55,34.55,47.31
barbell_shrug.mp4,880,128.79,160.47,37.29,59.85
barbell_shrug.mp4,890,137.62,153.27,25.03,46.7
barbell_shrug.mp4,900,127.13,144.39,51.59,100.19
barbell_shrug.mp4,910,131.27,149.34,139.9,110.29
barbell_shrug.mp4,980,127.52,109.53,77.0,85.27
barbell_shrug.mp4,990,132.06,168.07,24.82,55.02
barbell_shrug.mp4,1000,135.07,146.21,36.9,74.16
barbell_shrug.mp4,1010,130.91,150.52,30.37,62.17
barbell_shrug.mp4,1020,129.67,154.99,39.47,35.41
barbell_shrug.mp4,1030,126.43,153.02,38.52,45.76
barbell_shrug.mp4,1040,127.13,159.51,36.18,44.58
barbell_shrug.mp4,1050,129.9,164.71,28.56,27.12
barbell_shrug.mp4,1060,130.26,175.13,24.37,17.76
barbell_shrug.mp4,1070,130.19,174.39,26.34,17.61
barbell_shrug.mp4,1080,129.35,173.7,25.67,18.88
barbell_shrug.mp4,1090,127.82,170.17,25.44,18.95
burpees.mp4,10,116.63,74.04,36.25,14.52
burpees.mp4,20,116.75,73.47,36.37,15.99
burpees.mp4,30,118.87,75.25,37.71,14.34
burpees.mp4,40,116.22,73.59,34.5,15.37
burpees.mp4,50,114.27,73.62,34.33,13.83
burpees.mp4,60,114.0,73.89,33.9,13.49
burpees.mp4,70,112.57,74.06,32.31,15.12
burpees.mp4,80,113.59,72.69,33.34,15.95
burpees.mp4,90,107.29,74.8,33.56,17.42
burpees.mp4,100,108.84,69.4,52.3,22.21
burpees.mp4,110,134.49,81.62,79.27,33.09
burpees.mp4,120,147.81,121.51,64.14,57.97
burpees.mp4,130,153.21,127.24,123.12,100.25
burpees.mp4,140,136.99,122.07,104.86,98.42
burpees.mp4,150,168.43,98.76,137.17,75.31
burpees.mp4,160,163.0,77.83,122.19,60.03
burpees.mp4,170,127.69,74.13,93.16,43.64
burpees.mp4,180,116.16,118.78,69.22,37.03
burpees.mp4,190,121.14,154.94,52.96,34.24
burpees.mp4,200,104.62,148.58,48.28,21.95
burpees.mp4,210,114.11,148.97,38.38,23.29
burpees.mp4,220,134.84,154.33,75.93,19.3
burpees.mp4,230,130.07,137.56,67.99,24.18
burpees.mp4,240,119.47,91.23,85.95,49.68
burpees.mp4,250,164.38,80.28,123.08,60.11
burpees.mp4,260,177.02,85.64,137.02,66.37
burpees.mp4,280,151.89,145.08,106.89,98.91
burpees.mp4,290,130.48,109.03,97.38,77.38
burpees.mp4,300,99.2,69.3,47.07,25.31
burpees.mp4,310,97.52,69.72,31.33,18.83
burpees.mp4,320,111.03,75.32,37.42,20.22
burpees.mp4,330,111.72,78.2,36.79,16.86
burpees.mp4,340,115.06,80.29,42.51,20.43
burpees.mp4,350,132.86,89.24,80.4,40.0
burpees.mp4,360,141.63,145.93,94.64,98.09
burpees.mp4,370,91.48,94.91,55.63,69.73
burpees.mp4,380,159.46,92.36,114.88,70.83
burpees.mp4,390,173.38,94.62,146.85,85.66
burpees.mp4,400,165.24,75.85,120.12,55.17
burpees.mp4,420,146.11,128.48,147.72,109.76
burpees.mp4,430,109.82,140.42,82.38,21.65
burpees.mp4,440,103.63,150.43,29.49,20.75
burpees.mp4,450,126.0,153.34,114.02,21.38
burpees.mp4,470,141.84,140.15,97.24,61.64
burpees.mp4,480,124.53,78.48,93.65,48.73
burpees.mp4,490,171.91,82.83,148.29,70.0
burpees.mp4,500,171.16,139.86,140.83,125.63
burpees.mp4,510,160.36,130.2,19.82,84.94
burpees.mp4,520,147.8,123.16,106.65,82.64
burpees.mp4,530,114.57,76.17,51.43,25.19
burpees.mp4,540,97.43,66.52,32.36,18.73
burpees.mp4,550,91.25,66.47,26.53,31.62
burpees.mp4,560,110.09,76.96,36.38,18.05
burpees.mp4,570,110.52,75.78,34.4,16.43
burpees.mp4,580,118.03,82.87,57.8,28.72
burpees.mp4,590,140.13,79.99,95.68,40.75
burpees.mp4,600,154.32,121.38,120.65,94.05
burpees.mp4,610,123.08,89.87,89.16,73.56
burpees.mp4,620,172.95,99.0,146.0,79.14
burpees.mp4,630,159.26,68.0,140.04,60.81
burpees.mp4,640,132.34,77.31,103.01,55.84
burpees.mp4,650,144.19,109.91,89.6,28.91
burpees.mp4,660,128.38,152.05,84.05,21.31
burpees.mp4,680,111.84,144.31,37.09,20.61
burpees.mp4,690,139.69,153.16,88.01,16.61
burpees.mp4,700,168.55,106.51,93.24,46.46
burpees.mp4,720,160.21,78.71,131.62,63.26
burpees.mp4,730,173.35,98.94,140.94,78.88
burpees.mp4,750,150.02,133.59,106.78,92.11
burpees.mp4,760,133.7,95.22,85.32,50.2
burpees.mp4,770,93.67,61.27,33.53,19.04
burpees.mp4,780,93.52,63.67,24.81,28.01
burpees.mp4,790,119.19,75.38,42.64,23.0
burpees.mp4,800,119.72,75.89,48.05,14.36
burpees.mp4,810,137.97,77.46,83.93,27.27
burpees.mp4,820,158.9,115.64,83.76,76.02
burpees.mp4,830,132.15,100.65,92.82,77.71
burpees.mp4,840,140.19,85.31,93.89,64.16
burpees.mp4,850,167.6,85.55,132.27,71.9
burpees.mp4,860,161.02,78.79,123.67,60.92
burpees.mp4,890,127.66,156.9,74.21,17.82
burpees.mp4,900,91.91,154.63,41.02,16.91
burpees.mp4,910,129.75,149.94,73.17,16.88
burpees.mp4,920,140.63,139.87,96.61,19.71
burpees.mp4,930,146.7,146.66,91.89,50.54
burpees.mp4,940,147.95,79.38,107.62,50.05
burpees.mp4,950,166.76,88.9,138.03,73.48
burpees.mp4,960,135.22,106.37,88.37,89.86
burpees.mp4,970,164.6,135.71,116.4,96.55
burpees.mp4,980,138.03,110.38,99.65,69.25
burpees.mp4,990,103.87,67.66,54.84,25.17
burpees.mp4,1000,93.19,61.51,26.36,27.45
burpees.mp4,1010,98.61,63.84,31.11,30.35
burpees.mp4,1020,110.66,74.24,35.72,15.92
burpees.mp4,1030,106.25,76.01,42.25,21.36
burpees.mp4,1040,131.48,85.67,77.08,33.92
burpees.mp4,1050,151.27,136.15,120.31,109.44
burpees.mp4,1060,130.63,93.28,98.96,76.09
burpees.mp4,1070,174.84,99.38,138.66,79.42
burpees.mp4,1080,165.88,75.32,138.22,62.28
burpees.mp4,1090,134.88,99.07,92.08,58.23
burpees.mp4,1100,146.76,125.08,103.14,26.8
burpees.mp4,1110,90.2,153.78,58.76,19.53
burpees.mp4,1120,85.63,152.5,47.17,16.13
burpees.mp4,1130,128.35,158.82,67.1,20.46
burpees.mp4,1160,141.87,122.81,75.91,64.7
burpees.mp4,1170,164.97,76.34,122.69,56.62
burpees.mp4,1180,171.09,95.0,140.45,79.66
burpees.mp4,1190,154.56,101.94,120.92,87.46
burpees.mp4,1200,141.18,153.41,97.63,102.07
burpees.mp4,1210,142.25,112.02,107.8,73.42
burpees.mp4,1220,112.84,84.94,64.7,37.76
burpees.mp4,1230,94.24,70.39,34.08,25.11
burpees.mp4,1240,98.28,79.5,37.14,34.25
burpees.mp4,1250,112.63,80.0,34.1,17.47
burpees.mp4,1260,112.1,77.97,36.67,13.81
burpees.mp4,1270,106.72,78.25,28.58,14.32
burpees.mp4,1280,111.57,78.99,34.29,14.97
burpees.mp4,1290,112.47,78.46,34.08,15.76
burpees.mp4,1300,111.91,78.83,35.51,14.65
burpees.mp4,1310,110.16,78.16,30.84,14.77
burpees.mp4,1320,111.05,77.79,31.24,14.7
burpees.mp4,1330,112.09,78.89,31.84,14.58
clean_and_press.mp4,10,175.35,140.76,19.63,34.72
clean_and_press.mp4,20,177.29,143.7,18.03,34.48
clean_and_press.mp4,30,174.01,139.78,17.42,33.04
clean_and_press.mp4,40,173.38,142.08,17.77,35.65
clean_and_press.mp4,50,176.44,140.01,22.48,27.93
clean_and_press.mp4,60,175.41,141.95,18.42,32.53
clean_and_press.mp4,70,176.93,137.91,20.16,30.39
clean_and_press.mp4,80,158.26,125.69,14.68,26.06
clean_and_press.mp4,90,141.71,112.15,86.73,21.35
clean_and_press.mp4,100,149.53,103.86,110.99,33.62
clean_and_press.mp4,110,142.46,105.18,105.76,37.95
clean_and_press.mp4,120,144.74,111.37,89.07,35.76
clean_and_press.mp4,130,127.92,114.76,74.63,36.38
clean_and_press.mp4,140,142.34,117.77,55.38,37.78
clean_and_press.mp4,150,157.01,120.28,42.16,36.19
clean_and_press.mp4,160,145.92,122.86,39.77,32.74
clean_and_press.mp4,170,143.42,103.6,95.33,38.51
clean_and_press.mp4,180,139.7,125.09,96.98,59.87
clean_and_press.mp4,190,145.66,121.11,102.0,78.72
clean_and_press.mp4,200,149.65,121.57,124.81,92.54
clean_and_press.mp4,210,138.78,85.4,118.03,67.35
clean_and_press.mp4,220,157.91,130.45,129.33,102.28
clean_and_press.mp4,230,167.78,124.6,110.98,87.9
clean_and_press.mp4,240,145.0,162.74,130.23,152.91
clean_and_press.mp4,250,155.55,145.22,130.71,144.81
clean_and_press.mp4,260,155.6,120.64,102.91,100.57
clean_and_press.mp4,270,139.99,135.95,91.83,77.05
clean_and_press.mp4,280,128.68,115.41,73.63,37.39
clean_and_press.mp4,290,131.68,131.22,61.79,43.97
clean_and_press.mp4,300,150.17,127.46,36.79,22.24
clean_and_press.mp4,310,171.24,134.51,19.97,21.67
clean_and_press.mp4,320,174.28,132.28,19.4,26.92
clean_and_press.mp4,330,171.45,135.2,16.85,26.81
clean_and_press.mp4,340,168.28,128.87,17.71,28.08
clean_and_press.mp4,350,144.05,117.75,43.7,21.89
clean_and_press.mp4,360,145.48,115.49,70.38,21.33
clean_and_press.mp4,370,146.71,105.87,101.4,31.66
clean_and_press.mp4,380,141.72,112.56,98.02,38.45
clean_and_press.mp4,390,145.82,124.12,55.83,41.24
clean_and_press.mp4,400,157.41,123.84,48.51,46.91
clean_and_press.mp4,410,161.26,132.18,35.56,33.29
clean_and_press.mp4,420,157.37,122.99,50.2,45.67
clean_and_press.mp4,430,147.32,97.16,109.13,35.69
clean_and_press.mp4,440,143.4,126.93,92.34,66.11
clean_and_press.mp4,450,148.55,118.49,103.97,75.95
clean_and_press.mp4,460,145.99,115.89,121.18,86.78
clean_and_press.mp4,470,144.29,116.38,113.79,84.96
clean_and_press.mp4,480,149.11,122.39,119.17,89.6
clean_and_press.mp4,490,170.29,136.18,108.49,86.38
clean_and_press.mp4,500,153.59,151.62,130.07,150.8
clean_and_press.mp4,510,137.42,137.75,133.43,138.95
clean_and_press.mp4,520,160.02,136.94,96.92,86.34
clean_and_press.mp4,530,131.55,136.38,77.33,67.67
clean_and_press.mp4,540,133.88,132.03,80.12,64.25
clean_and_press.mp4,550,130.11,114.51,68.19,33.33
clean_and_press.mp4,560,141.92,123.39,48.67,23.09
clean_and_press.mp4,570,167.23,138.69,22.05,14.34
clean_and_press.mp4,580,170.66,139.98,22.67,19.23
clean_and_press.mp4,590,171.48,134.76,17.11,21.07
clean_and_press.mp4,600,154.91,125.3,30.92,21.64
clean_and_press.mp4,610,149.96,113.59,71.09,18.88
clean_and_press.mp4,620,146.0,112.33,86.19,22.82
clean_and_press.mp4,630,149.81,108.66,87.34,23.0
clean_and_press.mp4,640,146.42,119.78,63.97,36.49
clean_and_press.mp4,650,141.86,123.6,40.93,31.15
clean_and_press.mp4,660,154.41,123.29,53.68,39.96
clean_and_press.mp4,670,158.55,127.37,38.13,32.07
clean_and_press.mp4,680,157.51,128.42,31.25,30.89
clean_and_press.mp4,690,142.94,106.87,91.88,40.67
clean_and_press.mp4,700,141.5,122.06,102.41,54.54
clean_and_press.mp4,710,147.51,113.87,100.33,65.53
clean_and_press.mp4,720,150.26,120.5,119.62,91.27
clean_and_press.mp4,730,140.19,110.83,113.57,84.71
clean_and_press.mp4,740,144.49,123.72,111.77,87.08
clean_and_press.mp4,750,158.11,136.58,113.16,89.46
clean_and_press.mp4,760,155.84,150.9,131.28,149.52
clean_and_press.mp4,770,159.18,133.55,131.57,130.37
clean_and_press.mp4,780,153.72,135.41,95.16,76.8
clean_and_press.mp4,790,129.91,120.15,73.54,47.28
clean_and_press.mp4,800,127.53,125.89,64.79,43.48
clean_and_press.mp4,810,134.01,126.28,62.79,33.18
clean_and_press.mp4,820,158.98,130.44,17.92,18.85
clean_and_press.mp4,830,164.87,137.92,19.02,19.06
clean_and_press.mp4,840,171.28,139.58,17.68,25.12
clean_and_press.mp4,850,173.57,130.32,11.73,31.59
clean_and_press.mp4,860,147.6,106.47,73.18,32.6
clean_and_press.mp4,870,152.96,107.62,93.96,26.08
clean_and_press.mp4,880,143.67,107.41,100.55,33.27
clean_and_press.mp4,890,131.78,118.52,65.66,32.67
clean_and_press.mp4,900,147.18,119.53,54.72,32.47
clean_and_press.mp4,910,150.44,125.99,39.64,32.64
clean_and_press.mp4,920,157.4,126.37,32.71,30.79
clean_and_press.mp4,930,144.72,107.03,96.27,39.05
clean_and_press.mp4,940,137.2,122.08,90.14,47.27
clean_and_press.mp4,950,141.95,123.96,102.29,84.29
clean_and_press.mp4,960,144.38,119.02,109.33,82.16
clean_and_press.mp4,970,140.07,109.52,111.35,79.24
clean_and_press.mp4,980,145.59,120.78,114.66,91.27
clean_and_press.mp4,990,166.29,131.7,102.85,98.85
clean_and_press.mp4,1000,153.87,156.05,131.37,150.13
clean_and_press.mp4,1010,157.73,116.94,108.25,118.26
clean_and_press.mp4,1020,139.36,133.27,90.84,73.53
clean_and_press.mp4,1030,131.96,118.93,79.24,50.51
clean_and_press.mp4,1040,130.25,112.06,73.99,37.78
clean_and_press.mp4,1050,139.74,131.01,68.54,37.3
clean_and_press.mp4,1060,160.74,134.37,21.84,16.64
clean_and_press.mp4,1070,170.45,136.71,21.6,17.13
clean_and_press.mp4,1080,170.1,139.38,21.87,17.03
clean_and_press.mp4,1090,172.78,134.22,13.89,24.21
clean_and_press.mp4,1100,145.55,109.36,73.44,27.77
clean_and_press.mp4,1110,151.85,108.73,83.97,27.75
clean_and_press.mp4,1120,128.62,116.32,66.58,29.99
clean_and_press.mp4,1130,142.11,117.82,66.37,39.96
clean_and_press.mp4,1140,149.36,129.39,37.79,37.56
clean_and_press.mp4,1150,151.79,130.32,33.61,37.93
clean_and_press.mp4,1160,135.67,114.91,76.07,37.04
clean_and_press.mp4,1170,146.72,103.19,99.01,34.17
clean_and_press.mp4,1180,140.24,130.87,97.32,65.97
clean_and_press.mp4,1190,141.95,124.47,101.0,81.34
clean_and_press.mp4,1200,140.35,111.01,110.08,86.14
clean_and_press.mp4,1210,142.28,117.69,112.9,90.4
clean_and_press.mp4,1220,150.37,116.5,114.43,84.16
clean_and_press.mp4,1230,162.62,132.05,120.57,134.75
clean_and_press.mp4,1240,154.29,138.03,127.22,138.57
clean_and_press.mp4,1250,147.63,125.24,100.5,76.17
clean_and_press.mp4,1260,129.55,109.18,71.31,34.26
clean_and_press.mp4,1270,132.42,122.79,69.41,32.48
clean_and_press.mp4,1280,146.29,116.6,50.78,23.77
clean_and_press.mp4,1290,151.87,137.58,24.05,16.34
clean_and_press.mp4,1300,164.97,138.97,21.25,12.98
clean_and_press.mp4,1310,170.82,138.33,21.77,18.4
clean_and_press.mp4,1320,170.92,132.06,20.36,16.97
clean_and_press.mp4,1330,167.72,135.42,19.7,15.83
clean_and_press.mp4,1340,172.59,136.66,20.52,15.81
clean_and_press.mp4,1350,174.38,135.99,19.84,16.16
clean_and_press.mp4,1360,173.09,138.34,21.01,16.69
clean_and_press.mp4,1370,173.86,138.16,21.07,16.18
deadlift.mp4,10,85.33,101.48,21.99,21.16
deadlift.mp4,20,85.54,101.49,21.56,21.59
deadlift.mp4,30,83.83,104.03,24.24,22.68
deadlift.mp4,40,84.16,108.4,27.4,24.13
deadlift.mp4,50,84.34,104.21,21.91,22.94
deadlift.mp4,60,86.17,101.32,20.74,21.15
deadlift.mp4,70,84.42,100.66,21.35,21.22
deadlift.mp4,80,83.77,105.3,20.97,24.09
deadlift.mp4,90,83.43,107.29,21.24,25.4
deadlift.mp4,100,85.48,111.64,20.54,26.24
deadlift.mp4,110,81.78,105.87,18.49,25.64
deadlift.mp4,120,79.04,101.49,18.14,23.96
deadlift.mp4,130,78.16,97.21,19.43,22.18
deadlift.mp4,140,83.55,103.41,18.7,24.85
deadlift.mp4,150,83.95,111.82,20.45,32.76
deadlift.mp4,160,95.82,125.41,29.58,46.97
deadlift.mp4,170,103.13,138.04,40.33,62.65
deadlift.mp4,180,119.37,151.96,68.61,93.42
deadlift.mp4,190,123.8,154.83,78.2,106.18
deadlift.mp4,200,132.99,155.22,80.87,98.33
deadlift.mp4,210,137.88,153.92,77.44,92.53
deadlift.mp4,220,134.33,156.01,82.75,98.42
deadlift.mp4,230,132.13,161.65,81.08,100.49
deadlift.mp4,240,115.3,149.95,63.3,91.59
deadlift.mp4,250,112.43,149.82,54.34,77.51
deadlift.mp4,260,93.02,133.61,30.13,55.42
deadlift.mp4,270,86.97,118.23,19.4,36.12
deadlift.mp4,280,82.53,111.52,17.91,29.1
deadlift.mp4,290,84.72,111.35,18.28,27.22
deadlift.mp4,300,82.94,112.43,19.95,30.88
deadlift.mp4,310,81.84,107.14,16.92,28.17
deadlift.mp4,320,83.22,102.51,16.03,23.36
deadlift.mp4,330,83.12,108.29,16.54,28.86
deadlift.mp4,340,83.16,101.2,15.7,19.51
deadlift.mp4,350,86.0,127.58,19.54,42.17
deadlift.mp4,360,90.36,148.46,31.35,65.2
deadlift.mp4,370,108.64,151.12,53.08,82.61
deadlift.mp4,380,122.07,158.88,63.81,92.3
deadlift.mp4,390,108.8,150.83,60.77,89.95
deadlift.mp4,400,109.93,152.19,61.17,92.66
deadlift.mp4,410,106.13,156.94,59.52,101.3
deadlift.mp4,420,128.54,161.25,79.95,100.38
deadlift.mp4,430,134.57,162.16,84.36,102.53
deadlift.mp4,440,107.45,154.99,57.26,94.48
deadlift.mp4,450,119.49,160.36,64.45,92.87
deadlift.mp4,460,95.98,152.73,37.69,73.88
deadlift.mp4,470,82.92,115.85,18.59,33.7
deadlift.mp4,480,80.3,108.29,18.04,31.72
deadlift.mp4,490,81.21,112.78,24.87,28.23
deadlift.mp4,500,80.86,108.56,21.18,29.39
deadlift.mp4,510,83.16,112.48,22.13,31.11
deadlift.mp4,520,81.87,112.05,20.0,31.26
deadlift.mp4,530,84.48,109.33,16.29,29.31
deadlift.mp4,540,85.87,134.98,24.5,52.75
deadlift.mp4,550,95.5,154.88,37.11,75.25
deadlift.mp4,560,104.04,152.78,52.88,90.47
deadlift.mp4,570,110.53,157.82,61.19,97.93
deadlift.mp4,580,105.35,148.64,57.12,90.04
deadlift.mp4,590,121.73,153.26,73.89,95.53
deadlift.mp4,600,128.15,157.39,77.77,101.13
deadlift.mp4,610,111.22,148.43,62.77,91.4
deadlift.mp4,620,108.24,160.21,56.17,97.55
deadlift.mp4,630,102.49,151.92,49.0,82.85
deadlift.mp4,640,85.11,133.84,22.23,51.16
deadlift.mp4,650,85.67,107.69,16.87,25.66
deadlift.mp4,660,84.37,109.76,18.51,29.12
deadlift.mp4,670,83.67,107.57,18.47,27.25
deadlift.mp4,680,83.15,106.14,18.3,26.54
deadlift.mp4,690,83.91,110.73,20.83,28.94
deadlift.mp4,700,84.35,108.8,17.16,27.74
deadlift.mp4,710,88.14,127.81,22.71,43.21
deadlift.mp4,720,92.51,139.68,33.74,64.53
deadlift.mp4,730,103.07,149.96,50.7,85.14
deadlift.mp4,740,104.31,148.3,55.49,89.32
deadlift.mp4,750,111.32,150.87,62.22,93.9
deadlift.mp4,760,136.09,158.31,87.03,104.59
deadlift.mp4,770,133.11,155.39,84.95,101.48
deadlift.mp4,780,130.36,156.88,78.67,100.19
deadlift.mp4,790,106.46,154.9,56.61,97.28
deadlift.mp4,800,105.11,152.17,50.3,82.9
deadlift.mp4,810,83.83,125.27,21.31,47.36
deadlift.mp4,820,84.71,110.45,17.69,30.36
deadlift.mp4,830,84.58,108.07,19.32,28.17
deadlift.mp4,840,83.71,106.06,18.58,26.03
deadlift.mp4,850,83.45,107.07,18.13,27.32
deadlift.mp4,860,83.69,108.88,19.73,27.63
deadlift.mp4,870,84.33,107.29,18.01,24.92
deadlift.mp4,880,84.76,121.48,20.42,38.38
deadlift.mp4,890,95.73,148.23,36.06,70.1
deadlift.mp4,900,108.59,152.39,55.49,89.07
deadlift.mp4,910,107.77,151.05,58.85,91.81
deadlift.mp4,920,126.46,157.97,76.49,102.62
deadlift.mp4,930,130.4,160.35,82.34,106.09
deadlift.mp4,940,135.63,162.53,86.88,107.28
deadlift.mp4,950,109.09,154.69,60.36,94.75
deadlift.mp4,960,107.1,153.96,51.46,86.72
deadlift.mp4,970,87.03,141.25,29.12,63.98
deadlift.mp4,980,83.4,107.5,16.01,26.31
deadlift.mp4,990,82.87,110.59,20.22,28.54
deadlift.mp4,1000,83.86,110.34,20.42,27.85
deadlift.mp4,1010,85.03,109.19,19.12,27.83
deadlift.mp4,1020,84.19,109.76,16.24,32.36
deadlift.mp4,1030,83.52,113.22,20.62,30.2
deadlift.mp4,1040,83.76,111.26,16.53,30.32
deadlift.mp4,1050,88.14,143.87,30.83,66.41
deadlift.mp4,1060,103.19,156.95,49.8,90.1
deadlift.mp4,1070,114.44,151.0,65.32,92.85
deadlift.mp4,1080,143.51,162.46,95.94,110.75
deadlift.mp4,1090,145.94,156.26,98.25,107.46
deadlift.mp4,1100,141.39,159.37,93.72,107.51
deadlift.mp4,1110,129.89,155.4,81.85,103.36
deadlift.mp4,1120,111.78,152.65,60.94,94.88
deadlift.mp4,1130,104.22,154.5,47.98,83.05
deadlift.mp4,1140,79.68,121.48,17.68,42.35
deadlift.mp4,1150,82.43,108.04,18.63,28.19
deadlift.mp4,1160,84.09,105.89,18.62,22.94
deadlift.mp4,1170,84.41,105.24,17.77,25.54
deadlift.mp4,1180,82.3,109.32,19.53,26.11
deadlift.mp4,1190,83.75,106.32,18.01,24.44
deadlift.mp4,1200,84.05,105.24,17.0,34.05
deadlift.mp4,1210,81.35,97.71,16.96,23.06
deadlift.mp4,1220,86.29,107.87,17.11,27.64
deadlift.mp4,1230,78.49,101.01,15.11,27.77
deadlift.mp4,1240,84.6,109.49,17.81,32.38
deadlift.mp4,1250,89.96,127.07,28.98,52.6
deadlift.mp4,1260,96.17,131.9,47.89,75.74
deadlift.mp4,1270,109.36,143.06,57.44,87.97
deadlift.mp4,1280,135.86,149.28,87.4,99.47
deadlift.mp4,1290,147.94,137.32,99.42,104.11
deadlift.mp4,1300,152.2,131.57,104.84,99.15
deadlift.mp4,1310,146.28,148.0,94.61,104.6
deadlift.mp4,1320,145.63,154.18,97.66,112.5
deadlift.mp4,1330,149.0,161.06,99.33,109.74
deadlift.mp4,1340,145.44,159.91,95.98,107.09
deadlift.mp4,1350,132.86,157.52,87.2,103.99
deadlift.mp4,1360,134.99,156.26,87.9,104.63
deadlift.mp4,1370,146.68,158.24,97.61,105.73
deadlift.mp4,1380,156.77,157.72,99.69,104.24
deadlift.mp4,1390,151.61,155.44,97.94,106.36
deadlift.mp4,1400,159.97,154.77,100.6,103.76
deadlift.mp4,1410,133.32,150.15,86.7,100.13
deadlift.mp4,1420,111.86,153.83,61.12,93.69
deadlift.mp4,1430,105.04,143.58,46.25,68.71
deadlift.mp4,1440,85.97,123.0,22.86,48.72
deadlift.mp4,1450,78.5,121.09,19.14,35.6
deadlift.mp4,1460,79.58,114.48,20.14,33.65
deadlift.mp4,1470,85.19,108.11,18.88,29.41
deadlift.mp4,1480,85.81,109.51,19.54,30.01
deadlift.mp4,1490,89.63,105.29,18.92,25.24
deadlift.mp4,1500,87.97,100.06,16.46,24.44
deadlift.mp4,1510,84.73,103.6,18.08,25.27
diamond_pushup.mp4,10,88.48,118.31,22.36,21.94
diamond_pushup.mp4,20,88.32,117.62,22.4,21.24
diamond_pushup.mp4,30,88.94,119.49,23.61,22.0
diamond_pushup.mp4,40,87.66,117.64,21.98,22.14
diamond_pushup.mp4,50,88.41,121.85,21.58,24.13
diamond_pushup.mp4,60,84.94,117.1,21.21,22.54
diamond_pushup.mp4,70,85.09,119.45,22.13,23.75
diamond_pushup.mp4,80,80.72,117.48,21.12,23.61
diamond_pushup.mp4,90,72.81,114.05,12.41,34.69
diamond_pushup.mp4,100,81.78,139.77,31.69,84.43
diamond_pushup.mp4,110,101.9,159.67,56.82,104.47
diamond_pushup.mp4,120,105.72,156.64,72.69,87.51
diamond_pushup.mp4,130,127.41,171.3,96.85,126.72
diamond_pushup.mp4,150,131.4,169.07,94.62,116.75
diamond_pushup.mp4,160,100.35,137.51,78.82,107.1
diamond_pushup.mp4,170,82.3,120.68,60.96,94.78
diamond_pushup.mp4,180,101.05,155.91,77.51,121.09
diamond_pushup.mp4,190,165.0,128.68,27.21,65.78
diamond_pushup.mp4,200,106.06,155.8,77.9,120.25
diamond_pushup.mp4,210,110.31,163.27,77.23,123.89
diamond_pushup.mp4,220,107.95,160.98,78.0,120.49
diamond_pushup.mp4,230,114.62,153.26,82.21,115.31
diamond_pushup.mp4,270,146.61,107.25,24.3,82.45
diamond_pushup.mp4,290,156.55,94.97,14.65,46.67
diamond_pushup.mp4,300,150.97,112.43,11.24,32.86
diamond_pushup.mp4,310,155.28,108.19,12.08,36.27
diamond_pushup.mp4,320,150.96,149.83,79.45,59.66
diamond_pushup.mp4,330,148.23,103.74,24.98,61.67
diamond_pushup.mp4,340,102.93,112.44,30.37,40.93
diamond_pushup.mp4,360,161.66,130.91,7.18,37.62
diamond_pushup.mp4,380,120.04,110.54,53.71,46.52
diamond_pushup.mp4,390,144.81,110.08,27.26,89.89
diamond_pushup.mp4,400,147.73,116.43,25.65,46.1
diamond_pushup.mp4,410,150.42,171.9,8.22,13.54
diamond_pushup.mp4,430,126.13,119.33,16.2,40.46
diamond_pushup.mp4,440,172.02,168.02,37.94,57.81
diamond_pushup.mp4,450,142.21,101.92,25.13,66.26
diamond_pushup.mp4,460,147.12,96.78,18.18,79.9
diamond_pushup.mp4,480,135.1,101.48,16.12,56.51
diamond_pushup.mp4,510,161.82,117.19,7.47,59.32
diamond_pushup.mp4,520,143.77,107.74,25.57,74.84
diamond_pushup.mp4,540,171.08,171.99,2.96,11.83
diamond_pushup.mp4,550,168.51,167.45,9.4,10.23
diamond_pushup.mp4,560,167.78,104.0,13.39,34.2
diamond_pushup.mp4,570,153.07,129.45,12.54,18.23
diamond_pushup.mp4,580,98.15,141.67,38.59,61.31
diamond_pushup.mp4,620,102.19,155.7,67.16,115.93
diamond_pushup.mp4,630,104.74,158.59,79.37,123.58
diamond_pushup.mp4,640,81.3,146.61,60.25,119.65
diamond_pushup.mp4,650,82.15,158.97,58.8,122.9
diamond_pushup.mp4,660,82.18,170.29,61.64,145.98
diamond_pushup.mp4,670,92.93,165.61,70.01,128.72
diamond_pushup.mp4,680,115.53,150.42,92.69,122.82
diamond_pushup.mp4,700,132.55,159.99,90.56,105.03
diamond_pushup.mp4,710,113.37,152.88,70.46,101.23
diamond_pushup.mp4,720,97.07,144.07,47.03,75.55
diamond_pushup.mp4,730,79.55,128.35,23.63,44.08
diamond_pushup.mp4,740,83.83,111.6,23.71,22.04
diamond_pushup.mp4,750,85.08,112.17,24.96,23.06
diamond_pushup.mp4,760,86.46,114.36,26.75,22.4
diamond_pushup.mp4,770,87.19,111.17,21.98,22.7
diamond_pushup.mp4,780,86.44,115.54,21.6,22.85
diamond_pushup.mp4,790,86.98,113.89,22.49,19.91
diamond_pushup.mp4,800,88.47,116.7,20.06,25.58
drag_curl.mp4,10,110.27,76.63,27.14,13.98
drag_curl.mp4,20,106.83,77.05,27.43,12.46
drag_curl.mp4,30,107.66,77.35,28.14,12.53
drag_curl.mp4,40,107.46,77.22,27.15,13.24
drag_curl.mp4,50,109.02,75.41,30.35,12.4
drag_curl.mp4,60,107.09,78.69,27.98,12.52
drag_curl.mp4,70,107.59,76.55,29.71,12.0
drag_curl.mp4,80,103.69,76.46,23.92,13.3
drag_curl.mp4,90,99.65,76.89,21.95,12.77
drag_curl.mp4,100,106.15,78.74,29.04,13.29
drag_curl.mp4,110,108.75,78.13,29.58,12.93
drag_curl.mp4,120,103.07,77.3,25.27,10.64
drag_curl.mp4,130,100.07,73.13,21.89,14.08
drag_curl.mp4,140,101.45,65.47,27.41,15.1
drag_curl.mp4,150,93.68,66.23,23.35,16.26
drag_curl.mp4,160,114.64,81.36,51.65,28.06
drag_curl.mp4,170,137.94,98.23,76.05,42.35
drag_curl.mp4,180,143.73,98.27,94.45,51.53
drag_curl.mp4,190,161.46,97.54,98.78,51.3
drag_curl.mp4,200,157.52,100.19,106.59,58.26
drag_curl.mp4,210,154.34,108.0,79.1,58.16
drag_curl.mp4,220,158.7,102.09,106.06,56.85
drag_curl.mp4,230,157.11,111.26,92.49,44.55
drag_curl.mp4,240,141.81,99.67,83.16,46.38
drag_curl.mp4,250,128.77,87.42,58.58,24.09
drag_curl.mp4,260,115.23,76.59,46.86,16.15
drag_curl.mp4,270,116.82,72.49,43.46,11.08
drag_curl.mp4,280,119.76,68.96,36.1,17.96
drag_curl.mp4,290,119.86,69.38,39.04,13.35
drag_curl.mp4,300,116.42,74.36,32.75,14.42
drag_curl.mp4,310,114.4,75.44,32.73,12.59
drag_curl.mp4,320,109.32,75.25,26.61,11.52
drag_curl.mp4,330,110.23,76.13,27.59,10.65
drag_curl.mp4,340,119.52,76.93,44.66,13.85
drag_curl.mp4,350,135.37,79.56,71.05,23.85
drag_curl.mp4,360,131.46,85.83,68.92,28.18
drag_curl.mp4,370,134.67,92.55,75.76,38.22
drag_curl.mp4,380,139.05,103.34,86.36,55.53
drag_curl.mp4,390,138.67,103.53,90.85,55.07
drag_curl.mp4,400,136.82,97.68,86.16,50.35
drag_curl.mp4,410,128.0,80.75,77.39,44.59
drag_curl.mp4,420,104.03,59.3,23.63,21.65
drag_curl.mp4,430,110.13,50.72,18.96,10.11
drag_curl.mp4,440,129.38,54.06,19.27,8.62
drag_curl.mp4,450,152.25,139.92,122.15,107.21
drag_curl.mp4,460,152.84,143.75,127.54,119.3
drag_curl.mp4,470,154.68,151.32,133.71,131.19
drag_curl.mp4,480,141.23,139.56,115.29,111.1
drag_curl.mp4,490,103.16,52.03,28.57,13.65
drag_curl.mp4,500,118.52,60.76,72.48,16.73
drag_curl.mp4,510,121.57,69.32,70.49,28.05
drag_curl.mp4,520,132.73,83.55,82.22,37.96
drag_curl.mp4,530,139.38,94.1,86.79,45.4
drag_curl.mp4,540,141.17,100.56,85.66,51.25
drag_curl.mp4,550,134.74,92.15,84.54,44.05
drag_curl.mp4,560,116.26,101.31,64.52,66.55
drag_curl.mp4,570,106.18,62.79,62.57,25.72
drag_curl.mp4,580,93.93,47.66,24.2,7.21
drag_curl.mp4,590,90.06,62.24,43.11,25.27
drag_curl.mp4,600,155.54,134.05,121.16,99.2
drag_curl.mp4,610,150.63,143.06,126.89,121.78
drag_curl.mp4,620,150.71,143.33,120.62,116.1
drag_curl.mp4,630,153.66,139.54,125.62,112.18
drag_curl.mp4,640,96.12,51.02,31.12,10.79
drag_curl.mp4,650,105.91,82.88,62.13,48.58
drag_curl.mp4,660,114.72,61.45,61.85,10.61
drag_curl.mp4,670,129.83,80.9,78.97,35.52
drag_curl.mp4,680,135.38,91.51,81.01,41.69
drag_curl.mp4,690,138.07,93.29,84.71,44.88
drag_curl.mp4,700,139.66,81.49,94.49,41.2
drag_curl.mp4,710,104.18,59.12,35.52,16.62
drag_curl.mp4,720,142.95,55.53,16.04,7.47
drag_curl.mp4,730,122.36,158.57,100.37,138.3
drag_curl.mp4,740,142.56,167.08,127.1,151.73
drag_curl.mp4,750,161.84,159.24,140.96,139.28
drag_curl.mp4,760,104.36,53.52,31.14,15.39
drag_curl.mp4,770,117.22,76.85,68.44,41.47
drag_curl.mp4,780,130.09,83.35,81.34,38.87
drag_curl.mp4,790,130.16,88.87,74.05,34.48
drag_curl.mp4,800,138.75,95.97,84.37,47.19
drag_curl.mp4,810,132.51,88.34,82.23,40.76
drag_curl.mp4,820,122.53,106.56,78.81,75.33
drag_curl.mp4,830,121.96,54.73,17.09,15.16
drag_curl.mp4,840,136.02,50.92,17.21,8.14
drag_curl.mp4,850,163.27,48.96,12.27,7.25
drag_curl.mp4,860,161.03,168.47,144.02,151.65
drag_curl.mp4,870,157.92,161.0,137.55,142.05
drag_curl.mp4,880,152.42,88.76,12.5,60.96
drag_curl.mp4,890,112.89,58.16,64.64,15.91
drag_curl.mp4,900,118.15,83.54,68.59,43.77
drag_curl.mp4,910,134.02,85.25,83.83,39.26
drag_curl.mp4,920,126.54,94.98,70.03,44.3
drag_curl.mp4,930,132.65,90.5,79.39,41.98
drag_curl.mp4,940,118.45,68.36,66.53,17.49
drag_curl.mp4,950,147.86,83.18,16.48,7.49
drag_curl.mp4,960,164.05,148.45,11.93,9.84
drag_curl.mp4,970,163.57,110.33,11.32,9.25
drag_curl.mp4,980,158.9,150.19,136.06,128.3
drag_curl.mp4,990,159.18,157.13,136.27,138.04
drag_curl.mp4,1000,156.76,154.28,136.19,133.2
drag_curl.mp4,1010,143.15,148.1,115.7,118.97
drag_curl.mp4,1020,116.59,74.43,67.26,38.74
drag_curl.mp4,1030,126.44,78.26,74.54,33.36
drag_curl.mp4,1040,130.41,87.84,75.7,38.43
drag_curl.mp4,1050,129.51,86.78,71.01,35.42
drag_curl.mp4,1060,132.47,86.24,66.43,24.94
drag_curl.mp4,1070,115.91,82.3,33.79,15.17
drag_curl.mp4,1080,111.57,74.85,33.22,12.44
drag_curl.mp4,1090,111.96,76.18,29.59,10.44
drag_curl.mp4,1100,104.87,70.53,27.81,8.97
drag_curl.mp4,1110,101.37,70.28,23.87,9.96
drag_curl.mp4,1120,108.21,74.1,30.02,11.75
drag_curl.mp4,1130,130.33,94.08,55.79,28.02
drag_curl.mp4,1140,137.03,100.07,78.99,46.67
drag_curl.mp4,1150,149.45,112.04,96.03,61.09
drag_curl.mp4,1160,146.4,107.62,102.09,62.44
drag_curl.mp4,1170,156.46,117.06,108.1,75.04
drag_curl.mp4,1180,162.06,110.6,111.9,70.64
drag_curl.mp4,1190,168.02,120.39,118.06,72.16
drag_curl.mp4,1200,160.01,115.58,108.62,66.88
drag_curl.mp4,1210,157.4,102.5,104.97,55.87
drag_curl.mp4,1220,161.93,106.3,109.07,55.33
drag_curl.mp4,1230,159.07,112.63,105.8,61.36
drag_curl.mp4,1240,157.55,100.13,105.74,50.84
drag_curl.mp4,1250,149.13,79.25,98.95,35.18
drag_curl.mp4,1260,134.53,91.8,76.09,38.4
drag_curl.mp4,1270,111.33,89.7,53.91,35.72
drag_curl.mp4,1280,91.32,79.31,30.17,27.22
drag_curl.mp4,1290,95.28,69.56,25.72,16.15
drag_curl.mp4,1300,99.8,73.56,30.49,15.47
drag_curl.mp4,1310,100.11,77.96,29.4,14.77
drag_curl.mp4,1320,95.75,75.57,25.58,14.48
drag_curl.mp4,1330,97.9,72.78,27.0,16.72
drag_curl.mp4,1340,100.77,74.84,26.83,17.51
drag_curl.mp4,1350,97.19,76.12,24.17,15.88
drag_curl.mp4,1360,107.01,79.11,29.6,14.02
dumbbell_biceps_curls.mp4,10,116.29,74.18,33.49,12.49
dumbbell_biceps_curls.mp4,20,113.5,74.3,31.17,11.93
dumbbell_biceps_curls.mp4,30,112.14,74.63,31.68,10.77
dumbbell_biceps_curls.mp4,40,110.94,75.29,29.62,11.29
dumbbell_biceps_curls.mp4,50,112.05,75.18,30.01,12.34
dumbbell_biceps_curls.mp4,60,113.17,75.05,30.84,12.37
dumbbell_biceps_curls.mp4,70,115.37,75.28,31.06,12.66
dumbbell_biceps_curls.mp4,80,116.55,76.0,31.42,13.4
dumbbell_biceps_curls.mp4,90,118.59,74.91,43.01,10.69
dumbbell_biceps_curls.mp4,100,115.98,65.74,41.47,13.61
dumbbell_biceps_curls.mp4,110,136.84,116.36,62.52,36.62
dumbbell_biceps_curls.mp4,120,139.37,132.73,72.26,53.67
dumbbell_biceps_curls.mp4,130,134.24,137.76,60.07,51.01
dumbbell_biceps_curls.mp4,140,134.16,138.33,61.6,51.34
dumbbell_biceps_curls.mp4,150,137.53,135.13,61.64,49.3
dumbbell_biceps_curls.mp4,160,136.6,109.24,59.3,27.03
dumbbell_biceps_curls.mp4,170,136.27,83.79,69.2,20.73
dumbbell_biceps_curls.mp4,180,113.04,70.72,36.93,17.09
dumbbell_biceps_curls.mp4,190,114.89,73.81,33.3,14.07
dumbbell_biceps_curls.mp4,200,120.93,75.0,37.1,14.59
dumbbell_biceps_curls.mp4,210,118.88,74.3,42.57,10.88
dumbbell_biceps_curls.mp4,220,121.45,65.05,50.8,18.37
dumbbell_biceps_curls.mp4,230,136.5,110.21,62.8,32.02
dumbbell_biceps_curls.mp4,240,139.52,126.99,70.44,45.63
dumbbell_biceps_curls.mp4,250,132.08,136.18,65.59,51.26
dumbbell_biceps_curls.mp4,260,135.03,137.08,69.14,52.35
dumbbell_biceps_curls.mp4,270,134.68,134.3,72.22,53.15
dumbbell_biceps_curls.mp4,280,136.81,119.25,68.43,41.34
dumbbell_biceps_curls.mp4,290,146.79,97.52,58.66,25.52
dumbbell_biceps_curls.mp4,300,107.3,68.09,36.35,23.25
dumbbell_biceps_curls.mp4,310,117.41,74.16,38.87,13.07
dumbbell_biceps_curls.mp4,320,113.94,76.16,33.89,10.6
dumbbell_biceps_curls.mp4,330,119.2,73.74,41.71,12.36
dumbbell_biceps_curls.mp4,340,114.49,62.94,40.71,20.51
dumbbell_biceps_curls.mp4,350,141.85,118.54,74.57,48.77
dumbbell_biceps_curls.mp4,360,136.77,130.73,69.18,49.26
dumbbell_biceps_curls.mp4,370,131.48,136.9,64.98,54.08
dumbbell_biceps_curls.mp4,380,132.52,136.06,66.04,54.88
dumbbell_biceps_curls.mp4,390,135.2,131.31,74.11,53.25
dumbbell_biceps_curls.mp4,400,135.71,117.7,64.37,34.77
dumbbell_biceps_curls.mp4,410,143.84,77.25,60.45,35.21
dumbbell_biceps_curls.mp4,420,112.88,70.24,36.17,18.01
dumbbell_biceps_curls.mp4,430,115.33,75.01,36.71,11.34
dumbbell_biceps_curls.mp4,440,119.61,76.79,37.89,11.37
dumbbell_biceps_curls.mp4,450,126.41,73.78,45.39,12.77
dumbbell_biceps_curls.mp4,460,119.58,63.4,45.03,15.39
dumbbell_biceps_curls.mp4,470,144.7,98.61,62.74,16.11
dumbbell_biceps_curls.mp4,480,137.82,126.68,74.25,49.72
dumbbell_biceps_curls.mp4,490,134.0,136.62,61.96,51.68
dumbbell_biceps_curls.mp4,500,130.85,136.06,64.37,51.32
dumbbell_biceps_curls.mp4,510,134.95,127.37,74.1,48.3
dumbbell_biceps_curls.mp4,520,136.16,111.16,60.32,24.23
dumbbell_biceps_curls.mp4,530,144.33,75.19,67.67,26.68
dumbbell_biceps_curls.mp4,540,118.13,69.87,39.44,17.35
dumbbell_biceps_curls.mp4,550,124.21,74.31,42.65,11.46
dumbbell_biceps_curls.mp4,560,122.24,75.08,40.52,10.18
dumbbell_biceps_curls.mp4,570,123.63,71.46,45.43,12.18
dumbbell_biceps_curls.mp4,580,138.05,84.65,57.46,15.89
dumbbell_biceps_curls.mp4,590,137.43,118.23,69.85,44.33
dumbbell_biceps_curls.mp4,600,140.1,127.6,70.28,49.45
dumbbell_biceps_curls.mp4,610,132.37,137.6,61.0,49.68
dumbbell_biceps_curls.mp4,620,131.98,136.15,63.87,48.52
dumbbell_biceps_curls.mp4,630,138.47,128.02,72.71,50.51
dumbbell_biceps_curls.mp4,640,139.85,96.54,52.08,19.5
dumbbell_biceps_curls.mp4,650,124.69,68.08,61.45,22.73
dumbbell_biceps_curls.mp4,660,121.03,72.58,41.66,16.45
dumbbell_biceps_curls.mp4,670,115.65,75.78,32.59,12.4
dumbbell_biceps_curls.mp4,680,115.46,77.6,31.22,10.78
dumbbell_biceps_curls.mp4,690,117.2,74.1,32.79,17.02
dumbbell_biceps_curls.mp4,700,120.56,76.2,35.72,14.86
dumbbell_biceps_curls.mp4,710,117.49,76.09,32.08,14.77
dumbbell_biceps_curls.mp4,720,115.12,77.06,29.82,13.03
dumbbell_biceps_curls.mp4,730,118.22,75.4,32.75,15.07
dumbbell_biceps_curls.mp4,740,115.21,78.0,30.95,11.11
dumbbell_curl_trifecta.mp4,10,85.85,115.49,20.36,26.8
dumbbell_curl_trifecta.mp4,20,87.35,116.6,21.38,26.04
dumbbell_curl_trifecta.mp4,30,86.65,114.88,20.35,25.35
dumbbell_curl_trifecta.mp4,40,86.18,113.43,19.84,24.41
dumbbell_curl_trifecta.mp4,50,86.26,115.4,19.09,25.17
dumbbell_curl_trifecta.mp4,60,86.87,114.29,19.03,24.09
dumbbell_curl_trifecta.mp4,70,85.85,115.53,21.82,24.92
dumbbell_curl_trifecta.mp4,80,84.7,118.85,26.79,24.51
dumbbell_curl_trifecta.mp4,90,82.53,116.3,36.0,27.41
dumbbell_curl_trifecta.mp4,100,81.11,117.68,35.59,54.2
dumbbell_curl_trifecta.mp4,110,85.15,130.96,30.95,75.15
dumbbell_curl_trifecta.mp4,120,91.45,139.49,38.49,78.41
dumbbell_curl_trifecta.mp4,130,90.84,141.09,37.76,80.87
dumbbell_curl_trifecta.mp4,140,89.67,139.83,43.01,75.6
dumbbell_curl_trifecta.mp4,150,86.81,129.71,30.4,69.35
dumbbell_curl_trifecta.mp4,160,81.6,117.19,43.03,33.96
dumbbell_curl_trifecta.mp4,170,81.86,122.91,27.11,31.81
dumbbell_curl_trifecta.mp4,180,84.69,118.05,20.43,27.47
dumbbell_curl_trifecta.mp4,190,84.96,110.88,22.47,23.07
dumbbell_curl_trifecta.mp4,200,125.56,113.56,50.88,24.36
dumbbell_curl_trifecta.mp4,210,135.04,121.94,75.53,26.06
dumbbell_curl_trifecta.mp4,220,138.22,128.92,77.3,24.74
dumbbell_curl_trifecta.mp4,230,137.3,124.55,69.05,23.81
dumbbell_curl_trifecta.mp4,240,118.21,116.03,60.68,24.75
dumbbell_curl_trifecta.mp4,250,86.38,114.19,30.1,22.61
dumbbell_curl_trifecta.mp4,260,85.24,115.88,22.12,26.03
dumbbell_curl_trifecta.mp4,270,86.04,123.22,28.4,31.04
dumbbell_curl_trifecta.mp4,280,79.62,119.18,37.51,30.33
dumbbell_curl_trifecta.mp4,290,78.15,115.33,38.23,46.35
dumbbell_curl_trifecta.mp4,300,91.52,132.86,36.31,67.51
dumbbell_curl_trifecta.mp4,310,102.29,147.06,25.67,88.0
dumbbell_curl_trifecta.mp4,320,98.23,145.04,31.78,85.36
dumbbell_curl_trifecta.mp4,330,95.3,136.56,29.41,82.79
dumbbell_curl_trifecta.mp4,340,88.6,125.4,31.27,62.82
dumbbell_curl_trifecta.mp4,350,80.61,123.4,44.06,36.39
dumbbell_curl_trifecta.mp4,360,82.31,120.92,38.81,25.49
dumbbell_curl_trifecta.mp4,370,86.03,114.08,24.58,24.02
dumbbell_curl_trifecta.mp4,380,94.58,107.55,26.49,23.33
dumbbell_curl_trifecta.mp4,390,136.55,116.37,72.16,23.61
dumbbell_curl_trifecta.mp4,400,136.21,128.82,73.47,24.71
dumbbell_curl_trifecta.mp4,410,136.33,131.26,62.91,23.52
dumbbell_curl_trifecta.mp4,420,135.45,132.58,65.65,24.87
dumbbell_curl_trifecta.mp4,430,133.86,116.39,60.22,24.04
dumbbell_curl_trifecta.mp4,440,79.88,110.74,32.25,22.4
dumbbell_curl_trifecta.mp4,450,84.76,107.77,21.88,23.09
dumbbell_curl_trifecta.mp4,460,83.34,109.35,27.55,23.58
dumbbell_curl_trifecta.mp4,470,83.94,132.7,43.57,52.4
dumbbell_curl_trifecta.mp4,480,87.66,138.3,43.85,60.7
dumbbell_curl_trifecta.mp4,490,98.52,141.07,34.39,64.53
dumbbell_curl_trifecta.mp4,500,97.22,139.94,36.82,63.78
dumbbell_curl_trifecta.mp4,510,88.45,140.06,41.35,62.88
dumbbell_curl_trifecta.mp4,520,82.54,130.1,43.96,48.75
dumbbell_curl_trifecta.mp4,530,79.99,113.73,35.18,25.64
dumbbell_curl_trifecta.mp4,540,77.61,120.85,36.25,27.05
dumbbell_curl_trifecta.mp4,550,121.91,125.68,37.54,29.47
dumbbell_curl_trifecta.mp4,560,134.55,129.43,56.18,23.14
dumbbell_curl_trifecta.mp4,570,132.99,137.55,50.96,22.22
dumbbell_curl_trifecta.mp4,580,133.78,139.03,50.22,22.73
dumbbell_curl_trifecta.mp4,590,131.61,130.31,37.79,22.6
dumbbell_curl_trifecta.mp4,600,118.02,120.81,25.75,23.44
dumbbell_curl_trifecta.mp4,610,83.55,108.11,19.67,22.39
dumbbell_curl_trifecta.mp4,620,85.38,109.77,17.49,25.19
dumbbell_curl_trifecta.mp4,630,80.8,115.55,28.39,22.08
dumbbell_curl_trifecta.mp4,640,79.07,123.47,34.71,26.64
dumbbell_curl_trifecta.mp4,650,79.49,117.11,34.19,43.48
dumbbell_curl_trifecta.mp4,660,85.92,132.22,38.15,63.36
dumbbell_curl_trifecta.mp4,670,91.28,141.4,35.12,81.77
dumbbell_curl_trifecta.mp4,680,90.96,142.85,39.01,80.22
dumbbell_curl_trifecta.mp4,690,96.67,133.15,39.38,72.69
dumbbell_curl_trifecta.mp4,700,87.25,129.01,35.9,55.02
dumbbell_curl_trifecta.mp4,710,84.8,129.06,46.29,34.89
dumbbell_curl_trifecta.mp4,720,87.64,126.63,32.06,29.19
dumbbell_curl_trifecta.mp4,730,82.02,108.59,25.44,24.58
dumbbell_curl_trifecta.mp4,740,99.62,109.94,27.51,23.83
dumbbell_curl_trifecta.mp4,750,134.52,112.08,75.34,22.69
dumbbell_curl_trifecta.mp4,760,136.18,122.14,86.97,22.52
dumbbell_curl_trifecta.mp4,770,137.32,122.91,73.82,22.55
dumbbell_curl_trifecta.mp4,780,133.8,112.33,78.13,23.21
dumbbell_curl_trifecta.mp4,790,116.27,114.61,30.54,22.97
dumbbell_curl_trifecta.mp4,800,83.06,107.88,22.33,22.6
dumbbell_curl_trifecta.mp4,810,84.75,108.33,15.86,25.94
dumbbell_curl_trifecta.mp4,820,88.15,119.2,32.44,26.24
dumbbell_curl_trifecta.mp4,830,76.29,108.95,36.17,33.84
dumbbell_curl_trifecta.mp4,840,82.78,123.09,32.53,64.8
dumbbell_curl_trifecta.mp4,850,90.07,141.59,36.56,74.89
dumbbell_curl_trifecta.mp4,860,95.28,142.14,34.7,79.89
dumbbell_curl_trifecta.mp4,870,91.85,143.62,35.34,77.98
dumbbell_curl_trifecta.mp4,880,84.03,128.41,41.94,64.21
dumbbell_curl_trifecta.mp4,890,81.92,117.46,38.68,39.56
dumbbell_curl_trifecta.mp4,900,83.32,123.9,42.41,25.57
dumbbell_curl_trifecta.mp4,910,85.34,113.11,29.7,24.18
dumbbell_curl_trifecta.mp4,920,84.24,105.12,27.25,22.22
dumbbell_curl_trifecta.mp4,930,130.7,109.9,67.31,22.35
dumbbell_curl_trifecta.mp4,940,134.54,122.75,77.44,23.03
dumbbell_curl_trifecta.mp4,950,138.2,128.68,58.87,22.83
dumbbell_curl_trifecta.mp4,960,136.42,130.93,69.51,22.79
dumbbell_curl_trifecta.mp4,970,139.11,116.81,72.08,23.93
dumbbell_curl_trifecta.mp4,980,103.83,113.26,25.53,23.96
dumbbell_curl_trifecta.mp4,990,86.83,113.73,28.25,21.77
dumbbell_curl_trifecta.mp4,1000,86.81,114.53,22.32,25.16
dumbbell_curl_trifecta.mp4,1010,84.13,113.25,32.12,23.73
dumbbell_curl_trifecta.mp4,1020,84.21,137.12,41.33,52.23
dumbbell_curl_trifecta.mp4,1030,82.6,138.17,46.75,59.12
dumbbell_curl_trifecta.mp4,1040,84.87,139.92,48.16,68.56
dumbbell_curl_trifecta.mp4,1050,87.29,139.82,46.91,65.89
dumbbell_curl_trifecta.mp4,1060,81.73,140.15,44.05,69.41
dumbbell_curl_trifecta.mp4,1070,80.89,125.16,44.84,48.29
dumbbell_curl_trifecta.mp4,1080,78.21,118.67,42.13,26.64
dumbbell_curl_trifecta.mp4,1090,82.34,123.4,32.93,26.57
dumbbell_curl_trifecta.mp4,1100,119.99,116.39,33.69,24.33
dumbbell_curl_trifecta.mp4,1110,132.58,124.66,50.99,23.5
dumbbell_curl_trifecta.mp4,1120,132.47,136.65,45.55,23.38
dumbbell_curl_trifecta.mp4,1130,133.72,134.14,51.64,22.89
dumbbell_curl_trifecta.mp4,1140,131.65,124.22,41.72,23.44
dumbbell_curl_trifecta.mp4,1150,99.74,115.35,20.0,23.58
dumbbell_curl_trifecta.mp4,1160,80.86,105.13,20.81,22.52
dumbbell_curl_trifecta.mp4,1170,84.93,112.85,22.72,26.82
dumbbell_curl_trifecta.mp4,1180,81.81,113.72,39.67,27.08
dumbbell_curl_trifecta.mp4,1190,85.5,125.78,25.7,60.63
dumbbell_curl_trifecta.mp4,1200,95.82,139.38,33.86,72.5
dumbbell_curl_trifecta.mp4,1210,92.63,144.18,34.49,76.93
dumbbell_curl_trifecta.mp4,1220,87.29,141.65,32.48,82.14
dumbbell_curl_trifecta.mp4,1230,85.21,128.94,27.39,69.07
dumbbell_curl_trifecta.mp4,1240,82.53,118.14,38.44,45.17
dumbbell_curl_trifecta.mp4,1250,81.94,114.04,35.3,25.06
dumbbell_curl_trifecta.mp4,1260,83.9,103.8,27.24,20.78
dumbbell_curl_trifecta.mp4,1270,109.82,115.21,24.63,22.88
dumbbell_curl_trifecta.mp4,1280,135.05,117.67,53.12,24.34
dumbbell_curl_trifecta.mp4,1290,134.71,117.37,65.77,22.44
dumbbell_curl_trifecta.mp4,1300,136.48,124.64,58.58,23.04
dumbbell_curl_trifecta.mp4,1310,133.19,120.87,63.26,22.33
dumbbell_curl_trifecta.mp4,1320,128.26,119.77,30.02,22.73
dumbbell_curl_trifecta.mp4,1330,82.06,106.47,27.29,21.15
dumbbell_curl_trifecta.mp4,1340,83.58,112.45,24.55,24.94
dumbbell_curl_trifecta.mp4,1350,82.56,111.95,30.43,28.68
dumbbell_curl_trifecta.mp4,1360,78.07,104.57,22.78,50.52
dumbbell_curl_trifecta.mp4,1370,88.35,134.73,34.75,67.0
dumbbell_curl_trifecta.mp4,1380,89.83,142.52,32.09,79.31
dumbbell_curl_trifecta.mp4,1390,89.03,143.06,31.1,84.19
dumbbell_curl_trifecta.mp4,1400,87.51,137.31,29.12,76.37
dumbbell_curl_trifecta.mp4,1410,82.68,112.11,27.16,54.5
dumbbell_curl_trifecta.mp4,1420,82.6,119.04,35.66,33.22
dumbbell_curl_trifecta.mp4,1430,86.31,114.01,30.38,23.5
dumbbell_curl_trifecta.mp4,1440,95.89,111.55,25.99,22.83
dumbbell_curl_trifecta.mp4,1450,135.08,113.57,68.8,22.4
dumbbell_curl_trifecta.mp4,1460,134.52,123.7,75.04,24.04
dumbbell_curl_trifecta.mp4,1470,134.52,122.0,77.16,20.81
dumbbell_curl_trifecta.mp4,1480,133.13,124.4,70.83,22.45
dumbbell_curl_trifecta.mp4,1490,136.36,113.43,64.01,22.68
dumbbell_curl_trifecta.mp4,1500,84.04,110.87,26.45,22.61
dumbbell_curl_trifecta.mp4,1510,84.7,107.7,19.14,24.17
dumbbell_curl_trifecta.mp4,1520,87.23,112.01,22.12,22.98
dumbbell_curl_trifecta.mp4,1530,79.93,113.46,47.13,31.19
dumbbell_curl_trifecta.mp4,1540,85.38,144.63,48.88,58.23
dumbbell_curl_trifecta.mp4,1550,90.33,140.49,42.44,64.75
dumbbell_curl_trifecta.mp4,1560,89.03,140.89,42.49,67.87
dumbbell_curl_trifecta.mp4,1570,88.32,139.64,44.78,57.69
dumbbell_curl_trifecta.mp4,1580,80.93,129.67,43.41,50.8
dumbbell_curl_trifecta.mp4,1590,81.84,108.07,33.98,25.53
dumbbell_curl_trifecta.mp4,1600,82.25,119.08,32.68,25.31
dumbbell_curl_trifecta.mp4,1610,115.05,130.43,17.02,27.78
dumbbell_curl_trifecta.mp4,1620,131.03,125.86,49.15,24.86
dumbbell_curl_trifecta.mp4,1630,132.14,138.05,45.1,21.94
dumbbell_curl_trifecta.mp4,1640,131.96,141.44,44.62,21.8
dumbbell_curl_trifecta.mp4,1650,134.55,134.52,41.43,21.86
dumbbell_curl_trifecta.mp4,1660,134.52,125.9,31.34,22.4
dumbbell_curl_trifecta.mp4,1670,82.36,105.62,21.65,22.71
dumbbell_curl_trifecta.mp4,1680,86.15,109.15,19.5,25.47
dumbbell_curl_trifecta.mp4,1690,78.82,114.93,24.75,23.68
dumbbell_curl_trifecta.mp4,1700,80.97,117.47,37.13,25.78
dumbbell_curl_trifecta.mp4,1710,81.76,122.88,30.88,59.81
dumbbell_curl_trifecta.mp4,1720,91.56,133.38,32.49,72.23
dumbbell_curl_trifecta.mp4,1730,90.36,146.62,38.09,77.82
dumbbell_curl_trifecta.mp4,1740,86.92,143.64,31.74,84.99
dumbbell_curl_trifecta.mp4,1750,87.36,130.58,25.75,69.71
dumbbell_curl_trifecta.mp4,1760,79.97,110.52,34.31,43.38
dumbbell_curl_trifecta.mp4,1770,78.11,116.47,34.64,30.29
dumbbell_curl_trifecta.mp4,1780,82.93,114.08,28.62,25.45
dumbbell_curl_trifecta.mp4,1790,82.52,108.3,25.82,22.13
dumbbell_curl_trifecta.mp4,1800,107.96,106.24,30.41,23.78
dumbbell_curl_trifecta.mp4,1810,134.26,115.88,62.52,23.91
dumbbell_curl_trifecta.mp4,1820,135.58,126.48,73.82,23.15
dumbbell_curl_trifecta.mp4,1830,135.38,124.13,77.25,23.56
dumbbell_curl_trifecta.mp4,1840,132.24,115.89,64.91,22.68
dumbbell_curl_trifecta.mp4,1850,121.26,112.42,30.59,24.59
dumbbell_curl_trifecta.mp4,1860,80.89,102.37,23.98,19.8
dumbbell_curl_trifecta.mp4,1870,85.88,108.57,22.94,24.7
dumbbell_curl_trifecta.mp4,1880,82.15,112.53,33.39,28.2
dumbbell_curl_trifecta.mp4,1890,77.76,98.52,26.47,41.51
dumbbell_curl_trifecta.mp4,1900,87.99,133.01,34.3,69.18
dumbbell_curl_trifecta.mp4,1910,94.94,142.99,34.6,75.45
dumbbell_curl_trifecta.mp4,1920,88.07,144.23,34.06,81.88
dumbbell_curl_trifecta.mp4,1930,86.39,136.98,36.91,72.46
dumbbell_curl_trifecta.mp4,1940,86.32,123.25,26.7,59.7
dumbbell_curl_trifecta.mp4,1950,82.01,117.21,36.97,29.5
dumbbell_curl_trifecta.mp4,1960,82.23,118.96,29.54,25.45
dumbbell_curl_trifecta.mp4,1970,79.12,104.42,30.35,20.34
dumbbell_curl_trifecta.mp4,1980,129.89,109.73,62.84,21.93
dumbbell_curl_trifecta.mp4,1990,131.86,120.01,70.0,22.66
dumbbell_curl_trifecta.mp4,2000,132.62,124.95,73.35,21.94
dumbbell_curl_trifecta.mp4,2010,133.25,123.99,73.12,21.78
dumbbell_curl_trifecta.mp4,2020,136.51,118.4,62.32,21.94
dumbbell_curl_trifecta.mp4,2030,116.67,114.68,30.57,21.76
dumbbell_curl_trifecta.mp4,2040,80.46,104.17,24.15,21.32
dumbbell_curl_trifecta.mp4,2050,87.41,117.41,29.69,24.6
dumbbell_curl_trifecta.mp4,2060,80.58,108.83,37.6,22.08
dumbbell_curl_trifecta.mp4,2070,87.83,141.52,40.38,60.62
dumbbell_curl_trifecta.mp4,2080,86.95,142.98,51.59,61.3
dumbbell_curl_trifecta.mp4,2090,91.28,141.38,45.76,67.8
dumbbell_curl_trifecta.mp4,2100,87.85,141.04,47.1,68.39
dumbbell_curl_trifecta.mp4,2110,87.78,143.48,44.02,58.9
dumbbell_curl_trifecta.mp4,2120,83.9,116.18,49.34,24.41
dumbbell_curl_trifecta.mp4,2130,84.0,121.55,32.03,24.66
dumbbell_curl_trifecta.mp4,2140,83.41,121.55,38.79,23.69
dumbbell_curl_trifecta.mp4,2150,129.81,128.21,31.21,24.55
dumbbell_curl_trifecta.mp4,2160,133.97,143.3,36.61,23.17
dumbbell_curl_trifecta.mp4,2170,132.33,140.01,43.44,21.35
dumbbell_curl_trifecta.mp4,2180,134.72,131.42,57.21,22.11
dumbbell_curl_trifecta.mp4,2190,133.1,122.88,44.06,22.84
dumbbell_curl_trifecta.mp4,2200,86.13,118.47,28.73,23.92
dumbbell_curl_trifecta.mp4,2210,84.83,115.51,20.29,25.39
dumbbell_curl_trifecta.mp4,2220,76.32,109.4,25.63,23.03
dumbbell_curl_trifecta.mp4,2230,79.44,107.2,39.0,31.71
dumbbell_curl_trifecta.mp4,2240,87.1,128.86,31.2,59.83
dumbbell_curl_trifecta.mp4,2250,94.67,139.51,35.28,74.81
dumbbell_curl_trifecta.mp4,2260,90.54,145.55,35.58,80.8
dumbbell_curl_trifecta.mp4,2270,89.9,140.0,34.1,80.12
dumbbell_curl_trifecta.mp4,2280,84.15,127.07,29.65,68.42
dumbbell_curl_trifecta.mp4,2290,83.06,121.46,41.98,43.49
dumbbell_curl_trifecta.mp4,2300,82.47,120.87,37.01,27.76
dumbbell_curl_trifecta.mp4,2310,83.55,115.79,31.7,23.88
dumbbell_curl_trifecta.mp4,2320,93.26,115.3,28.9,22.56
dumbbell_curl_trifecta.mp4,2330,134.73,117.1,73.88,24.09
dumbbell_curl_trifecta.mp4,2340,136.7,126.16,80.0,23.99
dumbbell_curl_trifecta.mp4,2350,136.81,131.76,67.43,22.98
dumbbell_curl_trifecta.mp4,2360,135.16,127.72,74.66,23.73
dumbbell_curl_trifecta.mp4,2370,121.11,108.45,59.74,20.85
dumbbell_curl_trifecta.mp4,2380,82.38,103.43,29.96,19.86
dumbbell_curl_trifecta.mp4,2390,81.48,105.76,22.79,21.99
dumbbell_curl_trifecta.mp4,2400,81.2,114.76,32.43,24.72
dumbbell_curl_trifecta.mp4,2410,80.87,107.27,32.29,39.19
dumbbell_curl_trifecta.mp4,2420,81.17,117.54,30.38,60.24
dumbbell_curl_trifecta.mp4,2430,89.18,136.12,34.87,68.15
dumbbell_curl_trifecta.mp4,2440,91.11,142.9,32.56,78.4
dumbbell_curl_trifecta.mp4,2450,94.38,143.12,31.64,76.62
dumbbell_curl_trifecta.mp4,2460,87.95,134.91,39.89,66.43
dumbbell_curl_trifecta.mp4,2470,80.69,115.57,29.94,55.98
dumbbell_curl_trifecta.mp4,2480,81.64,120.57,41.81,29.13
dumbbell_curl_trifecta.mp4,2490,86.11,121.27,28.3,26.68
dumbbell_curl_trifecta.mp4,2500,85.91,111.34,24.17,21.45
dumbbell_curl_trifecta.mp4,2510,106.75,108.03,28.33,23.85
dumbbell_curl_trifecta.mp4,2520,134.42,116.35,70.87,23.39
dumbbell_curl_trifecta.mp4,2530,132.4,124.98,75.14,23.78
dumbbell_curl_trifecta.mp4,2540,134.81,126.95,75.32,22.75
dumbbell_curl_trifecta.mp4,2550,131.81,121.44,70.87,23.93
dumbbell_curl_trifecta.mp4,2560,133.15,109.26,62.54,22.57
dumbbell_curl_trifecta.mp4,2570,81.67,104.69,26.64,20.45
dumbbell_curl_trifecta.mp4,2580,86.77,105.28,17.31,22.14
dumbbell_curl_trifecta.mp4,2590,85.21,117.79,27.03,26.12
dumbbell_curl_trifecta.mp4,2600,76.27,99.2,48.76,21.36
dumbbell_curl_trifecta.mp4,2610,85.8,138.5,41.76,60.08
dumbbell_curl_trifecta.mp4,2620,86.27,140.56,49.05,67.58
dumbbell_curl_trifecta.mp4,2630,95.25,141.36,47.77,60.2
dumbbell_curl_trifecta.mp4,2640,87.4,141.49,48.61,64.81
dumbbell_curl_trifecta.mp4,2650,87.48,144.31,44.63,63.24
dumbbell_curl_trifecta.mp4,2660,78.56,112.69,46.81,25.1
dumbbell_curl_trifecta.mp4,2670,80.78,122.28,36.19,27.03
dumbbell_curl_trifecta.mp4,2680,87.77,118.21,18.65,26.28
dumbbell_curl_trifecta.mp4,2690,132.92,130.61,36.4,23.65
dumbbell_curl_trifecta.mp4,2700,133.55,132.45,49.49,21.48
dumbbell_curl_trifecta.mp4,2710,132.22,140.25,43.7,21.0
dumbbell_curl_trifecta.mp4,2720,133.9,135.71,49.09,21.39
dumbbell_curl_trifecta.mp4,2730,138.25,124.92,39.9,21.9
dumbbell_curl_trifecta.mp4,2740,85.26,112.69,26.71,22.0
dumbbell_curl_trifecta.mp4,2750,82.19,112.28,25.04,23.61
dumbbell_curl_trifecta.mp4,2760,87.53,118.13,20.54,27.91
dumbbell_curl_trifecta.mp4,2770,86.47,119.81,23.46,27.79
dumbbell_curl_trifecta.mp4,2780,87.06,117.26,22.34,25.87
dumbbell_curl_trifecta.mp4,2790,85.79,121.53,24.24,28.85
dumbbell_curl_trifecta.mp4,2800,88.17,123.83,24.31,30.56
dumbbell_curl_trifecta.mp4,2810,87.97,120.02,22.31,27.39
dumbbell_curl_trifecta.mp4,2820,87.62,116.43,18.89,26.79
dumbbell_curl_trifecta.mp4,2830,87.53,117.59,22.64,25.27
dumbbell_curl_trifecta.mp4,2840,88.46,116.16,20.07,25.06
dumbbell_curl_trifecta.mp4,2850,88.86,113.66,19.68,23.21
dumbbell_curl_trifecta.mp4,2860,86.93,112.9,20.53,24.78
dumbbell_curl_trifecta.mp4,2870,85.16,111.74,19.8,24.29
dumbbell_curl_trifecta.mp4,2880,87.87,115.2,25.77,23.96
dumbbell_hammer_curls.mp4,10,163.29,142.68,27.38,21.61
dumbbell_hammer_curls.mp4,20,166.13,143.54,28.87,19.78
dumbbell_hammer_curls.mp4,30,161.24,144.14,30.32,24.74
dumbbell_hammer_curls.mp4,40,158.42,144.08,25.2,19.84
dumbbell_hammer_curls.mp4,50,162.11,142.96,27.63,21.06
dumbbell_hammer_curls.mp4,60,160.8,141.65,28.18,23.92
dumbbell_hammer_curls.mp4,70,152.73,139.02,22.43,16.9
dumbbell_hammer_curls.mp4,80,137.44,124.8,36.79,16.85
dumbbell_hammer_curls.mp4,90,125.53,125.94,53.53,35.93
dumbbell_hammer_curls.mp4,100,131.7,126.45,63.93,41.92
dumbbell_hammer_curls.mp4,110,126.86,124.52,64.2,43.05
dumbbell_hammer_curls.mp4,120,124.58,120.06,59.68,37.69
dumbbell_hammer_curls.mp4,130,130.69,122.1,64.55,40.92
dumbbell_hammer_curls.mp4,140,133.12,126.89,60.62,33.43
dumbbell_hammer_curls.mp4,150,139.23,130.21,41.69,29.41
dumbbell_hammer_curls.mp4,160,151.98,135.99,21.98,18.14
dumbbell_hammer_curls.mp4,170,158.63,140.75,24.49,22.57
dumbbell_hammer_curls.mp4,180,154.01,142.39,23.19,20.25
dumbbell_hammer_curls.mp4,190,156.31,134.0,22.01,16.81
dumbbell_hammer_curls.mp4,200,139.84,127.0,49.12,24.7
dumbbell_hammer_curls.mp4,210,129.14,126.49,64.53,43.23
dumbbell_hammer_curls.mp4,220,129.65,127.42,67.07,45.2
dumbbell_hammer_curls.mp4,230,125.2,123.6,61.96,40.03
dumbbell_hammer_curls.mp4,240,125.89,120.79,62.87,41.63
dumbbell_hammer_curls.mp4,250,129.9,120.48,64.57,38.5
dumbbell_hammer_curls.mp4,260,138.69,125.55,48.87,21.51
dumbbell_hammer_curls.mp4,270,154.34,135.44,23.43,18.21
dumbbell_hammer_curls.mp4,280,156.47,143.91,24.38,17.36
dumbbell_hammer_curls.mp4,290,152.82,142.94,24.17,17.17
dumbbell_hammer_curls.mp4,300,149.29,139.99,22.66,16.47
dumbbell_hammer_curls.mp4,310,135.37,121.92,46.06,26.82
dumbbell_hammer_curls.mp4,320,124.27,119.34,60.7,37.02
dumbbell_hammer_curls.mp4,330,130.14,126.82,64.55,41.72
dumbbell_hammer_curls.mp4,340,130.62,129.39,66.09,46.12
dumbbell_hammer_curls.mp4,350,125.86,121.82,63.07,37.22
dumbbell_hammer_curls.mp4,360,132.3,120.4,72.15,43.15
dumbbell_hammer_curls.mp4,370,136.55,126.35,44.24,22.57
dumbbell_hammer_curls.mp4,380,154.42,140.05,21.1,17.12
dumbbell_hammer_curls.mp4,390,154.58,145.31,27.74,21.48
dumbbell_hammer_curls.mp4,400,152.83,142.53,22.7,18.79
dumbbell_hammer_curls.mp4,410,156.77,135.51,21.46,15.36
dumbbell_hammer_curls.mp4,420,137.26,127.42,52.1,29.85
dumbbell_hammer_curls.mp4,430,118.19,114.39,57.96,35.65
dumbbell_hammer_curls.mp4,440,125.32,119.37,58.67,34.9
dumbbell_hammer_curls.mp4,450,129.89,128.3,60.4,44.2
dumbbell_hammer_curls.mp4,460,128.76,122.37,61.91,38.09
dumbbell_hammer_curls.mp4,470,132.11,118.55,69.73,40.34
dumbbell_hammer_curls.mp4,480,138.64,130.49,57.05,29.56
dumbbell_hammer_curls.mp4,490,153.34,136.28,21.77,17.01
dumbbell_hammer_curls.mp4,500,158.73,143.76,24.13,19.57
dumbbell_hammer_curls.mp4,510,154.79,141.59,22.73,18.58
dumbbell_hammer_curls.mp4,520,154.89,136.02,22.43,18.26
dumbbell_hammer_curls.mp4,530,142.96,126.86,38.66,21.82
dumbbell_hammer_curls.mp4,540,130.21,119.96,69.79,42.95
dumbbell_hammer_curls.mp4,550,124.93,120.48,67.51,38.95
dumbbell_hammer_curls.mp4,560,129.98,113.26,68.16,35.55
dumbbell_hammer_curls.mp4,570,125.95,109.18,67.51,30.91
dumbbell_hammer_curls.mp4,580,128.83,119.55,63.51,34.69
dumbbell_hammer_curls.mp4,590,141.51,129.72,61.91,34.15
dumbbell_hammer_curls.mp4,600,150.92,133.19,24.49,18.48
dumbbell_hammer_curls.mp4,610,159.74,144.37,22.57,18.56
dumbbell_hammer_curls.mp4,620,157.16,142.82,23.32,16.24
dumbbell_hammer_curls.mp4,630,155.48,142.54,23.69,18.35
dumbbell_hammer_curls.mp4,640,154.66,144.12,23.73,18.51
dumbbell_hammer_curls.mp4,650,156.0,142.82,23.62,18.75
dumbbell_hammer_curls.mp4,660,162.53,144.01,24.77,22.38
dumbbell_hammer_curls.mp4,670,161.52,143.02,22.2,18.72
dumbbell_high_pulls.mp4,10,89.23,112.03,22.04,21.08
dumbbell_high_pulls.mp4,20,87.28,111.38,17.96,23.98
dumbbell_high_pulls.mp4,30,88.78,111.36,15.88,23.71
dumbbell_high_pulls.mp4,40,87.75,113.81,18.55,25.25
dumbbell_high_pulls.mp4,50,85.74,113.35,19.37,25.48
dumbbell_high_pulls.mp4,60,86.71,112.05,14.83,26.75
dumbbell_high_pulls.mp4,70,86.58,109.93,15.39,26.27
dumbbell_high_pulls.mp4,80,82.62,110.93,22.08,23.82
dumbbell_high_pulls.mp4,90,85.25,118.45,19.19,28.03
dumbbell_high_pulls.mp4,100,88.56,134.13,25.87,53.09
dumbbell_high_pulls.mp4,110,90.5,143.37,32.77,70.38
dumbbell_high_pulls.mp4,120,94.34,145.94,36.03,77.21
dumbbell_high_pulls.mp4,130,74.44,120.04,25.18,58.3
dumbbell_high_pulls.mp4,140,80.06,105.74,45.1,72.29
dumbbell_high_pulls.mp4,150,156.99,153.61,100.33,109.59
dumbbell_high_pulls.mp4,160,108.08,147.38,79.68,99.88
dumbbell_high_pulls.mp4,170,114.61,140.18,81.2,88.26
dumbbell_high_pulls.mp4,180,132.5,139.45,81.58,80.94
dumbbell_high_pulls.mp4,190,86.6,146.37,80.99,93.02
dumbbell_high_pulls.mp4,200,129.98,159.95,69.25,83.55
dumbbell_high_pulls.mp4,210,130.11,143.62,69.47,91.14
dumbbell_high_pulls.mp4,220,78.05,118.68,29.67,50.77
dumbbell_high_pulls.mp4,230,83.17,137.26,25.73,56.92
dumbbell_high_pulls.mp4,240,88.83,148.5,26.56,62.2
dumbbell_high_pulls.mp4,250,88.76,150.7,23.62,62.28
dumbbell_high_pulls.mp4,260,93.01,145.94,34.48,71.42
dumbbell_high_pulls.mp4,270,78.16,111.22,29.32,51.66
dumbbell_high_pulls.mp4,280,131.19,156.25,64.45,90.88
dumbbell_high_pulls.mp4,290,114.09,153.18,80.85,95.69
dumbbell_high_pulls.mp4,300,121.85,136.97,81.25,82.14
dumbbell_high_pulls.mp4,310,128.5,136.15,80.12,80.13
dumbbell_high_pulls.mp4,320,114.53,144.1,77.46,84.05
dumbbell_high_pulls.mp4,330,120.23,164.32,71.18,91.75
dumbbell_high_pulls.mp4,340,127.52,149.71,73.63,102.29
dumbbell_high_pulls.mp4,350,83.09,126.21,34.8,63.88
dumbbell_high_pulls.mp4,360,97.12,146.79,42.42,74.9
dumbbell_high_pulls.mp4,370,101.55,158.78,40.22,77.24
dumbbell_high_pulls.mp4,380,99.09,153.28,37.57,73.77
dumbbell_high_pulls.mp4,390,77.43,125.89,26.21,54.95
dumbbell_high_pulls.mp4,400,93.24,134.4,57.18,97.78
dumbbell_high_pulls.mp4,410,140.86,164.85,77.72,92.34
dumbbell_high_pulls.mp4,420,89.68,138.97,85.5,86.12
dumbbell_high_pulls.mp4,430,92.0,133.37,83.6,76.46
dumbbell_high_pulls.mp4,440,112.08,140.95,81.76,83.62
dumbbell_high_pulls.mp4,450,115.62,154.21,79.78,92.95
dumbbell_high_pulls.mp4,460,150.81,152.08,84.8,96.71
dumbbell_high_pulls.mp4,470,79.17,110.83,37.92,62.47
dumbbell_high_pulls.mp4,480,84.33,140.22,29.62,65.87
dumbbell_high_pulls.mp4,490,104.12,158.7,39.05,74.32
dumbbell_high_pulls.mp4,500,101.25,154.33,38.65,73.21
dumbbell_high_pulls.mp4,510,74.19,118.47,26.8,47.55
dumbbell_high_pulls.mp4,520,98.55,125.14,62.89,93.49
dumbbell_high_pulls.mp4,530,148.88,162.9,74.28,93.26
dumbbell_high_pulls.mp4,540,108.02,143.34,86.57,91.14
dumbbell_high_pulls.mp4,550,76.1,137.16,91.62,85.21
dumbbell_high_pulls.mp4,560,79.48,141.88,85.56,88.64
dumbbell_high_pulls.mp4,570,115.59,153.36,84.13,93.99
dumbbell_high_pulls.mp4,580,148.04,156.74,81.42,102.11
dumbbell_high_pulls.mp4,590,81.48,117.29,37.84,58.2
dumbbell_high_pulls.mp4,600,86.47,141.5,30.1,65.66
dumbbell_high_pulls.mp4,610,102.63,160.12,42.33,84.19
dumbbell_high_pulls.mp4,620,100.95,158.28,40.98,82.56
dumbbell_high_pulls.mp4,630,80.52,134.37,28.48,66.2
dumbbell_high_pulls.mp4,640,100.79,136.73,64.81,98.78
dumbbell_high_pulls.mp4,650,150.72,165.55,76.99,90.64
dumbbell_high_pulls.mp4,660,101.11,145.53,85.15,92.4
dumbbell_high_pulls.mp4,670,74.11,134.94,93.0,76.34
dumbbell_high_pulls.mp4,680,76.2,132.99,90.38,79.11
dumbbell_high_pulls.mp4,690,72.46,143.77,83.82,83.32
dumbbell_high_pulls.mp4,700,126.68,163.54,53.18,66.73
dumbbell_high_pulls.mp4,710,95.35,150.31,59.51,57.34
dumbbell_high_pulls.mp4,720,79.29,118.38,43.55,33.77
dumbbell_high_pulls.mp4,730,85.86,115.28,26.33,25.03
dumbbell_high_pulls.mp4,740,88.6,121.69,23.57,29.8
dumbbell_high_pulls.mp4,750,86.35,119.84,21.26,26.55
dumbbell_high_pulls.mp4,760,82.48,116.18,21.17,26.3
dumbbell_high_pulls.mp4,770,86.62,121.88,25.04,27.65
dumbbell_high_pulls.mp4,780,85.89,117.61,24.8,26.58
dumbbell_high_pulls.mp4,790,88.7,120.66,25.15,26.16
dumbbell_high_pulls.mp4,800,89.4,119.96,24.59,24.54
dumbbell_overhead_shoulder_press.mp4,10,162.42,149.38,23.4,17.91
dumbbell_overhead_shoulder_press.mp4,20,164.3,148.39,25.99,20.68
dumbbell_overhead_shoulder_press.mp4,30,165.6,144.48,19.08,16.55
dumbbell_overhead_shoulder_press.mp4,40,160.22,148.05,24.05,17.79
dumbbell_overhead_shoulder_press.mp4,50,162.24,140.55,25.4,16.71
dumbbell_overhead_shoulder_press.mp4,60,148.5,122.53,27.63,18.3
dumbbell_overhead_shoulder_press.mp4,70,132.48,115.36,75.37,40.78
dumbbell_overhead_shoulder_press.mp4,80,127.78,111.68,88.46,65.66
dumbbell_overhead_shoulder_press.mp4,90,123.73,120.65,91.19,83.02
dumbbell_overhead_shoulder_press.mp4,100,122.25,119.84,89.76,80.56
dumbbell_overhead_shoulder_press.mp4,110,121.58,119.81,95.58,85.22
dumbbell_overhead_shoulder_press.mp4,120,120.38,122.95,89.94,82.67
dumbbell_overhead_shoulder_press.mp4,130,115.98,117.32,94.3,89.52
dumbbell_overhead_shoulder_press.mp4,140,123.32,125.02,119.53,120.16
dumbbell_overhead_shoulder_press.mp4,150,131.04,148.29,148.34,138.11
dumbbell_overhead_shoulder_press.mp4,160,129.69,140.84,139.12,136.43
dumbbell_overhead_shoulder_press.mp4,170,112.75,115.9,123.36,123.84
dumbbell_overhead_shoulder_press.mp4,180,96.39,115.92,106.03,97.82
dumbbell_overhead_shoulder_press.mp4,190,112.57,118.84,91.7,84.03
dumbbell_overhead_shoulder_press.mp4,200,111.44,117.11,90.23,84.69
dumbbell_overhead_shoulder_press.mp4,210,117.71,120.34,94.32,85.03
dumbbell_overhead_shoulder_press.mp4,220,112.63,115.41,93.87,87.22
dumbbell_overhead_shoulder_press.mp4,230,102.77,111.58,113.45,112.59
dumbbell_overhead_shoulder_press.mp4,240,128.08,135.76,149.71,136.94
dumbbell_overhead_shoulder_press.mp4,250,131.41,141.16,150.9,139.4
dumbbell_overhead_shoulder_press.mp4,260,114.18,123.67,125.7,124.14
dumbbell_overhead_shoulder_press.mp4,270,94.17,109.96,109.34,99.19
dumbbell_overhead_shoulder_press.mp4,280,110.42,115.52,95.76,85.41
dumbbell_overhead_shoulder_press.mp4,290,116.18,118.88,94.48,82.93
dumbbell_overhead_shoulder_press.mp4,300,118.62,112.96,88.97,71.7
dumbbell_overhead_shoulder_press.mp4,310,111.75,105.42,94.15,83.09
dumbbell_overhead_shoulder_press.mp4,320,104.0,108.56,105.97,100.6
dumbbell_overhead_shoulder_press.mp4,330,126.64,137.55,147.54,133.53
dumbbell_overhead_shoulder_press.mp4,340,129.15,146.36,151.2,138.39
dumbbell_overhead_shoulder_press.mp4,350,119.62,127.9,128.45,123.32
dumbbell_overhead_shoulder_press.mp4,360,100.49,110.17,111.14,100.18
dumbbell_overhead_shoulder_press.mp4,370,110.59,117.81,92.75,84.81
dumbbell_overhead_shoulder_press.mp4,380,115.35,112.75,95.41,80.16
dumbbell_overhead_shoulder_press.mp4,390,124.54,118.01,88.78,69.73
dumbbell_overhead_shoulder_press.mp4,400,113.18,115.16,93.46,80.5
dumbbell_overhead_shoulder_press.mp4,410,95.81,108.07,114.7,105.14
dumbbell_overhead_shoulder_press.mp4,420,128.8,130.72,148.41,133.91
dumbbell_overhead_shoulder_press.mp4,430,126.11,140.05,149.42,139.69
dumbbell_overhead_shoulder_press.mp4,440,111.49,118.22,126.94,124.27
dumbbell_overhead_shoulder_press.mp4,450,101.88,115.01,100.87,91.51
dumbbell_overhead_shoulder_press.mp4,460,110.67,112.78,90.93,80.53
dumbbell_overhead_shoulder_press.mp4,470,119.81,116.03,92.28,74.55
dumbbell_overhead_shoulder_press.mp4,480,123.15,116.45,90.23,72.21
dumbbell_overhead_shoulder_press.mp4,490,113.35,112.42,91.0,80.56
dumbbell_overhead_shoulder_press.mp4,500,97.85,111.28,112.78,106.02
dumbbell_overhead_shoulder_press.mp4,510,123.91,145.51,144.56,136.81
dumbbell_overhead_shoulder_press.mp4,520,130.71,143.91,151.29,143.64
dumbbell_overhead_shoulder_press.mp4,530,116.08,121.44,122.79,119.21
dumbbell_overhead_shoulder_press.mp4,540,105.79,110.72,93.83,83.54
dumbbell_overhead_shoulder_press.mp4,550,122.03,117.3,96.94,77.85
dumbbell_overhead_shoulder_press.mp4,560,122.3,119.55,95.84,75.81
dumbbell_overhead_shoulder_press.mp4,570,124.76,119.51,84.13,66.82
dumbbell_overhead_shoulder_press.mp4,580,135.74,132.66,74.49,53.81
dumbbell_overhead_shoulder_press.mp4,590,133.39,121.5,61.94,28.86
dumbbell_overhead_shoulder_press.mp4,600,146.13,133.02,27.61,18.75
dumbbell_overhead_shoulder_press.mp4,610,164.15,142.01,22.98,18.81
dumbbell_overhead_shoulder_press.mp4,620,169.25,149.0,25.09,19.04
dumbbell_overhead_shoulder_press.mp4,630,169.43,147.25,23.74,16.82
dumbbell_overhead_shoulder_press.mp4,640,167.08,148.58,23.08,15.77
dumbbell_overhead_shoulder_press.mp4,650,166.48,146.65,21.58,15.92
dumbbell_reverse_lunge.mp4,10,117.68,72.91,30.21,23.14
dumbbell_reverse_lunge.mp4,20,117.62,73.2,30.79,21.77
dumbbell_reverse_lunge.mp4,30,119.2,73.24,33.4,19.31
dumbbell_reverse_lunge.mp4,40,118.33,73.0,32.59,19.44
dumbbell_reverse_lunge.mp4,50,117.24,73.07,32.94,18.72
dumbbell_reverse_lunge.mp4,60,116.09,72.32,32.34,19.05
dumbbell_reverse_lunge.mp4,70,118.43,72.41,33.09,17.4
dumbbell_reverse_lunge.mp4,80,109.38,71.86,30.7,12.0
dumbbell_reverse_lunge.mp4,90,108.79,72.98,37.35,15.48
dumbbell_reverse_lunge.mp4,100,124.29,75.43,52.62,16.6
dumbbell_reverse_lunge.mp4,110,133.26,89.17,67.97,28.61
dumbbell_reverse_lunge.mp4,120,136.36,94.03,76.2,40.07
dumbbell_reverse_lunge.mp4,130,128.97,91.22,72.73,39.3
dumbbell_reverse_lunge.mp4,140,129.67,92.8,74.44,40.5
dumbbell_reverse_lunge.mp4,150,135.38,101.96,68.16,42.7
dumbbell_reverse_lunge.mp4,160,144.83,119.22,76.12,55.8
dumbbell_reverse_lunge.mp4,170,149.19,126.83,81.15,65.49
dumbbell_reverse_lunge.mp4,180,154.53,129.69,81.1,65.2
dumbbell_reverse_lunge.mp4,190,151.72,123.22,77.81,60.13
dumbbell_reverse_lunge.mp4,200,144.79,123.62,76.01,61.49
dumbbell_reverse_lunge.mp4,210,140.67,101.4,74.09,42.37
dumbbell_reverse_lunge.mp4,220,124.74,81.5,59.68,24.55
dumbbell_reverse_lunge.mp4,230,100.95,78.58,29.58,18.4
dumbbell_reverse_lunge.mp4,240,103.5,74.34,27.41,15.96
dumbbell_reverse_lunge.mp4,250,115.22,70.4,35.51,15.7
dumbbell_reverse_lunge.mp4,260,121.11,72.38,38.96,12.98
dumbbell_reverse_lunge.mp4,270,118.66,72.51,38.53,11.03
dumbbell_reverse_lunge.mp4,280,118.31,71.97,36.89,15.5
dumbbell_reverse_lunge.mp4,290,105.86,77.31,28.11,17.44
dumbbell_reverse_lunge.mp4,300,110.99,80.62,37.26,23.01
dumbbell_reverse_lunge.mp4,310,111.9,70.69,44.91,18.25
dumbbell_reverse_lunge.mp4,320,128.35,88.81,65.78,32.74
dumbbell_reverse_lunge.mp4,330,129.77,88.11,74.25,35.8
dumbbell_reverse_lunge.mp4,340,123.61,92.63,65.65,39.83
dumbbell_reverse_lunge.mp4,350,130.79,91.01,74.16,41.51
dumbbell_reverse_lunge.mp4,360,145.4,108.79,71.53,44.05
dumbbell_reverse_lunge.mp4,370,153.32,121.26,73.07,54.8
dumbbell_reverse_lunge.mp4,380,152.52,124.11,76.34,58.28
dumbbell_reverse_lunge.mp4,390,153.1,116.64,82.33,53.65
dumbbell_reverse_lunge.mp4,400,158.36,108.05,83.97,40.33
dumbbell_reverse_lunge.mp4,410,154.56,122.18,80.34,57.24
dumbbell_reverse_lunge.mp4,420,156.02,115.45,83.63,52.89
dumbbell_reverse_lunge.mp4,430,144.36,99.71,67.8,22.31
dumbbell_reverse_lunge.mp4,440,111.15,71.49,47.53,19.78
dumbbell_reverse_lunge.mp4,450,102.44,76.83,28.26,16.68
dumbbell_reverse_lunge.mp4,460,116.69,73.02,35.78,13.93
dumbbell_reverse_lunge.mp4,470,114.9,71.82,33.32,15.28
dumbbell_reverse_lunge.mp4,480,111.86,72.81,33.58,12.85
dumbbell_reverse_lunge.mp4,490,115.03,71.24,34.03,16.47
dumbbell_reverse_lunge.mp4,500,114.05,71.04,33.84,14.02
dumbbell_reverse_lunge.mp4,510,104.68,80.06,30.08,20.86
dumbbell_reverse_lunge.mp4,520,104.81,76.07,38.81,21.94
dumbbell_reverse_lunge.mp4,530,115.24,82.07,55.16,31.31
dumbbell_reverse_lunge.mp4,540,131.26,94.79,72.29,39.16
dumbbell_reverse_lunge.mp4,550,124.16,92.57,67.58,39.26
dumbbell_reverse_lunge.mp4,560,130.13,91.48,73.04,36.93
dumbbell_reverse_lunge.mp4,570,135.14,100.53,63.15,38.59
dumbbell_reverse_lunge.mp4,580,150.26,121.25,81.31,58.53
dumbbell_reverse_lunge.mp4,590,152.48,118.83,80.61,55.45
dumbbell_reverse_lunge.mp4,600,158.84,115.28,85.32,51.13
dumbbell_reverse_lunge.mp4,610,157.19,112.64,82.67,48.12
dumbbell_reverse_lunge.mp4,620,146.92,120.54,74.77,56.29
dumbbell_reverse_lunge.mp4,630,155.91,120.73,89.0,59.98
dumbbell_reverse_lunge.mp4,640,142.15,95.97,74.49,32.78
dumbbell_reverse_lunge.mp4,650,102.77,79.9,39.32,25.66
dumbbell_reverse_lunge.mp4,660,101.78,83.2,25.14,19.49
dumbbell_reverse_lunge.mp4,670,112.9,72.68,34.69,15.18
dumbbell_reverse_lunge.mp4,680,113.78,72.65,34.29,14.45
dumbbell_reverse_lunge.mp4,690,114.51,74.76,34.07,13.06
dumbbell_reverse_lunge.mp4,700,114.51,74.54,33.38,13.95
dumbbell_reverse_lunge.mp4,710,119.55,72.64,38.12,14.04
dumbbell_reverse_lunge.mp4,720,104.55,81.96,32.24,24.01
dumbbell_reverse_lunge.mp4,730,112.2,80.81,45.27,24.53
dumbbell_reverse_lunge.mp4,740,121.0,84.97,61.97,34.5
dumbbell_reverse_lunge.mp4,750,135.25,100.01,75.05,43.13
dumbbell_reverse_lunge.mp4,760,128.52,93.96,68.16,39.43
dumbbell_reverse_lunge.mp4,770,124.77,83.56,60.65,26.57
dumbbell_reverse_lunge.mp4,780,132.49,96.84,65.24,38.03
dumbbell_reverse_lunge.mp4,790,151.23,110.36,79.21,45.89
dumbbell_reverse_lunge.mp4,800,150.56,116.51,77.11,51.0
dumbbell_reverse_lunge.mp4,810,149.67,117.13,76.92,52.28
dumbbell_reverse_lunge.mp4,820,156.63,116.27,79.67,47.85
dumbbell_reverse_lunge.mp4,830,151.03,118.38,79.71,55.05
dumbbell_reverse_lunge.mp4,840,148.63,118.62,73.32,52.73
dumbbell_reverse_lunge.mp4,850,146.38,101.58,74.98,39.19
dumbbell_reverse_lunge.mp4,860,130.71,84.18,62.88,24.8
dumbbell_reverse_lunge.mp4,870,105.97,81.56,29.3,22.99
dumbbell_reverse_lunge.mp4,880,109.03,72.08,31.02,16.5
dumbbell_reverse_lunge.mp4,890,118.15,72.95,37.69,15.37
dumbbell_reverse_lunge.mp4,900,117.55,76.78,36.41,13.62
dumbbell_reverse_lunge.mp4,910,116.49,76.55,35.17,13.05
dumbbell_reverse_lunge.mp4,920,118.08,71.53,36.33,15.39
dumbbell_reverse_lunge.mp4,930,104.89,80.88,29.49,22.55
dumbbell_reverse_lunge.mp4,940,115.66,82.33,51.92,29.63
dumbbell_reverse_lunge.mp4,950,114.72,79.34,51.81,26.51
dumbbell_reverse_lunge.mp4,960,119.14,95.74,61.02,38.82
dumbbell_reverse_lunge.mp4,970,126.21,98.04,71.95,47.04
dumbbell_reverse_lunge.mp4,980,125.06,96.99,70.01,46.6
dumbbell_reverse_lunge.mp4,990,133.57,94.16,78.69,41.56
dumbbell_reverse_lunge.mp4,1000,132.24,101.13,76.64,44.46
dumbbell_reverse_lunge.mp4,1010,145.38,124.09,80.56,63.37
dumbbell_reverse_lunge.mp4,1020,149.1,124.46,75.99,62.22
dumbbell_reverse_lunge.mp4,1030,146.4,121.17,75.97,57.52
dumbbell_reverse_lunge.mp4,1040,143.88,115.91,78.13,56.85
dumbbell_reverse_lunge.mp4,1050,141.07,111.15,71.75,51.65
dumbbell_reverse_lunge.mp4,1060,152.8,121.22,81.26,58.04
dumbbell_reverse_lunge.mp4,1070,156.38,129.38,84.54,66.43
dumbbell_reverse_lunge.mp4,1080,135.76,101.42,69.5,44.63
dumbbell_reverse_lunge.mp4,1090,134.27,82.91,67.03,23.55
dumbbell_reverse_lunge.mp4,1100,104.72,81.52,34.85,26.84
dumbbell_reverse_lunge.mp4,1110,110.0,74.19,32.25,17.08
dumbbell_reverse_lunge.mp4,1120,117.59,75.0,38.18,14.7
dumbbell_reverse_lunge.mp4,1130,117.48,76.04,37.62,12.94
dumbbell_reverse_lunge.mp4,1140,115.8,78.88,33.49,12.74
dumbbell_reverse_lunge.mp4,1150,112.91,78.93,31.18,11.48
dumbbell_reverse_lunge.mp4,1160,114.68,78.78,32.91,11.82
dumbbell_reverse_lunge.mp4,1170,113.39,78.09,28.47,13.08
dumbbell_reverse_lunge.mp4,1180,111.8,77.16,30.74,11.37
dumbbell_reverse_lunge.mp4,1190,113.08,77.14,30.44,12.11
dumbbell_scaptions.mp4,10,132.04,169.05,28.06,24.81
dumbbell_scaptions.mp4,20,134.89,168.69,27.01,21.39
dumbbell_scaptions.mp4,30,134.72,169.66,28.74,27.28
dumbbell_scaptions.mp4,40,135.06,170.02,29.94,25.98
dumbbell_scaptions.mp4,50,134.93,173.85,32.04,26.7
dumbbell_scaptions.mp4,60,134.05,171.27,29.14,39.61
dumbbell_scaptions.mp4,70,127.98,174.36,43.93,65.81
dumbbell_scaptions.mp4,80,150.2,148.23,69.32,87.82
dumbbell_scaptions.mp4,90,159.42,168.82,100.14,102.47
dumbbell_scaptions.mp4,100,171.94,169.3,106.84,113.43
dumbbell_scaptions.mp4,110,165.04,169.14,130.69,113.01
dumbbell_scaptions.mp4,120,167.39,153.57,118.1,138.48
dumbbell_scaptions.mp4,130,169.74,171.89,120.93,124.09
dumbbell_scaptions.mp4,140,173.83,140.55,115.65,131.01
dumbbell_scaptions.mp4,150,157.81,168.22,110.6,110.14
dumbbell_scaptions.mp4,160,125.51,163.82,90.92,102.59
dumbbell_scaptions.mp4,170,151.82,145.29,69.58,85.89
dumbbell_scaptions.mp4,180,128.09,151.91,33.14,72.61
dumbbell_scaptions.mp4,190,127.54,162.31,28.22,68.99
dumbbell_scaptions.mp4,200,131.01,163.12,20.55,25.27
dumbbell_scaptions.mp4,210,133.96,167.84,25.66,24.16
dumbbell_scaptions.mp4,220,134.18,169.06,26.17,35.1
dumbbell_scaptions.mp4,230,126.78,163.65,32.98,59.39
dumbbell_scaptions.mp4,240,131.99,148.14,52.6,93.67
dumbbell_scaptions.mp4,250,132.77,166.04,91.91,106.67
dumbbell_scaptions.mp4,260,169.51,169.66,111.89,110.94
dumbbell_scaptions.mp4,270,167.16,158.02,124.93,132.06
dumbbell_scaptions.mp4,280,145.0,161.89,134.92,138.49
dumbbell_scaptions.mp4,290,144.36,155.02,134.34,143.4
dumbbell_scaptions.mp4,300,164.02,170.33,124.6,119.4
dumbbell_scaptions.mp4,310,166.77,165.49,105.36,105.4
dumbbell_scaptions.mp4,320,137.66,153.0,83.75,87.85
dumbbell_scaptions.mp4,330,133.96,155.57,44.59,84.14
dumbbell_scaptions.mp4,340,128.4,167.25,29.25,63.31
dumbbell_scaptions.mp4,350,130.87,167.5,23.15,48.02
dumbbell_scaptions.mp4,360,134.3,174.45,22.52,22.53
dumbbell_scaptions.mp4,370,127.38,168.03,26.82,23.07
dumbbell_scaptions.mp4,380,132.45,174.66,35.78,66.25
dumbbell_scaptions.mp4,390,147.01,154.79,74.51,80.77
dumbbell_scaptions.mp4,400,160.75,169.13,105.9,106.67
dumbbell_scaptions.mp4,410,135.99,170.39,130.64,112.35
dumbbell_scaptions.mp4,420,170.41,143.44,115.07,137.24
dumbbell_scaptions.mp4,430,167.24,139.9,119.8,148.51
dumbbell_scaptions.mp4,440,159.52,122.0,131.8,143.96
dumbbell_scaptions.mp4,450,163.32,164.52,121.02,121.1
dumbbell_scaptions.mp4,460,153.2,166.31,105.15,104.95
dumbbell_scaptions.mp4,470,142.03,153.5,83.56,90.93
dumbbell_scaptions.mp4,480,135.63,148.34,43.82,85.43
dumbbell_scaptions.mp4,490,128.19,160.84,25.11,69.72
dumbbell_scaptions.mp4,500,132.51,168.19,21.27,26.75
dumbbell_scaptions.mp4,510,135.44,172.25,24.73,20.31
dumbbell_scaptions.mp4,520,135.43,171.45,28.44,28.17
dumbbell_scaptions.mp4,530,129.42,172.99,28.7,62.71
dumbbell_scaptions.mp4,540,139.77,145.78,55.34,84.13
dumbbell_scaptions.mp4,550,128.67,169.15,95.33,103.71
dumbbell_scaptions.mp4,560,143.12,171.96,114.41,115.39
dumbbell_scaptions.mp4,570,167.95,155.3,124.34,128.81
dumbbell_scaptions.mp4,580,157.33,148.04,128.72,141.6
dumbbell_scaptions.mp4,590,149.68,141.12,134.4,144.38
dumbbell_scaptions.mp4,600,165.57,166.26,124.66,120.85
dumbbell_scaptions.mp4,610,164.1,167.87,100.85,110.72
dumbbell_scaptions.mp4,620,150.55,155.38,87.84,93.18
dumbbell_scaptions.mp4,630,132.71,158.66,41.27,75.31
dumbbell_scaptions.mp4,640,131.51,166.07,23.95,56.42
dumbbell_scaptions.mp4,650,132.72,171.46,21.56,20.96
dumbbell_scaptions.mp4,660,135.4,175.76,27.15,19.53
dumbbell_scaptions.mp4,670,134.04,178.02,22.77,18.34
dumbbell_scaptions.mp4,680,126.04,163.63,28.78,41.95
dumbbell_scaptions.mp4,690,136.91,150.11,46.84,87.35
dumbbell_scaptions.mp4,700,134.62,160.51,76.9,99.48
dumbbell_scaptions.mp4,710,172.21,172.06,108.27,113.63
dumbbell_scaptions.mp4,720,156.95,169.88,134.4,118.24
dumbbell_scaptions.mp4,730,147.49,161.81,137.37,142.22
dumbbell_scaptions.mp4,740,171.34,113.55,134.91,131.86
dumbbell_scaptions.mp4,750,158.79,132.27,129.86,143.96
dumbbell_scaptions.mp4,760,166.23,155.63,121.09,118.73
dumbbell_scaptions.mp4,770,119.77,161.63,102.57,104.87
dumbbell_scaptions.mp4,780,137.17,146.98,69.47,86.57
dumbbell_scaptions.mp4,790,127.8,163.92,28.28,69.44
dumbbell_scaptions.mp4,800,126.37,164.36,21.19,40.28
dumbbell_scaptions.mp4,810,134.23,171.46,26.34,23.21
dumbbell_scaptions.mp4,820,137.49,170.95,28.55,21.33
dumbbell_scaptions.mp4,830,135.35,167.99,28.85,25.3
dumbbell_scaptions.mp4,840,131.81,168.73,29.44,27.82
dumbbell_scaptions.mp4,850,132.3,167.16,31.85,27.5
dumbbell_scaptions.mp4,860,131.18,167.35,30.57,27.53
dumbbell_scaptions.mp4,870,131.8,167.41,28.74,26.46
man_maker.mp4,10,83.18,109.8,16.62,22.22
man_maker.mp4,20,83.29,107.72,16.16,21.27
man_maker.mp4,30,83.38,109.88,18.09,22.89
man_maker.mp4,40,83.15,108.67,16.7,22.56
man_maker.mp4,50,83.6,110.64,17.23,22.28
man_maker.mp4,60,84.02,108.6,16.25,22.03
man_maker.mp4,70,85.38,115.0,19.52,22.92
man_maker.mp4,80,84.41,108.32,18.53,19.97
man_maker.mp4,90,87.98,119.7,14.96,25.91
man_maker.mp4,100,77.81,117.97,24.58,46.17
man_maker.mp4,110,110.43,150.89,59.44,92.83
man_maker.mp4,130,115.51,142.26,80.37,95.55
man_maker.mp4,140,118.02,146.41,86.48,110.08
man_maker.mp4,150,91.21,108.52,41.61,68.19
man_maker.mp4,160,109.04,115.92,78.76,87.54
man_maker.mp4,170,114.57,138.52,99.79,124.34
man_maker.mp4,180,170.07,144.17,24.44,33.93
man_maker.mp4,190,161.32,163.25,54.94,19.96
man_maker.mp4,200,153.1,157.78,29.43,87.23
man_maker.mp4,210,177.63,159.28,20.34,56.73
man_maker.mp4,240,129.31,145.47,75.88,96.06
man_maker.mp4,250,74.64,131.27,42.64,109.43
man_maker.mp4,300,152.56,97.88,10.94,43.76
man_maker.mp4,310,171.28,125.31,90.83,69.86
man_maker.mp4,330,130.28,166.99,72.36,122.55
man_maker.mp4,340,119.76,150.81,19.28,119.39
man_maker.mp4,350,108.51,120.26,73.39,36.88
man_maker.mp4,360,159.89,139.69,13.22,85.32
man_maker.mp4,370,116.26,150.48,43.56,115.29
man_maker.mp4,380,116.02,151.78,75.59,107.03
man_maker.mp4,390,109.6,97.05,41.8,61.47
man_maker.mp4,400,131.18,150.6,97.04,110.28
man_maker.mp4,410,131.15,167.37,91.35,108.2
man_maker.mp4,450,128.19,159.87,93.56,110.65
man_maker.mp4,460,139.71,159.05,105.27,117.51
man_maker.mp4,470,120.23,157.57,71.79,118.57
man_maker.mp4,480,67.75,118.39,30.71,109.66
man_maker.mp4,490,100.56,163.06,70.66,117.1
man_maker.mp4,500,151.06,161.53,104.16,101.0
man_maker.mp4,510,134.59,170.72,85.13,108.3
man_maker.mp4,520,133.44,160.74,90.55,105.53
man_maker.mp4,530,161.27,143.29,136.39,116.63
man_maker.mp4,540,150.85,142.94,131.73,132.76
man_maker.mp4,550,145.06,145.27,125.82,134.06
man_maker.mp4,560,144.62,146.24,108.22,119.52
man_maker.mp4,570,142.09,142.85,88.84,104.05
man_maker.mp4,580,124.11,167.86,107.13,121.74
man_maker.mp4,590,126.98,172.79,140.34,160.14
man_maker.mp4,600,107.97,169.06,131.85,122.12
man_maker.mp4,610,106.04,136.45,68.17,94.44
man_maker.mp4,620,130.05,137.65,32.9,62.08
man_maker.mp4,630,63.41,98.55,18.82,38.85
man_maker.mp4,640,86.52,153.47,38.8,92.97
man_maker.mp4,650,131.89,157.9,80.61,102.51
man_maker.mp4,660,122.26,156.46,86.8,113.45
man_maker.mp4,670,121.92,156.08,80.55,105.38
man_maker.mp4,680,71.35,126.39,51.61,87.27
man_maker.mp4,690,101.47,119.94,38.25,78.38
man_maker.mp4,700,124.53,137.84,106.06,96.46
man_maker.mp4,710,109.35,159.65,69.39,112.15
man_maker.mp4,720,111.29,130.6,80.59,98.84
man_maker.mp4,730,130.31,148.36,79.62,121.59
man_maker.mp4,750,105.98,145.15,58.81,114.56
man_maker.mp4,760,148.5,147.28,81.25,107.29
man_maker.mp4,800,96.51,123.8,50.32,78.48
man_maker.mp4,830,123.09,143.54,83.61,97.05
man_maker.mp4,840,149.8,156.33,131.92,124.79
man_maker.mp4,850,133.87,172.17,80.92,116.29
man_maker.mp4,860,123.59,153.61,28.16,114.11
man_maker.mp4,880,159.24,142.44,7.79,93.08
man_maker.mp4,890,111.88,170.15,60.6,117.01
man_maker.mp4,900,118.42,165.73,63.75,117.77
man_maker.mp4,910,134.4,164.88,90.15,102.34
man_maker.mp4,920,139.15,159.32,113.25,111.23
man_maker.mp4,930,171.88,177.15,99.54,12.2
man_maker.mp4,960,120.36,149.3,68.95,108.69
man_maker.mp4,990,84.65,153.41,59.92,117.8
man_maker.mp4,1000,95.72,154.33,70.47,117.34
man_maker.mp4,1010,138.69,154.87,89.1,96.58
man_maker.mp4,1020,139.26,160.48,100.07,106.67
man_maker.mp4,1030,122.09,160.55,77.89,103.57
man_maker.mp4,1040,125.01,123.39,95.34,89.18
man_maker.mp4,1050,155.92,144.81,144.61,143.66
man_maker.mp4,1060,144.81,145.78,126.18,135.67
man_maker.mp4,1070,138.3,146.92,82.0,106.03
man_maker.mp4,1080,134.52,173.35,105.5,119.15
man_maker.mp4,1090,135.85,173.55,150.07,144.5
man_maker.mp4,1100,132.61,168.33,107.29,108.42
man_maker.mp4,1110,138.45,139.54,61.21,72.75
man_maker.mp4,1120,129.82,132.56,23.43,48.29
man_maker.mp4,1130,70.0,115.0,16.12,50.85
man_maker.mp4,1140,101.69,151.2,45.18,92.91
man_maker.mp4,1150,138.15,146.78,118.7,112.04
man_maker.mp4,1160,122.58,172.03,91.48,122.32
man_maker.mp4,1170,156.33,150.12,18.75,21.5
man_maker.mp4,1180,97.87,124.03,31.58,91.92
man_maker.mp4,1190,120.11,138.61,93.94,109.73
man_maker.mp4,1200,118.39,150.26,82.11,115.76
man_maker.mp4,1210,112.23,153.56,70.92,110.99
man_maker.mp4,1220,118.97,152.09,70.42,118.32
man_maker.mp4,1230,114.3,146.1,112.77,149.16
man_maker.mp4,1250,144.73,146.43,88.67,115.96
man_maker.mp4,1320,162.84,154.6,102.95,93.79
man_maker.mp4,1330,138.09,170.86,80.01,126.1
man_maker.mp4,1340,118.02,178.32,64.85,122.0
man_maker.mp4,1350,148.34,168.24,18.01,108.89
man_maker.mp4,1360,171.13,159.56,19.03,100.58
man_maker.mp4,1370,172.24,149.39,21.0,100.06
man_maker.mp4,1400,81.56,152.19,52.4,97.79
man_maker.mp4,1410,165.36,97.26,21.77,78.89
man_maker.mp4,1440,134.12,133.25,95.3,101.67
man_maker.mp4,1460,172.65,156.93,18.07,50.54
man_maker.mp4,1470,112.54,157.38,86.25,120.94
man_maker.mp4,1480,80.33,137.82,49.8,77.06
man_maker.mp4,1490,82.51,156.46,46.98,111.1
man_maker.mp4,1500,152.32,154.59,102.1,106.32
man_maker.mp4,1510,128.93,162.79,90.57,116.88
man_maker.mp4,1520,146.8,161.41,97.55,97.09
man_maker.mp4,1530,119.63,127.73,91.4,108.1
man_maker.mp4,1540,148.15,145.49,129.12,136.81
man_maker.mp4,1550,142.91,146.05,79.09,99.93
man_maker.mp4,1560,124.81,160.06,90.94,115.0
man_maker.mp4,1570,137.69,174.48,138.46,130.02
man_maker.mp4,1580,120.58,168.36,122.47,113.2
man_maker.mp4,1590,130.8,145.06,66.07,91.71
man_maker.mp4,1600,132.68,140.15,27.75,58.9
man_maker.mp4,1610,68.02,109.2,13.91,48.22
man_maker.mp4,1620,79.68,142.94,27.78,83.73
man_maker.mp4,1630,136.86,159.71,91.83,106.66
man_maker.mp4,1640,118.81,159.16,86.12,117.8
man_maker.mp4,1650,120.62,157.54,83.75,113.42
man_maker.mp4,1660,97.84,131.1,41.92,85.16
man_maker.mp4,1670,96.94,132.7,69.71,99.74
man_maker.mp4,1680,97.45,151.42,64.68,109.92
man_maker.mp4,1690,87.81,150.07,54.79,109.88
man_maker.mp4,1700,105.66,166.87,66.5,117.48
man_maker.mp4,1720,117.94,155.17,66.71,114.67
man_maker.mp4,1730,147.25,141.47,92.3,93.84
man_maker.mp4,1740,101.67,110.56,98.7,76.4
man_maker.mp4,1790,157.4,87.2,18.93,71.42
man_maker.mp4,1800,103.02,129.56,53.83,78.52
man_maker.mp4,1810,112.15,157.51,74.65,110.0
man_maker.mp4,1830,99.57,150.11,30.8,112.09
man_maker.mp4,1840,158.95,141.62,20.78,97.8
man_maker.mp4,1850,148.24,164.18,14.49,114.27
man_maker.mp4,1900,123.87,148.3,89.76,105.85
man_maker.mp4,1910,128.1,131.19,86.49,102.62
man_maker.mp4,1920,126.98,147.18,78.33,22.68
man_maker.mp4,1930,114.41,127.02,71.49,98.3
man_maker.mp4,1940,105.31,151.23,62.69,112.35
man_maker.mp4,1950,116.1,116.58,88.76,62.99
man_maker.mp4,1960,94.6,143.15,63.58,101.41
man_maker.mp4,1970,91.72,145.96,73.67,110.15
man_maker.mp4,1980,94.41,166.03,66.92,122.12
man_maker.mp4,1990,156.95,146.24,108.59,119.49
man_maker.mp4,2000,164.19,145.98,114.52,109.95
man_maker.mp4,2010,140.31,170.61,90.65,97.37
man_maker.mp4,2020,123.12,141.85,84.37,105.98
man_maker.mp4,2030,138.86,144.52,114.72,133.43
man_maker.mp4,2040,142.55,142.38,84.97,100.94
man_maker.mp4,2050,139.61,159.93,85.85,105.28
man_maker.mp4,2060,111.11,175.06,131.22,125.27
man_maker.mp4,2070,128.49,171.61,145.02,148.28
man_maker.mp4,2080,67.21,159.08,92.63,111.56
man_maker.mp4,2090,136.98,141.85,54.65,74.85
man_maker.mp4,2100,69.74,118.45,31.47,53.8
man_maker.mp4,2110,77.65,123.77,27.96,68.27
man_maker.mp4,2120,118.24,161.35,76.73,103.4
man_maker.mp4,2130,119.7,162.25,76.73,112.86
man_maker.mp4,2140,129.15,163.34,97.25,125.02
man_maker.mp4,2150,132.34,166.33,94.88,117.18
man_maker.mp4,2160,105.18,120.88,33.97,79.91
man_maker.mp4,2170,99.47,151.21,66.94,106.69
man_maker.mp4,2180,98.91,156.18,63.64,107.99
man_maker.mp4,2190,132.69,158.8,105.62,121.04
man_maker.mp4,2200,115.19,162.14,61.56,108.84
man_maker.mp4,2210,113.31,155.32,70.56,112.01
man_maker.mp4,2220,57.98,149.86,42.27,105.5
man_maker.mp4,2230,134.67,139.59,101.28,114.62
man_maker.mp4,2240,119.11,142.34,48.52,108.6
man_maker.mp4,2260,108.01,141.88,55.23,114.58
man_maker.mp4,2280,117.6,144.91,67.37,107.25
man_maker.mp4,2290,133.76,87.91,22.32,94.28
man_maker.mp4,2300,141.79,152.14,102.79,110.54
man_maker.mp4,2310,108.89,170.12,56.26,115.24
man_maker.mp4,2320,128.1,160.83,71.64,109.73
man_maker.mp4,2340,154.02,138.46,30.82,82.72
man_maker.mp4,2350,163.33,161.71,19.08,106.03
man_maker.mp4,2360,103.17,160.88,59.56,110.62
man_maker.mp4,2380,152.83,160.08,24.35,17.86
man_maker.mp4,2390,175.22,171.24,20.95,111.24
man_maker.mp4,2420,141.88,105.09,87.51,57.47
man_maker.mp4,2430,125.96,135.37,71.25,108.72
man_maker.mp4,2440,118.06,151.34,85.71,111.78
man_maker.mp4,2450,90.51,148.87,58.13,110.74
man_maker.mp4,2460,95.29,161.75,72.04,121.08
man_maker.mp4,2470,110.63,171.94,78.32,127.02
man_maker.mp4,2480,121.86,163.3,79.72,109.51
man_maker.mp4,2490,137.06,170.2,99.29,117.73
man_maker.mp4,2500,151.57,154.24,107.83,113.39
man_maker.mp4,2510,150.83,152.47,118.5,118.12
man_maker.mp4,2520,141.78,135.29,118.66,126.14
man_maker.mp4,2530,144.58,146.33,122.02,132.63
man_maker.mp4,2540,145.92,146.3,86.09,104.14
man_maker.mp4,2550,132.4,171.17,102.38,123.02
man_maker.mp4,2560,121.06,171.31,142.27,123.82
man_maker.mp4,2570,120.88,168.93,113.13,107.54
man_maker.mp4,2580,119.83,136.49,63.1,96.51
man_maker.mp4,2590,122.25,136.9,29.48,66.18
man_maker.mp4,2600,72.31,116.64,34.0,41.47
man_maker.mp4,2610,76.94,112.31,23.95,35.18
man_maker.mp4,2620,83.6,114.42,17.03,27.32
man_maker.mp4,2630,85.62,122.6,21.62,25.34
man_maker.mp4,2640,81.82,110.75,17.87,25.41
man_maker.mp4,2650,88.13,111.25,15.98,24.62
man_maker.mp4,2660,90.46,112.78,15.8,24.17
man_maker.mp4,2670,90.9,115.89,17.91,22.7
man_maker.mp4,2680,88.26,114.99,18.76,22.55
mule_kick.mp4,10,167.73,132.08,20.97,21.85
mule_kick.mp4,20,165.68,132.99,21.25,20.48
mule_kick.mp4,30,167.46,133.04,21.07,19.0
mule_kick.mp4,40,168.67,132.16,20.41,17.56
mule_kick.mp4,50,163.61,136.05,20.52,18.59
mule_kick.mp4,60,168.94,134.73,20.7,18.23
mule_kick.mp4,70,167.98,134.27,20.43,16.65
mule_kick.mp4,80,166.36,137.61,21.37,20.81
mule_kick.mp4,90,160.0,140.61,22.5,19.07
mule_kick.mp4,100,160.5,144.44,28.0,21.37
mule_kick.mp4,110,121.67,123.08,43.94,39.2
mule_kick.mp4,120,171.59,171.19,4.31,12.72
mule_kick.mp4,180,145.08,144.7,75.99,75.0
mule_kick.mp4,210,103.63,118.62,89.15,100.41
mule_kick.mp4,220,168.69,151.25,135.63,142.77
mule_kick.mp4,230,110.89,156.05,89.92,133.75
mule_kick.mp4,240,108.28,169.63,62.32,114.68
mule_kick.mp4,250,171.03,171.82,76.52,32.73
mule_kick.mp4,260,154.02,148.09,73.34,52.09
mule_kick.mp4,270,128.09,127.06,114.14,53.7
mule_kick.mp4,280,162.28,163.53,106.65,108.47
mule_kick.mp4,290,149.75,133.01,133.45,121.01
mule_kick.mp4,330,140.17,163.68,55.54,26.18
mule_kick.mp4,340,156.44,157.47,110.68,41.85
mule_kick.mp4,370,101.22,156.07,87.6,122.65
mule_kick.mp4,380,121.17,163.9,93.72,168.05
mule_kick.mp4,390,97.33,149.19,78.78,128.06
mule_kick.mp4,400,159.69,162.21,95.73,103.05
mule_kick.mp4,410,166.25,169.16,69.6,33.39
mule_kick.mp4,420,153.98,176.41,33.02,59.69
mule_kick.mp4,430,161.47,168.74,82.56,34.38
mule_kick.mp4,440,155.45,154.6,100.23,101.84
mule_kick.mp4,450,97.47,146.65,79.14,125.61
mule_kick.mp4,460,148.58,163.33,99.78,9.51
mule_kick.mp4,470,106.72,136.8,84.25,115.49
mule_kick.mp4,500,64.46,152.92,28.42,101.29
mule_kick.mp4,510,126.84,139.22,65.87,96.72
mule_kick.mp4,530,115.08,138.6,102.4,109.28
mule_kick.mp4,540,124.22,156.76,89.72,160.8
mule_kick.mp4,550,116.33,129.67,66.87,73.91
mule_kick.mp4,570,132.9,166.36,63.32,24.43
mule_kick.mp4,580,175.31,161.49,4.05,27.05
mule_kick.mp4,590,170.78,150.94,13.25,37.25
mule_kick.mp4,600,165.39,157.14,22.5,29.14
mule_kick.mp4,610,138.71,112.0,69.7,41.85
mule_kick.mp4,620,158.5,127.11,37.8,39.39
mule_kick.mp4,630,154.34,135.04,27.3,38.72
mule_kick.mp4,640,145.77,127.34,24.54,23.55
mule_kick.mp4,650,136.31,122.89,41.4,19.0
mule_kick.mp4,660,151.36,131.42,19.92,22.65
mule_kick.mp4,670,157.78,130.91,20.95,23.12
mule_kick.mp4,680,162.88,130.4,17.45,22.28
mule_kick.mp4,690,159.18,133.04,19.8,18.04
mule_kick.mp4,700,160.91,133.04,19.32,16.55
mule_kick.mp4,710,161.83,134.81,19.58,18.44
mule_kick.mp4,720,163.72,133.85,19.83,17.71
neutral_overhead_shoulder_press.mp4,10,136.22,176.82,21.69,15.39
neutral_overhead_shoulder_press.mp4,20,133.53,177.79,20.49,15.68
neutral_overhead_shoulder_press.mp4,30,135.67,176.12,21.1,15.03
neutral_overhead_shoulder_press.mp4,40,133.4,178.53,20.55,15.21
neutral_overhead_shoulder_press.mp4,50,138.02,174.35,17.42,15.62
neutral_overhead_shoulder_press.mp4,60,136.31,176.93,18.75,15.31
neutral_overhead_shoulder_press.mp4,70,135.18,174.61,20.27,14.63
neutral_overhead_shoulder_press.mp4,80,135.78,177.35,20.45,15.77
neutral_overhead_shoulder_press.mp4,90,135.69,174.9,18.95,18.48
neutral_overhead_shoulder_press.mp4,100,134.17,146.38,25.11,55.65
neutral_overhead_shoulder_press.mp4,110,129.89,138.58,37.3,79.36
neutral_overhead_shoulder_press.mp4,120,109.99,133.26,49.02,70.33
neutral_overhead_shoulder_press.mp4,130,104.74,138.4,60.43,74.92
neutral_overhead_shoulder_press.mp4,140,108.76,136.59,68.18,75.93
neutral_overhead_shoulder_press.mp4,150,114.08,138.63,72.25,78.7
neutral_overhead_shoulder_press.mp4,160,108.89,156.93,94.0,104.32
neutral_overhead_shoulder_press.mp4,170,109.77,122.73,136.72,129.39
neutral_overhead_shoulder_press.mp4,180,136.7,133.86,150.35,124.89
neutral_overhead_shoulder_press.mp4,190,120.14,115.05,147.05,142.28
neutral_overhead_shoulder_press.mp4,200,102.63,130.45,129.97,117.16
neutral_overhead_shoulder_press.mp4,210,106.92,155.26,107.29,107.08
neutral_overhead_shoulder_press.mp4,220,91.3,137.58,91.44,87.31
neutral_overhead_shoulder_press.mp4,230,101.25,130.48,82.71,75.69
neutral_overhead_shoulder_press.mp4,240,102.41,126.78,78.96,74.21
neutral_overhead_shoulder_press.mp4,250,106.42,131.53,87.08,83.52
neutral_overhead_shoulder_press.mp4,260,91.21,148.58,114.54,108.85
neutral_overhead_shoulder_press.mp4,270,128.29,108.59,144.28,134.55
neutral_overhead_shoulder_press.mp4,280,166.47,149.13,127.29,122.28
neutral_overhead_shoulder_press.mp4,290,131.92,110.05,145.51,134.64
neutral_overhead_shoulder_press.mp4,300,90.14,148.24,116.44,114.46
neutral_overhead_shoulder_press.mp4,310,117.53,147.8,98.41,93.24
neutral_overhead_shoulder_press.mp4,320,109.73,131.25,85.86,80.02
neutral_overhead_shoulder_press.mp4,330,99.88,130.2,76.51,71.23
neutral_overhead_shoulder_press.mp4,340,96.99,128.6,76.6,69.67
neutral_overhead_shoulder_press.mp4,350,116.57,138.79,97.05,90.27
neutral_overhead_shoulder_press.mp4,360,107.5,117.02,128.0,117.09
neutral_overhead_shoulder_press.mp4,370,155.3,138.6,142.7,120.56
neutral_overhead_shoulder_press.mp4,380,146.13,133.57,142.42,125.94
neutral_overhead_shoulder_press.mp4,390,110.64,104.59,134.83,129.12
neutral_overhead_shoulder_press.mp4,400,114.15,153.48,108.12,102.54
neutral_overhead_shoulder_press.mp4,410,116.42,140.89,87.35,85.21
neutral_overhead_shoulder_press.mp4,420,108.89,139.27,67.29,69.83
neutral_overhead_shoulder_press.mp4,430,110.89,139.64,62.68,66.96
neutral_overhead_shoulder_press.mp4,440,105.67,147.66,76.7,83.9
neutral_overhead_shoulder_press.mp4,450,105.8,154.89,117.56,109.34
neutral_overhead_shoulder_press.mp4,460,137.84,119.93,146.0,129.19
neutral_overhead_shoulder_press.mp4,470,164.06,127.36,134.2,128.66
neutral_overhead_shoulder_press.mp4,480,128.74,111.08,138.0,133.68
neutral_overhead_shoulder_press.mp4,490,92.2,131.15,115.66,119.35
neutral_overhead_shoulder_press.mp4,500,113.68,143.69,94.34,89.7
neutral_overhead_shoulder_press.mp4,510,101.71,136.8,80.32,77.19
neutral_overhead_shoulder_press.mp4,520,96.84,131.57,74.87,72.26
neutral_overhead_shoulder_press.mp4,530,97.78,138.42,78.96,80.04
neutral_overhead_shoulder_press.mp4,540,114.79,156.75,105.27,104.86
neutral_overhead_shoulder_press.mp4,550,117.3,109.22,140.16,137.67
neutral_overhead_shoulder_press.mp4,560,145.73,137.14,140.88,138.96
neutral_overhead_shoulder_press.mp4,570,131.55,136.22,149.19,124.74
neutral_overhead_shoulder_press.mp4,580,105.43,136.59,123.35,112.99
neutral_overhead_shoulder_press.mp4,590,105.79,141.09,92.91,89.44
neutral_overhead_shoulder_press.mp4,600,116.4,128.89,65.89,68.17
neutral_overhead_shoulder_press.mp4,610,107.52,132.15,47.04,65.5
neutral_overhead_shoulder_press.mp4,620,127.3,138.73,35.24,69.8
neutral_overhead_shoulder_press.mp4,630,131.45,151.08,24.69,61.54
neutral_overhead_shoulder_press.mp4,640,127.11,168.04,22.8,37.86
neutral_overhead_shoulder_press.mp4,650,135.06,173.84,18.68,20.42
neutral_overhead_shoulder_press.mp4,660,136.58,177.22,24.16,18.53
neutral_overhead_shoulder_press.mp4,670,136.49,178.54,21.53,17.39
neutral_overhead_shoulder_press.mp4,680,136.7,177.0,22.17,17.92
neutral_overhead_shoulder_press.mp4,690,134.43,175.01,25.52,17.27
neutral_overhead_shoulder_press.mp4,700,136.06,174.27,26.49,17.94
neutral_overhead_shoulder_press.mp4,710,134.33,174.04,25.58,18.08
one_arm_row.mp4,10,134.56,169.7,24.58,21.5
one_arm_row.mp4,20,133.73,166.88,25.64,24.17
one_arm_row.mp4,30,132.54,168.38,24.27,22.11
one_arm_row.mp4,40,136.31,169.88,25.15,20.28
one_arm_row.mp4,50,134.99,170.23,25.61,20.73
one_arm_row.mp4,60,137.18,172.28,26.75,19.61
one_arm_row.mp4,70,132.55,166.78,31.65,47.42
one_arm_row.mp4,80,136.01,159.91,21.4,64.31
one_arm_row.mp4,90,131.04,158.05,34.9,85.01
one_arm_row.mp4,110,116.53,151.78,37.68,81.77
one_arm_row.mp4,120,119.73,155.05,57.33,77.3
one_arm_row.mp4,130,115.59,164.9,50.06,76.8
one_arm_row.mp4,140,119.2,153.87,61.64,77.5
one_arm_row.mp4,150,114.31,158.78,44.0,75.64
one_arm_row.mp4,170,149.03,145.71,15.49,76.68
one_arm_row.mp4,180,158.44,151.77,21.69,69.29
one_arm_row.mp4,190,154.24,151.43,20.85,69.0
one_arm_row.mp4,200,156.79,157.6,9.98,67.72
one_arm_row.mp4,210,81.85,170.12,45.62,28.96
one_arm_row.mp4,220,111.21,161.21,38.11,84.11
one_arm_row.mp4,230,91.08,177.96,59.33,46.96
one_arm_row.mp4,240,140.51,163.06,67.46,53.63
one_arm_row.mp4,250,138.32,175.11,24.23,28.77
one_arm_row.mp4,270,165.98,133.44,27.96,76.32
one_arm_row.mp4,280,162.65,134.9,24.67,71.11
one_arm_row.mp4,310,122.84,163.1,28.79,66.77
one_arm_row.mp4,320,118.9,153.26,65.84,83.34
one_arm_row.mp4,330,117.48,151.53,65.88,83.71
one_arm_row.mp4,340,161.71,171.15,41.69,41.59
one_arm_row.mp4,350,161.89,162.02,16.24,69.52
one_arm_row.mp4,360,167.09,152.55,22.52,69.96
one_arm_row.mp4,370,166.67,139.51,29.39,76.45
one_arm_row.mp4,380,165.1,158.22,14.52,52.75
one_arm_row.mp4,390,167.61,174.25,35.71,33.68
one_arm_row.mp4,400,161.63,110.64,70.21,41.87
one_arm_row.mp4,410,153.44,113.86,92.94,95.79
one_arm_row.mp4,420,169.41,104.24,60.25,63.25
one_arm_row.mp4,430,163.0,165.42,45.18,49.11
one_arm_row.mp4,440,118.99,154.36,23.65,79.01
one_arm_row.mp4,450,167.91,142.04,27.08,74.27
one_arm_row.mp4,460,161.43,140.43,22.01,67.85
one_arm_row.mp4,470,163.37,149.34,19.01,65.56
one_arm_row.mp4,480,127.11,176.44,29.98,46.98
one_arm_row.mp4,490,137.4,173.86,34.0,46.26
one_arm_row.mp4,500,156.4,167.05,48.83,55.31
one_arm_row.mp4,510,155.89,156.34,45.53,53.57
one_arm_row.mp4,520,158.1,120.78,65.77,64.58
one_arm_row.mp4,530,145.85,171.14,31.26,22.3
one_arm_row.mp4,540,167.34,143.05,25.34,69.54
one_arm_row.mp4,550,165.75,145.17,22.98,63.0
one_arm_row.mp4,560,164.74,147.38,17.55,58.14
one_arm_row.mp4,570,137.82,177.42,23.87,30.3
one_arm_row.mp4,580,164.86,163.62,51.25,29.88
one_arm_row.mp4,590,144.43,165.65,30.43,61.02
one_arm_row.mp4,610,133.21,170.75,22.42,66.91
one_arm_row.mp4,620,132.87,159.55,23.13,62.84
one_arm_row.mp4,630,133.06,163.78,28.32,38.5
one_arm_row.mp4,640,136.66,171.54,28.3,29.18
one_arm_row.mp4,650,136.95,166.24,27.31,43.4
one_arm_row.mp4,660,133.94,166.77,25.27,29.28
one_arm_row.mp4,670,136.11,167.91,22.24,24.64
one_arm_row.mp4,680,139.31,168.14,21.23,38.23
overhead_extension_thruster.mp4,10,80.8,109.09,24.14,19.18
overhead_extension_thruster.mp4,20,87.93,109.4,15.54,19.61
overhead_extension_thruster.mp4,30,80.82,110.44,17.54,21.46
overhead_extension_thruster.mp4,40,82.34,110.12,20.15,18.75
overhead_extension_thruster.mp4,50,83.44,107.43,15.98,20.21
overhead_extension_thruster.mp4,60,82.25,102.98,21.1,18.76
overhead_extension_thruster.mp4,70,79.85,116.82,39.45,38.74
overhead_extension_thruster.mp4,80,138.24,146.05,48.91,58.69
overhead_extension_thruster.mp4,90,114.71,145.83,72.44,81.82
overhead_extension_thruster.mp4,100,149.94,167.5,94.38,102.11
overhead_extension_thruster.mp4,110,158.1,167.44,120.75,119.52
overhead_extension_thruster.mp4,120,154.87,164.73,117.75,118.7
overhead_extension_thruster.mp4,130,144.58,158.74,110.34,108.48
overhead_extension_thruster.mp4,140,133.68,150.88,138.98,142.47
overhead_extension_thruster.mp4,150,114.37,134.63,131.97,140.69
overhead_extension_thruster.mp4,160,88.88,127.47,120.59,139.94
overhead_extension_thruster.mp4,170,104.67,122.83,128.39,139.6
overhead_extension_thruster.mp4,180,65.89,138.94,106.75,148.1
overhead_extension_thruster.mp4,190,137.36,161.72,117.55,120.86
overhead_extension_thruster.mp4,200,158.27,169.63,133.74,132.44
overhead_extension_thruster.mp4,210,128.61,165.66,129.79,114.87
overhead_extension_thruster.mp4,220,133.16,165.45,135.38,172.63
overhead_extension_thruster.mp4,230,132.21,168.48,140.97,167.68
overhead_extension_thruster.mp4,240,136.51,166.01,149.62,167.08
overhead_extension_thruster.mp4,250,139.2,163.04,112.6,106.63
overhead_extension_thruster.mp4,260,153.83,165.73,114.58,114.56
overhead_extension_thruster.mp4,270,140.67,151.11,119.99,119.69
overhead_extension_thruster.mp4,280,84.0,129.22,115.99,137.79
overhead_extension_thruster.mp4,290,112.83,126.14,138.55,139.3
overhead_extension_thruster.mp4,300,121.74,122.22,141.55,140.63
overhead_extension_thruster.mp4,310,132.73,138.73,146.78,144.64
overhead_extension_thruster.mp4,320,129.62,148.36,123.73,127.8
overhead_extension_thruster.mp4,330,150.09,163.04,120.87,122.98
overhead_extension_thruster.mp4,340,124.04,157.74,128.76,111.02
overhead_extension_thruster.mp4,350,138.09,163.75,139.05,176.31
overhead_extension_thruster.mp4,360,135.51,166.32,140.12,172.93
overhead_extension_thruster.mp4,370,138.32,158.11,156.6,154.32
overhead_extension_thruster.mp4,380,114.12,152.38,124.13,103.52
overhead_extension_thruster.mp4,390,126.69,152.24,116.8,111.1
overhead_extension_thruster.mp4,400,92.12,134.93,120.21,126.25
overhead_extension_thruster.mp4,410,91.51,140.48,122.83,145.4
overhead_extension_thruster.mp4,420,107.74,128.2,136.52,138.66
overhead_extension_thruster.mp4,430,52.27,112.0,98.71,133.27
overhead_extension_thruster.mp4,440,96.35,141.92,125.95,148.03
overhead_extension_thruster.mp4,450,143.01,151.86,124.26,120.02
overhead_extension_thruster.mp4,460,135.2,157.37,109.75,111.74
overhead_extension_thruster.mp4,470,128.96,158.08,133.26,115.87
overhead_extension_thruster.mp4,480,122.76,168.21,128.48,174.7
overhead_extension_thruster.mp4,490,139.02,161.97,140.64,171.17
overhead_extension_thruster.mp4,500,130.57,153.02,133.07,110.8
overhead_extension_thruster.mp4,510,106.84,146.99,123.38,110.12
overhead_extension_thruster.mp4,520,137.08,150.25,127.26,124.13
overhead_extension_thruster.mp4,530,112.38,146.37,134.81,151.01
overhead_extension_thruster.mp4,540,88.54,133.62,130.63,143.84
overhead_extension_thruster.mp4,550,53.75,128.41,111.29,144.44
overhead_extension_thruster.mp4,560,102.6,141.07,137.71,148.45
overhead_extension_thruster.mp4,570,133.8,151.58,132.47,131.01
overhead_extension_thruster.mp4,580,141.41,157.47,118.42,122.71
overhead_extension_thruster.mp4,590,135.05,158.25,128.43,112.69
overhead_extension_thruster.mp4,600,155.14,164.14,148.46,178.01
overhead_extension_thruster.mp4,610,149.73,157.88,155.98,169.22
overhead_extension_thruster.mp4,620,138.47,152.45,115.74,97.18
overhead_extension_thruster.mp4,630,103.32,137.15,130.76,112.91
overhead_extension_thruster.mp4,640,80.08,141.65,116.02,147.5
overhead_extension_thruster.mp4,650,88.29,127.56,126.36,138.28
overhead_extension_thruster.mp4,660,105.96,125.07,136.95,139.81
overhead_extension_thruster.mp4,670,102.08,118.69,137.17,139.6
overhead_extension_thruster.mp4,680,87.72,138.8,122.41,145.79
overhead_extension_thruster.mp4,690,144.61,153.52,127.48,121.65
overhead_extension_thruster.mp4,700,139.64,157.11,112.4,112.65
overhead_extension_thruster.mp4,710,125.46,161.98,154.23,148.02
overhead_extension_thruster.mp4,720,155.46,167.16,152.8,176.61
overhead_extension_thruster.mp4,730,130.86,152.38,144.61,140.9
overhead_extension_thruster.mp4,740,65.31,132.11,99.47,80.7
overhead_extension_thruster.mp4,750,140.14,137.97,68.21,73.18
overhead_extension_thruster.mp4,760,128.73,142.92,21.56,40.02
overhead_extension_thruster.mp4,770,82.01,111.17,50.66,33.49
overhead_extension_thruster.mp4,780,76.65,102.56,22.44,23.76
overhead_extension_thruster.mp4,790,81.98,111.36,19.12,24.33
overhead_extension_thruster.mp4,800,83.53,114.75,17.2,25.6
overhead_extension_thruster.mp4,810,82.29,117.3,17.27,27.68
overhead_extension_thruster.mp4,820,83.73,113.69,16.65,23.85
overhead_extension_thruster.mp4,830,84.56,114.25,13.78,27.05
overhead_extension_thruster.mp4,840,84.17,113.28,15.74,26.72
overhead_extension_thruster.mp4,850,83.19,115.12,16.3,28.67
overhead_extension_thruster.mp4,860,85.09,111.5,15.88,24.98
overhead_trap_raises.mp4,10,80.23,110.38,16.95,26.04
overhead_trap_raises.mp4,20,79.09,112.4,17.73,27.04
overhead_trap_raises.mp4,30,81.51,111.54,16.57,25.46
overhead_trap_raises.mp4,40,80.26,112.07,17.83,26.29
overhead_trap_raises.mp4,50,80.46,113.75,18.87,27.42
overhead_trap_raises.mp4,60,80.07,113.54,18.04,26.74
overhead_trap_raises.mp4,70,80.01,112.35,17.55,26.31
overhead_trap_raises.mp4,80,81.13,116.21,17.44,27.18
overhead_trap_raises.mp4,90,79.6,112.81,16.05,27.91
overhead_trap_raises.mp4,100,76.42,114.57,27.97,27.2
overhead_trap_raises.mp4,110,82.8,118.2,40.02,23.46
overhead_trap_raises.mp4,120,85.81,125.24,33.18,36.03
overhead_trap_raises.mp4,130,104.06,130.73,22.52,34.75
overhead_trap_raises.mp4,140,96.39,125.85,25.06,31.66
overhead_trap_raises.mp4,150,87.76,125.31,22.96,31.46
overhead_trap_raises.mp4,160,90.69,127.66,20.78,30.89
overhead_trap_raises.mp4,170,96.86,131.12,24.24,27.02
overhead_trap_raises.mp4,180,147.54,151.55,37.64,45.44
overhead_trap_raises.mp4,190,161.43,152.54,49.6,59.86
overhead_trap_raises.mp4,200,166.79,163.71,110.44,120.09
overhead_trap_raises.mp4,210,161.83,162.55,104.34,123.98
overhead_trap_raises.mp4,220,144.86,151.07,159.69,153.16
overhead_trap_raises.mp4,230,153.7,154.5,169.24,159.54
overhead_trap_raises.mp4,240,147.2,151.29,166.73,149.9
overhead_trap_raises.mp4,250,149.47,150.58,135.28,120.66
overhead_trap_raises.mp4,260,148.11,151.3,126.05,113.63
overhead_trap_raises.mp4,270,164.98,160.99,96.83,122.06
overhead_trap_raises.mp4,280,169.15,159.82,110.83,121.44
overhead_trap_raises.mp4,290,170.26,165.14,93.34,109.08
overhead_trap_raises.mp4,300,169.41,161.83,77.05,104.75
overhead_trap_raises.mp4,310,163.16,157.19,52.75,68.5
overhead_trap_raises.mp4,320,167.33,160.6,49.72,72.09
overhead_trap_raises.mp4,330,171.12,161.98,85.59,106.22
overhead_trap_raises.mp4,340,165.91,161.38,112.37,125.39
overhead_trap_raises.mp4,350,169.77,161.93,118.71,135.27
overhead_trap_raises.mp4,360,152.69,160.18,164.65,147.84
overhead_trap_raises.mp4,370,150.02,152.39,153.83,137.65
overhead_trap_raises.mp4,380,148.67,149.6,169.02,157.14
overhead_trap_raises.mp4,390,152.57,150.94,158.12,142.97
overhead_trap_raises.mp4,400,163.2,162.64,100.77,103.88
overhead_trap_raises.mp4,410,165.81,161.63,113.1,130.84
overhead_trap_raises.mp4,420,166.11,160.84,96.03,111.98
overhead_trap_raises.mp4,430,166.29,159.59,73.87,100.72
overhead_trap_raises.mp4,440,167.19,159.24,58.52,87.55
overhead_trap_raises.mp4,450,166.2,157.67,54.85,81.78
overhead_trap_raises.mp4,460,167.61,158.29,66.37,94.99
overhead_trap_raises.mp4,470,166.31,161.86,93.42,109.2
overhead_trap_raises.mp4,480,168.62,161.53,108.88,131.06
overhead_trap_raises.mp4,490,151.77,155.76,147.28,136.21
overhead_trap_raises.mp4,500,152.14,155.33,161.89,146.91
overhead_trap_raises.mp4,510,149.27,149.15,167.67,159.32
overhead_trap_raises.mp4,520,147.2,148.93,162.22,155.71
overhead_trap_raises.mp4,530,162.06,152.9,96.73,113.07
overhead_trap_raises.mp4,540,165.9,160.89,107.83,120.32
overhead_trap_raises.mp4,550,164.86,159.31,84.85,105.03
overhead_trap_raises.mp4,560,164.59,158.41,55.47,78.53
overhead_trap_raises.mp4,570,164.97,159.87,53.27,69.54
overhead_trap_raises.mp4,580,164.93,157.86,51.31,73.65
overhead_trap_raises.mp4,590,164.54,160.74,83.94,103.83
overhead_trap_raises.mp4,600,167.97,161.85,105.11,128.52
overhead_trap_raises.mp4,610,148.18,144.6,125.57,116.66
overhead_trap_raises.mp4,620,156.31,160.03,156.09,136.59
overhead_trap_raises.mp4,630,154.86,154.24,169.25,171.47
overhead_trap_raises.mp4,640,155.03,156.18,147.11,132.66
overhead_trap_raises.mp4,650,156.83,164.63,131.83,118.28
overhead_trap_raises.mp4,660,166.68,161.75,104.78,126.72
overhead_trap_raises.mp4,670,162.64,158.96,86.18,106.86
overhead_trap_raises.mp4,680,165.16,157.67,47.74,67.26
overhead_trap_raises.mp4,690,162.42,154.92,37.96,54.99
overhead_trap_raises.mp4,700,162.13,150.83,37.51,53.93
overhead_trap_raises.mp4,710,166.57,158.53,70.76,93.98
overhead_trap_raises.mp4,720,167.51,162.3,109.12,125.87
overhead_trap_raises.mp4,730,160.25,157.99,105.11,106.97
overhead_trap_raises.mp4,740,155.61,157.98,164.28,148.94
overhead_trap_raises.mp4,750,151.44,151.24,170.32,159.28
overhead_trap_raises.mp4,760,154.03,154.37,144.34,130.96
overhead_trap_raises.mp4,770,147.25,140.59,125.57,117.04
overhead_trap_raises.mp4,780,164.79,162.16,103.53,121.73
overhead_trap_raises.mp4,790,160.81,154.72,61.69,80.6
overhead_trap_raises.mp4,800,159.51,151.06,34.46,57.34
overhead_trap_raises.mp4,810,151.63,151.84,43.98,53.17
overhead_trap_raises.mp4,820,130.75,134.57,37.14,33.02
overhead_trap_raises.mp4,830,78.64,112.89,45.33,29.99
overhead_trap_raises.mp4,840,76.24,104.63,31.25,25.24
overhead_trap_raises.mp4,850,78.76,110.3,21.16,26.25
overhead_trap_raises.mp4,860,80.31,110.54,18.69,25.74
overhead_trap_raises.mp4,870,80.48,112.3,18.24,25.93
overhead_trap_raises.mp4,880,81.07,114.37,19.99,25.91
overhead_trap_raises.mp4,890,81.6,115.33,21.89,25.7
pushup.mp4,10,136.8,174.86,25.6,35.43
pushup.mp4,20,137.63,172.41,20.24,51.56
pushup.mp4,30,136.06,175.64,25.16,45.26
pushup.mp4,40,135.74,173.6,28.8,35.98
pushup.mp4,50,133.58,172.06,26.75,40.7
pushup.mp4,60,130.45,167.68,27.33,36.14
pushup.mp4,70,130.39,166.44,27.78,30.83
pushup.mp4,80,139.85,161.24,22.33,44.89
pushup.mp4,110,151.09,173.66,40.26,52.44
pushup.mp4,120,115.35,142.69,36.13,56.25
pushup.mp4,130,155.86,163.13,42.88,46.74
pushup.mp4,140,154.23,167.55,32.78,57.26
pushup.mp4,150,148.42,156.56,38.42,53.07
pushup.mp4,180,132.6,16.94,132.55,151.47
pushup.mp4,190,97.77,169.31,67.55,64.59
pushup.mp4,200,117.21,157.71,86.53,111.46
pushup.mp4,210,122.28,148.32,103.38,113.0
pushup.mp4,220,117.92,169.4,44.38,60.79
pushup.mp4,230,154.48,169.28,23.23,35.67
pushup.mp4,240,143.13,167.87,23.3,32.76
pushup.mp4,250,115.76,170.29,29.15,36.04
pushup.mp4,290,146.49,135.04,15.53,40.67
pushup.mp4,320,94.85,122.77,37.8,77.64
pushup.mp4,340,169.39,139.1,12.35,35.93
pushup.mp4,350,148.29,118.62,10.33,38.26
pushup.mp4,370,161.7,128.0,28.05,32.34
pushup.mp4,380,160.66,143.62,23.9,40.16
pushup.mp4,400,170.38,106.58,23.84,44.07
pushup.mp4,420,163.72,142.46,11.87,43.28
pushup.mp4,430,160.0,134.23,9.59,43.15
pushup.mp4,450,142.37,151.31,31.83,38.2
pushup.mp4,460,144.45,165.54,29.82,34.12
pushup.mp4,470,167.88,97.22,16.26,50.08
pushup.mp4,490,160.26,154.05,18.73,25.34
pushup.mp4,530,147.57,156.5,28.44,53.52
pushup.mp4,550,165.21,140.19,8.84,35.08
pushup.mp4,590,168.45,144.1,32.39,58.75
pushup.mp4,600,132.59,158.87,28.69,50.13
pushup.mp4,610,137.87,170.05,33.63,36.51
pushup.mp4,620,103.38,160.52,127.06,42.58
pushup.mp4,630,132.37,169.83,22.11,37.35
pushup.mp4,640,143.56,163.0,28.11,44.71
pushup.mp4,660,142.3,162.58,24.01,41.51
pushup.mp4,670,124.34,159.05,29.88,26.07
pushup.mp4,680,163.62,152.77,118.25,87.33
pushup.mp4,720,174.86,173.45,60.46,29.13
pushup.mp4,730,110.52,155.37,62.78,76.92
pushup.mp4,750,132.88,144.02,29.78,44.89
pushup.mp4,760,119.86,154.49,38.13,48.24
pushup.mp4,770,125.85,159.52,44.42,36.28
pushup.mp4,780,134.3,153.71,29.07,50.47
pushup.mp4,790,131.1,163.29,27.67,43.63
pushup.mp4,800,136.31,168.55,31.31,33.51
pushup.mp4,810,137.09,169.69,28.31,30.17
pushup.mp4,820,138.49,169.88,30.63,34.7
pushup.mp4,830,134.9,169.25,34.04,43.75
pushup.mp4,840,134.11,169.37,34.48,40.96
side_lateral_raise.mp4,10,110.9,74.47,32.0,10.57
side_lateral_raise.mp4,20,110.82,75.85,30.47,10.98
side_lateral_raise.mp4,30,113.1,74.93,30.69,12.84
side_lateral_raise.mp4,40,115.84,73.96,32.73,15.54
side_lateral_raise.mp4,50,116.79,73.79,33.63,15.64
side_lateral_raise.mp4,60,116.68,72.85,34.2,20.29
side_lateral_raise.mp4,70,115.17,72.49,30.57,18.6
side_lateral_raise.mp4,80,100.48,65.79,31.21,27.55
side_lateral_raise.mp4,90,127.87,88.19,57.84,60.96
side_lateral_raise.mp4,100,166.54,101.15,88.18,85.04
side_lateral_raise.mp4,110,171.45,117.37,103.51,109.73
side_lateral_raise.mp4,120,169.67,117.05,108.44,113.52
side_lateral_raise.mp4,130,172.05,96.53,100.96,104.46
side_lateral_raise.mp4,140,168.01,94.55,86.13,73.28
side_lateral_raise.mp4,150,130.9,79.43,53.43,57.96
side_lateral_raise.mp4,160,106.84,67.2,35.42,36.3
side_lateral_raise.mp4,170,109.78,69.43,32.74,31.48
side_lateral_raise.mp4,180,108.03,70.05,31.91,26.78
side_lateral_raise.mp4,190,105.0,73.35,42.26,46.03
side_lateral_raise.mp4,200,167.96,111.41,79.61,64.63
side_lateral_raise.mp4,210,168.7,96.47,97.69,104.84
side_lateral_raise.mp4,220,169.94,156.75,109.46,113.17
side_lateral_raise.mp4,230,167.96,95.51,99.38,113.11
side_lateral_raise.mp4,240,168.8,88.25,85.72,81.98
side_lateral_raise.mp4,250,130.9,80.63,52.74,57.5
side_lateral_raise.mp4,260,109.21,64.88,36.08,31.93
side_lateral_raise.mp4,270,112.57,68.73,34.71,26.46
side_lateral_raise.mp4,280,110.47,68.62,34.18,25.93
side_lateral_raise.mp4,290,111.21,77.53,47.42,53.96
side_lateral_raise.mp4,300,164.69,101.97,81.16,74.17
side_lateral_raise.mp4,310,170.32,97.82,99.14,113.64
side_lateral_raise.mp4,320,171.6,151.43,110.17,113.51
side_lateral_raise.mp4,330,169.76,100.47,101.64,109.55
side_lateral_raise.mp4,340,168.06,98.91,80.79,75.23
side_lateral_raise.mp4,350,126.48,76.37,54.3,56.13
side_lateral_raise.mp4,360,110.2,64.45,38.08,32.07
side_lateral_raise.mp4,370,109.42,67.79,33.01,30.58
side_lateral_raise.mp4,380,110.34,67.69,34.52,25.64
side_lateral_raise.mp4,390,107.72,68.68,40.56,49.42
side_lateral_raise.mp4,400,162.06,111.23,74.05,63.22
side_lateral_raise.mp4,410,170.82,100.08,89.06,106.16
side_lateral_raise.mp4,420,170.42,163.1,107.71,113.87
side_lateral_raise.mp4,430,172.17,147.49,106.32,115.48
side_lateral_raise.mp4,440,173.47,88.93,96.28,89.02
side_lateral_raise.mp4,450,152.57,83.06,65.58,64.7
side_lateral_raise.mp4,460,107.53,68.41,37.53,45.54
side_lateral_raise.mp4,470,103.67,68.62,31.44,30.13
side_lateral_raise.mp4,480,111.69,68.63,33.78,29.11
side_lateral_raise.mp4,490,111.23,69.17,35.93,50.84
side_lateral_raise.mp4,500,153.48,93.54,60.62,67.32
side_lateral_raise.mp4,510,171.46,102.18,88.62,94.86
side_lateral_raise.mp4,520,169.24,151.31,108.75,114.61
side_lateral_raise.mp4,530,169.2,151.04,105.85,119.25
side_lateral_raise.mp4,540,173.59,93.92,94.69,103.23
side_lateral_raise.mp4,550,156.57,104.84,67.43,58.49
side_lateral_raise.mp4,560,107.71,62.62,40.36,34.29
side_lateral_raise.mp4,570,117.47,71.14,39.43,23.46
side_lateral_raise.mp4,580,123.68,72.75,38.54,22.11
side_lateral_raise.mp4,590,125.27,74.87,39.39,18.52
side_lateral_raise.mp4,600,121.78,73.82,38.16,16.37
side_lateral_raise.mp4,610,122.23,74.74,38.45,18.85
side_lateral_raise.mp4,620,122.26,75.75,38.21,16.48
side_lateral_raise.mp4,630,124.44,74.7,37.12,21.97
side_lateral_raise.mp4,640,122.92,75.7,36.94,20.83
side_lateral_raise.mp4,650,120.63,74.94,36.97,16.77
squat.mp4,10,106.21,69.58,35.7,13.09
squat.mp4,20,104.26,72.46,31.92,12.78
squat.mp4,30,102.7,72.86,29.86,12.68
squat.mp4,40,96.3,71.47,26.25,12.1
squat.mp4,50,94.79,71.56,23.57,12.67
squat.mp4,60,94.25,71.26,24.4,12.04
squat.mp4,70,97.34,69.58,29.39,12.87
squat.mp4,80,98.85,65.7,28.13,16.31
squat.mp4,90,109.42,76.26,42.01,20.0
squat.mp4,100,139.47,99.19,75.36,43.45
squat.mp4,110,150.22,99.17,84.79,46.84
squat.mp4,120,158.42,109.7,108.73,65.31
squat.mp4,130,160.44,120.16,109.14,79.62
squat.mp4,140,157.11,122.6,100.49,80.67
squat.mp4,150,157.68,120.77,105.18,76.22
squat.mp4,160,148.91,107.23,99.18,60.25
squat.mp4,170,137.09,106.79,86.16,60.44
squat.mp4,180,135.19,99.58,83.14,52.18
squat.mp4,190,110.52,103.29,67.02,57.29
squat.mp4,200,134.06,152.86,68.78,78.66
squat.mp4,210,146.24,149.63,88.41,80.96
squat.mp4,220,138.95,129.59,112.89,96.93
squat.mp4,230,131.02,103.84,102.63,102.81
squat.mp4,240,114.03,100.5,105.22,104.45
squat.mp4,250,104.94,107.96,100.0,96.98
squat.mp4,260,119.87,124.41,99.21,100.03
squat.mp4,270,118.77,114.28,84.85,87.9
squat.mp4,280,124.06,128.82,77.09,86.45
squat.mp4,290,133.71,137.47,82.24,86.2
squat.mp4,300,130.5,137.94,72.2,74.85
squat.mp4,310,129.91,135.23,64.94,65.83
squat.mp4,320,132.48,137.92,71.23,71.24
squat.mp4,330,128.04,133.05,69.57,63.99
squat.mp4,340,129.15,135.51,65.39,60.06
squat.mp4,350,132.68,139.92,73.13,68.74
squat.mp4,360,131.59,138.4,70.9,68.43
squat.mp4,370,134.31,141.33,82.49,80.85
squat.mp4,380,134.34,141.53,83.19,80.37
squat.mp4,390,132.79,136.8,72.21,61.25
squat.mp4,400,136.86,135.94,92.52,79.21
squat.mp4,410,134.46,134.6,89.49,76.01
squat.mp4,420,137.06,142.01,94.74,90.06
squat.mp4,430,137.68,137.93,98.48,88.59
squat.mp4,440,138.37,141.05,98.61,93.47
squat.mp4,450,137.05,141.49,100.8,98.41
squat.mp4,460,131.53,140.7,103.76,112.19
squat.mp4,470,135.49,123.78,125.87,111.88
squat.mp4,480,126.39,151.29,121.53,136.97
squat.mp4,490,133.05,155.03,125.95,141.48
squat.mp4,500,125.79,156.63,123.14,147.51
squat.mp4,510,133.58,155.53,130.95,146.68
squat.mp4,520,109.06,153.9,112.63,146.17
squat.mp4,530,100.24,148.35,100.34,134.58
squat.mp4,540,134.1,142.89,123.94,127.44
squat.mp4,550,138.63,145.08,116.62,121.73
squat.mp4,560,138.9,144.4,108.84,111.02
squat.mp4,570,137.09,140.18,100.99,98.19
squat.mp4,580,137.2,142.73,103.62,102.5
squat.mp4,590,138.02,144.11,111.26,115.74
squat.mp4,600,135.36,143.17,119.14,124.76
squat.mp4,610,123.54,146.13,120.62,132.12
squat.mp4,620,119.63,154.27,119.78,141.89
squat.mp4,630,113.1,155.34,115.2,146.41
squat.mp4,640,105.03,153.14,111.18,143.49
squat.mp4,650,106.4,151.43,109.39,142.07
squat.mp4,660,109.96,151.59,111.73,138.87
squat.mp4,670,139.0,146.94,126.41,129.38
squat.mp4,680,137.31,143.17,110.14,112.98
squat.mp4,690,137.47,142.95,100.65,102.58
squat.mp4,700,137.03,140.72,97.21,95.58
squat.mp4,710,138.11,142.57,104.71,104.64
squat.mp4,720,136.23,141.76,102.99,106.3
squat.mp4,730,134.31,137.06,115.33,115.02
squat.mp4,740,130.25,148.51,125.16,134.05
squat.mp4,750,133.13,155.66,130.15,144.11
squat.mp4,760,111.55,152.4,117.39,145.64
squat.mp4,770,98.67,148.25,106.57,140.08
squat.mp4,780,136.47,155.46,131.56,143.94
squat.mp4,790,129.32,99.4,122.99,91.06
squat.mp4,800,138.67,143.89,118.0,119.58
squat.mp4,810,138.94,139.28,108.53,98.82
squat.mp4,820,137.91,138.07,105.94,95.45
squat.mp4,830,137.36,139.65,103.15,97.07
squat.mp4,840,137.33,142.97,107.8,110.03
squat.mp4,850,138.39,143.36,125.59,126.69
squat.mp4,860,132.4,150.17,127.29,138.41
squat.mp4,870,130.8,154.01,131.17,145.49
squat.mp4,880,106.45,148.92,109.61,138.76
squat.mp4,890,104.99,146.39,113.1,138.43
squat.mp4,900,131.08,154.02,130.27,144.79
squat.mp4,910,134.18,134.37,125.12,120.54
squat.mp4,920,137.12,144.76,114.58,119.42
squat.mp4,930,136.97,136.46,97.89,87.53
squat.mp4,940,136.99,141.72,105.48,99.71
squat.mp4,950,136.41,139.74,104.02,95.93
squat.mp4,960,136.19,143.41,108.78,111.68
squat.mp4,970,135.6,146.29,123.98,129.76
squat.mp4,980,133.84,153.04,129.82,140.57
squat.mp4,990,120.59,154.29,123.01,144.63
squat.mp4,1000,118.1,152.51,119.14,142.58
squat.mp4,1010,118.55,151.6,119.41,143.48
squat.mp4,1020,122.41,156.76,126.23,147.9
squat.mp4,1030,133.9,153.08,128.0,138.55
squat.mp4,1040,140.06,148.23,128.27,133.04
squat.mp4,1050,137.75,141.71,106.83,105.82
squat.mp4,1060,136.89,142.11,104.86,100.59
squat.mp4,1070,138.2,140.73,103.59,94.18
squat.mp4,1080,137.0,140.43,98.33,91.5
squat.mp4,1090,137.94,138.36,102.29,91.85
squat.mp4,1100,136.01,138.05,91.84,85.02
squat.mp4,1110,131.05,138.07,85.6,78.69
squat.mp4,1120,127.42,134.92,93.02,91.33
squat.mp4,1130,100.97,114.29,93.77,94.85
squat.mp4,1140,120.58,90.3,103.8,113.52
squat.mp4,1150,115.48,111.6,110.28,113.19
squat.mp4,1160,119.21,108.85,107.93,96.84
squat.mp4,1170,146.74,162.46,98.26,89.01
squat.mp4,1180,109.41,77.16,67.14,43.3
squat.mp4,1190,109.66,64.74,44.44,22.51
squat.mp4,1200,111.98,69.27,40.28,17.26
squat.mp4,1210,108.8,73.18,36.17,18.38
squat.mp4,1220,133.91,77.94,63.82,24.34
squat.mp4,1230,138.55,91.15,60.67,28.77
squat.mp4,1240,133.05,94.92,74.96,45.9
squat.mp4,1250,146.96,96.95,102.12,55.33
squat.mp4,1260,169.07,108.57,115.41,67.27
squat.mp4,1270,161.54,109.67,104.89,63.66
squat.mp4,1280,164.02,110.31,109.46,64.26
squat.mp4,1290,162.41,106.44,111.43,65.86
squat.mp4,1300,161.35,107.82,112.32,67.65
squat.mp4,1310,167.02,111.9,110.76,71.47
squat.mp4,1320,161.5,109.44,107.0,65.48
squat.mp4,1330,153.07,100.26,108.98,59.88
squat.mp4,1340,151.22,87.65,110.21,38.72
squat.mp4,1350,128.2,93.64,72.32,40.15
squat.mp4,1360,114.26,94.69,49.45,38.44
squat.mp4,1370,101.87,76.03,33.39,24.09
squat.mp4,1380,107.8,76.3,35.87,19.4
squat.mp4,1390,108.54,72.14,34.84,16.47
squat.mp4,1400,104.32,72.03,32.29,16.08
squat.mp4,1410,107.76,76.49,32.9,14.85
squat.mp4,1420,103.12,73.34,30.99,13.72
squat.mp4,1430,105.06,75.41,29.16,14.23
squat.mp4,1440,103.81,74.12,31.31,13.56
standing_ab_twists.mp4,10,102.49,75.59,23.65,13.59
standing_ab_twists.mp4,20,101.89,74.08,23.66,13.73
standing_ab_twists.mp4,30,101.5,74.38,23.37,13.51
standing_ab_twists.mp4,40,103.17,74.19,25.04,13.04
standing_ab_twists.mp4,50,103.23,75.49,27.79,12.85
standing_ab_twists.mp4,60,99.37,75.22,24.87,13.29
standing_ab_twists.mp4,70,92.54,76.11,30.04,14.91
standing_ab_twists.mp4,80,121.2,91.1,67.13,20.2
standing_ab_twists.mp4,90,138.05,97.21,97.7,20.89
standing_ab_twists.mp4,100,147.75,86.72,115.37,39.93
standing_ab_twists.mp4,110,120.82,101.65,106.57,60.25
standing_ab_twists.mp4,120,83.66,141.82,103.06,92.28
standing_ab_twists.mp4,130,87.81,147.52,55.86,78.97
standing_ab_twists.mp4,140,54.57,130.55,86.63,75.63
standing_ab_twists.mp4,150,119.19,89.02,91.53,56.15
standing_ab_twists.mp4,160,137.79,79.82,93.1,28.31
standing_ab_twists.mp4,170,120.44,70.21,57.89,28.7
standing_ab_twists.mp4,180,114.78,63.04,32.23,44.27
standing_ab_twists.mp4,190,120.78,144.47,31.79,95.36
standing_ab_twists.mp4,200,108.97,154.19,44.92,98.47
standing_ab_twists.mp4,210,96.9,144.55,63.63,89.86
standing_ab_twists.mp4,220,86.47,129.51,80.03,70.66
standing_ab_twists.mp4,230,88.58,133.3,50.34,98.36
standing_ab_twists.mp4,240,96.8,146.3,72.35,79.41
standing_ab_twists.mp4,250,117.31,139.77,33.13,67.36
standing_ab_twists.mp4,260,114.26,143.97,34.37,68.82
standing_ab_twists.mp4,270,97.31,80.1,29.52,22.74
standing_ab_twists.mp4,280,123.81,87.48,68.48,20.28
standing_ab_twists.mp4,290,140.93,94.98,101.17,18.02
standing_ab_twists.mp4,300,156.67,86.25,119.54,48.93
standing_ab_twists.mp4,310,85.65,66.18,97.2,21.64
standing_ab_twists.mp4,320,59.14,172.95,90.63,68.8
standing_ab_twists.mp4,330,63.55,137.74,86.66,91.9
standing_ab_twists.mp4,340,112.85,94.22,100.22,56.9
standing_ab_twists.mp4,350,144.3,77.43,107.09,23.27
standing_ab_twists.mp4,360,111.56,68.77,45.75,26.17
standing_ab_twists.mp4,370,116.85,72.54,36.01,20.14
standing_ab_twists.mp4,380,125.55,75.14,28.96,44.89
standing_ab_twists.mp4,390,105.27,146.01,23.04,108.24
standing_ab_twists.mp4,400,99.48,147.56,43.67,97.65
standing_ab_twists.mp4,410,95.62,132.91,70.51,71.66
standing_ab_twists.mp4,420,94.04,129.81,73.76,72.94
standing_ab_twists.mp4,430,93.19,136.49,47.61,93.55
standing_ab_twists.mp4,440,106.64,143.55,50.24,76.22
standing_ab_twists.mp4,450,109.41,150.57,29.58,81.56
standing_ab_twists.mp4,460,97.96,75.77,25.45,35.39
standing_ab_twists.mp4,470,94.04,80.28,30.34,20.87
standing_ab_twists.mp4,480,140.61,99.66,70.54,18.73
standing_ab_twists.mp4,490,144.44,86.02,108.67,46.41
standing_ab_twists.mp4,500,132.28,97.73,100.36,65.89
standing_ab_twists.mp4,510,61.37,165.52,93.48,68.64
standing_ab_twists.mp4,520,58.77,167.6,90.43,70.16
standing_ab_twists.mp4,530,83.34,81.01,83.86,60.72
standing_ab_twists.mp4,540,128.77,82.23,93.94,23.13
standing_ab_twists.mp4,550,110.25,68.19,48.25,18.95
standing_ab_twists.mp4,560,107.63,78.22,30.46,17.63
standing_ab_twists.mp4,570,113.73,64.57,30.75,35.05
standing_ab_twists.mp4,580,113.81,144.43,27.5,105.04
standing_ab_twists.mp4,590,104.64,147.3,33.9,99.85
standing_ab_twists.mp4,600,101.22,130.43,70.25,73.28
standing_ab_twists.mp4,610,108.61,137.11,59.37,87.71
standing_ab_twists.mp4,620,105.17,128.12,53.6,84.31
standing_ab_twists.mp4,630,103.21,140.31,39.71,85.17
standing_ab_twists.mp4,640,96.54,136.41,33.02,67.44
standing_ab_twists.mp4,650,94.3,73.14,23.02,23.55
standing_ab_twists.mp4,660,104.42,76.6,29.28,14.89
standing_ab_twists.mp4,670,110.72,83.84,40.26,23.63
standing_ab_twists.mp4,680,137.63,84.61,87.52,36.37
standing_ab_twists.mp4,690,142.9,122.19,111.17,67.59
standing_ab_twists.mp4,700,57.09,147.44,81.71,76.92
standing_ab_twists.mp4,710,78.99,130.4,62.53,55.52
standing_ab_twists.mp4,720,62.25,131.84,94.16,63.23
standing_ab_twists.mp4,730,80.72,79.48,68.66,16.48
standing_ab_twists.mp4,740,113.87,65.96,51.08,20.97
standing_ab_twists.mp4,750,108.96,73.43,29.68,21.72
standing_ab_twists.mp4,760,119.69,87.47,31.37,44.22
standing_ab_twists.mp4,770,120.51,142.71,27.53,101.09
standing_ab_twists.mp4,780,102.96,149.89,39.04,102.6
standing_ab_twists.mp4,790,98.62,139.19,77.94,61.49
standing_ab_twists.mp4,800,101.89,135.25,67.33,70.97
standing_ab_twists.mp4,810,101.12,136.24,62.08,77.63
standing_ab_twists.mp4,820,100.95,139.75,56.72,76.52
standing_ab_twists.mp4,830,114.44,159.62,25.87,88.56
standing_ab_twists.mp4,840,96.42,70.28,24.36,30.45
standing_ab_twists.mp4,850,90.2,75.47,25.26,18.36
standing_ab_twists.mp4,860,139.38,84.03,70.2,26.03
standing_ab_twists.mp4,870,148.18,110.68,120.42,50.89
standing_ab_twists.mp4,880,127.52,101.73,108.41,68.84
standing_ab_twists.mp4,890,66.59,163.6,99.56,83.2
standing_ab_twists.mp4,900,62.68,154.83,83.97,56.21
standing_ab_twists.mp4,910,79.67,63.56,42.45,38.16
standing_ab_twists.mp4,920,120.69,70.19,93.79,19.17
standing_ab_twists.mp4,930,112.15,67.09,52.03,15.4
standing_ab_twists.mp4,940,130.4,66.63,44.65,34.43
standing_ab_twists.mp4,950,119.7,143.83,26.26,85.33
standing_ab_twists.mp4,960,106.44,147.6,45.04,87.22
standing_ab_twists.mp4,970,102.02,141.53,58.86,89.05
standing_ab_twists.mp4,980,119.7,138.03,79.46,74.31
standing_ab_twists.mp4,990,101.99,140.89,80.59,70.58
standing_ab_twists.mp4,1000,97.98,133.46,42.07,96.45
standing_ab_twists.mp4,1010,109.51,138.05,25.03,93.36
standing_ab_twists.mp4,1020,115.47,147.14,26.81,78.2
standing_ab_twists.mp4,1030,113.06,70.23,37.24,17.22
standing_ab_twists.mp4,1040,110.65,76.31,30.6,14.57
standing_ab_twists.mp4,1050,121.3,76.84,33.25,21.8
standing_ab_twists.mp4,1060,122.72,73.8,36.35,22.41
standing_ab_twists.mp4,1070,117.84,73.02,32.95,18.9
standing_ab_twists.mp4,1080,114.84,74.82,32.89,15.18
standing_ab_twists.mp4,1090,114.73,75.25,31.2,16.08
standing_ab_twists.mp4,1100,116.11,75.25,32.1,15.78
standing_ab_twists.mp4,1110,114.5,75.49,30.57,16.02
standing_ab_twists.mp4,1120,115.25,75.14,30.86,16.09
walk_the_box.mp4,10,82.99,116.5,21.69,26.64
walk_the_box.mp4,20,87.35,117.57,22.39,24.96
walk_the_box.mp4,30,87.69,118.56,22.13,26.44
walk_the_box.mp4,40,87.53,117.41,22.22,25.21
walk_the_box.mp4,50,84.64,118.68,21.13,26.53
walk_the_box.mp4,60,79.36,112.76,29.51,22.93
walk_the_box.mp4,70,116.3,122.81,26.66,51.26
walk_the_box.mp4,80,138.44,132.31,70.33,80.45
walk_the_box.mp4,90,133.29,133.87,70.57,78.5
walk_the_box.mp4,100,141.45,143.94,129.5,137.97
walk_the_box.mp4,110,141.62,138.58,139.9,140.54
walk_the_box.mp4,120,144.46,137.85,145.84,143.55
walk_the_box.mp4,130,144.47,135.31,145.91,141.73
walk_the_box.mp4,140,143.32,135.87,142.27,140.57
walk_the_box.mp4,150,141.09,138.28,139.13,140.27
walk_the_box.mp4,160,140.58,139.57,138.2,141.09
walk_the_box.mp4,170,138.53,139.3,139.47,140.15
walk_the_box.mp4,180,144.97,145.83,147.12,149.17
walk_the_box.mp4,190,142.13,138.27,143.77,142.4
walk_the_box.mp4,200,139.99,136.03,141.23,140.22
walk_the_box.mp4,210,145.03,140.26,142.54,140.42
walk_the_box.mp4,220,141.35,135.48,141.7,138.95
walk_the_box.mp4,230,141.32,134.59,141.54,137.76
walk_the_box.mp4,240,141.05,134.65,141.45,139.37
walk_the_box.mp4,250,142.81,136.57,143.46,140.24
walk_the_box.mp4,260,144.74,134.43,145.43,141.3
walk_the_box.mp4,270,142.74,131.06,142.04,138.01
walk_the_box.mp4,280,139.82,130.05,138.33,136.35
walk_the_box.mp4,290,139.58,130.0,139.06,136.04
walk_the_box.mp4,300,142.51,132.34,141.12,139.08
walk_the_box.mp4,310,141.7,130.31,140.86,139.67
walk_the_box.mp4,320,141.22,131.08,138.34,137.72
walk_the_box.mp4,330,142.85,130.83,140.47,138.24
walk_the_box.mp4,340,143.29,116.29,140.32,131.78
walk_the_box.mp4,350,144.4,127.22,139.93,135.07
walk_the_box.mp4,360,141.84,128.67,139.66,136.61
walk_the_box.mp4,370,146.5,130.01,145.07,139.29
walk_the_box.mp4,380,139.92,122.69,135.58,132.44
walk_the_box.mp4,390,147.47,136.03,142.1,140.39
walk_the_box.mp4,400,143.98,132.95,139.5,138.07
walk_the_box.mp4,410,145.85,122.11,140.8,132.8
walk_the_box.mp4,420,143.75,120.85,139.48,131.54
walk_the_box.mp4,430,147.46,130.91,145.37,138.99
walk_the_box.mp4,440,147.45,125.67,146.87,135.16
walk_the_box.mp4,450,143.23,126.78,143.38,136.16
walk_the_box.mp4,460,144.83,130.62,143.21,139.03
walk_the_box.mp4,470,143.93,129.33,140.9,136.02
walk_the_box.mp4,480,143.62,133.3,141.6,138.83
walk_the_box.mp4,490,144.49,131.64,141.86,137.86
walk_the_box.mp4,500,144.95,132.91,144.12,137.98
walk_the_box.mp4,510,141.63,129.34,138.7,133.99
walk_the_box.mp4,520,141.05,134.83,140.05,139.31
walk_the_box.mp4,530,141.32,130.44,137.46,135.96
walk_the_box.mp4,540,140.1,132.49,139.45,137.76
walk_the_box.mp4,550,143.39,135.67,142.67,139.05
walk_the_box.mp4,560,139.03,132.82,141.08,137.18
walk_the_box.mp4,570,134.66,122.94,138.82,131.55
walk_the_box.mp4,580,138.47,136.56,139.42,139.08
walk_the_box.mp4,590,139.98,137.08,141.4,139.76
walk_the_box.mp4,600,137.12,125.07,138.47,134.02
walk_the_box.mp4,610,139.97,129.31,140.89,136.14
walk_the_box.mp4,620,140.73,130.47,141.12,136.6
walk_the_box.mp4,630,139.61,128.16,142.45,135.33
walk_the_box.mp4,640,135.02,129.73,137.19,135.64
walk_the_box.mp4,650,136.56,131.97,139.25,137.17
walk_the_box.mp4,660,140.27,136.0,141.14,138.84
walk_the_box.mp4,670,139.64,133.88,141.71,138.9
walk_the_box.mp4,680,139.63,137.54,140.8,142.61
walk_the_box.mp4,690,138.41,134.52,140.63,139.57
walk_the_box.mp4,700,137.19,135.12,138.53,138.82
walk_the_box.mp4,710,137.38,134.92,138.76,138.18
walk_the_box.mp4,720,142.89,137.54,141.51,139.48
walk_the_box.mp4,730,137.3,134.56,139.72,139.0
walk_the_box.mp4,740,139.63,134.76,141.79,139.25
walk_the_box.mp4,750,137.03,133.1,136.64,137.49
walk_the_box.mp4,760,139.68,137.95,140.4,140.87
walk_the_box.mp4,770,137.23,131.78,137.88,136.73
walk_the_box.mp4,780,139.01,133.99,135.7,135.21
walk_the_box.mp4,790,140.76,136.32,140.18,138.28
walk_the_box.mp4,800,140.58,132.24,141.15,136.52
walk_the_box.mp4,810,143.36,133.65,142.41,138.0
walk_the_box.mp4,820,139.44,131.6,136.29,134.57
walk_the_box.mp4,830,142.41,137.22,141.95,140.64
walk_the_box.mp4,840,135.79,133.27,132.07,134.24
walk_the_box.mp4,850,139.43,135.07,132.85,134.31
walk_the_box.mp4,860,138.27,133.18,133.23,133.17
walk_the_box.mp4,870,139.41,133.72,138.41,137.59
walk_the_box.mp4,880,142.56,135.22,140.54,138.39
walk_the_box.mp4,890,139.29,134.9,135.38,136.22
walk_the_box.mp4,900,139.16,135.1,136.0,137.2
walk_the_box.mp4,910,136.25,133.49,133.83,134.44
walk_the_box.mp4,920,135.47,133.83,128.19,132.58
walk_the_box.mp4,930,140.0,138.7,137.03,140.69
walk_the_box.mp4,940,143.17,138.17,140.51,140.89
walk_the_box.mp4,950,142.75,137.84,142.61,141.01
walk_the_box.mp4,960,146.08,142.88,145.5,146.16
walk_the_box.mp4,970,139.92,137.8,137.04,138.92
walk_the_box.mp4,980,141.96,136.88,138.5,137.94
walk_the_box.mp4,990,144.06,139.88,143.21,143.54
walk_the_box.mp4,1000,141.99,137.68,140.21,139.31
walk_the_box.mp4,1010,144.12,137.97,144.34,142.07
walk_the_box.mp4,1020,142.11,140.02,141.81,142.89
walk_the_box.mp4,1030,141.63,134.98,139.01,138.95
walk_the_box.mp4,1040,142.57,135.3,138.43,138.36
walk_the_box.mp4,1050,144.17,141.01,143.83,143.98
walk_the_box.mp4,1060,143.05,139.88,143.14,142.4
walk_the_box.mp4,1070,144.24,137.17,147.22,143.36
walk_the_box.mp4,1080,143.41,136.15,143.08,140.98
walk_the_box.mp4,1090,141.56,135.52,138.9,138.86
walk_the_box.mp4,1100,141.65,138.65,137.29,138.87
walk_the_box.mp4,1110,131.61,141.28,131.47,141.42
walk_the_box.mp4,1120,140.57,139.58,137.37,141.54
walk_the_box.mp4,1130,139.14,139.79,134.1,138.68
walk_the_box.mp4,1140,141.33,138.23,133.63,135.05
walk_the_box.mp4,1150,138.41,132.11,130.04,131.72
walk_the_box.mp4,1160,143.73,139.17,138.22,139.15
walk_the_box.mp4,1170,141.4,135.86,138.07,138.57
walk_the_box.mp4,1180,140.55,131.88,134.64,134.68
walk_the_box.mp4,1190,136.79,116.52,126.75,123.15
walk_the_box.mp4,1200,135.77,92.66,127.32,116.61
walk_the_box.mp4,1210,136.25,93.0,129.32,118.64
walk_the_box.mp4,1220,136.93,119.92,132.0,128.11
walk_the_box.mp4,1230,141.13,136.38,138.4,139.35
walk_the_box.mp4,1240,140.46,136.55,133.11,137.47
walk_the_box.mp4,1250,133.29,111.28,117.69,117.14
walk_the_box.mp4,1260,136.3,102.41,130.78,123.82
walk_the_box.mp4,1270,137.28,95.2,134.52,121.52
walk_the_box.mp4,1280,138.28,109.52,130.47,124.96
walk_the_box.mp4,1290,139.84,126.45,134.4,135.7
walk_the_box.mp4,1300,137.23,114.43,129.02,126.99
walk_the_box.mp4,1310,139.7,129.48,134.35,135.71
walk_the_box.mp4,1320,141.19,117.22,135.54,129.91
walk_the_box.mp4,1330,137.34,87.2,130.53,119.51
walk_the_box.mp4,1340,140.01,103.27,131.07,125.81
walk_the_box.mp4,1350,142.74,128.69,134.55,133.67
walk_the_box.mp4,1360,139.7,115.05,126.75,124.31
walk_the_box.mp4,1370,140.38,120.01,134.38,130.09
walk_the_box.mp4,1380,140.1,130.7,134.46,136.1
walk_the_box.mp4,1390,143.14,119.86,133.6,131.28
walk_the_box.mp4,1400,141.31,126.91,135.31,135.3
walk_the_box.mp4,1410,142.63,124.52,135.07,132.42
walk_the_box.mp4,1420,146.67,134.22,140.67,138.69
walk_the_box.mp4,1430,141.6,128.36,139.0,134.53
walk_the_box.mp4,1440,139.52,125.2,137.77,133.19
walk_the_box.mp4,1450,139.71,117.38,131.57,126.1
walk_the_box.mp4,1460,141.22,107.57,133.02,124.14
walk_the_box.mp4,1470,137.75,109.54,127.58,123.76
walk_the_box.mp4,1480,140.07,132.53,135.28,134.52
walk_the_box.mp4,1490,140.45,137.58,138.67,139.88
walk_the_box.mp4,1500,137.06,128.66,132.79,130.65
walk_the_box.mp4,1510,140.37,139.39,136.95,139.72
walk_the_box.mp4,1520,136.34,123.4,129.03,130.19
walk_the_box.mp4,1530,134.77,121.11,130.02,127.59
walk_the_box.mp4,1540,137.54,134.2,132.21,134.26
walk_the_box.mp4,1550,141.58,138.13,140.24,139.44
walk_the_box.mp4,1560,140.85,135.53,140.01,138.37
walk_the_box.mp4,1570,139.91,132.95,136.22,134.04
walk_the_box.mp4,1580,137.11,134.27,129.3,132.67
walk_the_box.mp4,1590,137.45,125.82,134.41,130.01
walk_the_box.mp4,1600,138.44,131.45,136.14,135.02
walk_the_box.mp4,1610,139.7,137.8,137.16,137.89
walk_the_box.mp4,1620,140.64,137.94,138.93,138.45
walk_the_box.mp4,1630,138.4,135.17,136.72,136.82
walk_the_box.mp4,1640,138.06,132.18,135.15,134.51
walk_the_box.mp4,1650,142.01,135.35,139.4,137.1
walk_the_box.mp4,1660,143.98,135.36,141.17,138.35
walk_the_box.mp4,1670,141.39,132.71,138.42,134.17
walk_the_box.mp4,1680,137.03,122.98,128.75,127.2
walk_the_box.mp4,1690,138.22,135.34,135.22,137.04
walk_the_box.mp4,1700,139.04,134.61,137.58,137.34
walk_the_box.mp4,1710,142.45,133.65,138.58,135.77
walk_the_box.mp4,1720,143.35,134.46,139.73,136.84
walk_the_box.mp4,1730,145.63,132.53,142.56,136.06
walk_the_box.mp4,1740,139.9,129.07,134.43,131.36
walk_the_box.mp4,1750,140.66,137.38,137.57,138.2
walk_the_box.mp4,1760,138.41,134.86,133.89,133.67
walk_the_box.mp4,1770,140.31,137.47,137.1,136.32
walk_the_box.mp4,1780,137.05,135.58,132.37,132.59
walk_the_box.mp4,1790,139.35,133.83,136.72,133.93
walk_the_box.mp4,1800,139.58,136.38,137.87,136.59
walk_the_box.mp4,1810,139.53,138.82,135.75,136.19
walk_the_box.mp4,1820,140.15,137.1,138.44,136.09
walk_the_box.mp4,1830,141.19,137.66,135.71,136.13
walk_the_box.mp4,1840,137.82,132.04,130.65,128.46
walk_the_box.mp4,1850,142.18,135.83,136.87,134.78
walk_the_box.mp4,1860,142.01,136.65,134.7,133.33
walk_the_box.mp4,1870,140.4,133.78,131.63,131.07
walk_the_box.mp4,1880,140.58,136.54,132.4,134.45
walk_the_box.mp4,1890,135.88,137.14,124.99,133.24
walk_the_box.mp4,1900,142.9,142.31,134.38,136.66
walk_the_box.mp4,1910,140.37,137.65,136.11,137.09
walk_the_box.mp4,1920,140.97,140.37,137.85,139.66
walk_the_box.mp4,1930,142.21,139.39,135.03,136.07
walk_the_box.mp4,1940,140.15,135.37,131.25,131.33
walk_the_box.mp4,1950,141.86,138.39,131.93,134.11
walk_the_box.mp4,1960,141.8,141.81,132.3,137.56
walk_the_box.mp4,1970,140.13,140.24,135.84,138.55
walk_the_box.mp4,1980,142.81,140.45,140.21,139.85
walk_the_box.mp4,1990,142.24,140.08,136.93,138.65
walk_the_box.mp4,2000,145.35,136.6,135.75,134.8
walk_the_box.mp4,2010,145.72,138.11,135.57,134.97
walk_the_box.mp4,2020,143.04,137.06,132.93,134.07
walk_the_box.mp4,2030,144.84,139.63,141.47,141.65
walk_the_box.mp4,2040,145.39,140.23,141.06,142.03
walk_the_box.mp4,2050,137.92,136.09,123.18,125.19
walk_the_box.mp4,2060,143.64,139.4,133.48,133.68
walk_the_box.mp4,2070,141.88,138.44,134.85,133.61
walk_the_box.mp4,2080,140.36,133.74,128.1,129.53
walk_the_box.mp4,2090,141.08,139.08,131.53,135.33
walk_the_box.mp4,2100,144.16,136.62,138.19,137.18
walk_the_box.mp4,2110,141.42,138.65,135.38,137.38
walk_the_box.mp4,2120,137.89,135.32,128.88,129.24
walk_the_box.mp4,2130,143.64,135.02,135.32,132.63
walk_the_box.mp4,2140,138.97,131.52,131.58,128.97
walk_the_box.mp4,2150,137.4,133.64,122.12,124.65
walk_the_box.mp4,2160,137.61,139.14,120.87,127.0
walk_the_box.mp4,2170,137.75,136.45,119.32,124.34
walk_the_box.mp4,2180,131.98,132.08,113.96,120.58
walk_the_box.mp4,2190,136.62,125.95,116.87,119.63
walk_the_box.mp4,2200,133.21,107.41,116.17,111.65
walk_the_box.mp4,2210,138.63,113.47,126.63,120.14
walk_the_box.mp4,2220,137.06,128.2,120.78,121.96
walk_the_box.mp4,2230,134.82,115.42,126.31,122.77
walk_the_box.mp4,2240,130.95,99.38,113.61,109.41
walk_the_box.mp4,2250,135.18,95.27,112.68,109.08
walk_the_box.mp4,2260,140.47,106.83,130.99,122.28
walk_the_box.mp4,2270,139.55,104.55,131.11,122.77
walk_the_box.mp4,2280,140.68,111.04,125.62,120.95
walk_the_box.mp4,2290,139.97,117.75,125.36,121.74
walk_the_box.mp4,2300,138.58,117.31,122.83,121.35
walk_the_box.mp4,2310,140.23,129.02,132.56,134.79
walk_the_box.mp4,2320,141.43,133.02,133.24,135.33
walk_the_box.mp4,2330,143.2,130.35,132.65,132.4
walk_the_box.mp4,2340,140.49,113.65,127.69,123.66
walk_the_box.mp4,2350,142.55,121.16,133.29,128.83
walk_the_box.mp4,2360,146.73,136.34,139.84,137.45
walk_the_box.mp4,2370,141.81,118.42,136.78,128.1
walk_the_box.mp4,2380,142.9,120.62,131.6,125.35
walk_the_box.mp4,2390,140.73,104.37,124.7,118.31
walk_the_box.mp4,2400,138.27,92.67,125.6,114.75
walk_the_box.mp4,2410,138.18,101.92,125.94,117.11
walk_the_box.mp4,2420,139.64,126.21,132.76,128.4
walk_the_box.mp4,2430,136.77,119.29,132.2,124.7
walk_the_box.mp4,2440,139.75,132.62,136.14,133.9
walk_the_box.mp4,2450,140.48,123.86,135.48,129.42
walk_the_box.mp4,2460,136.69,122.82,131.11,129.66
walk_the_box.mp4,2470,137.48,124.97,132.06,130.06
walk_the_box.mp4,2480,139.6,138.09,138.1,138.53
walk_the_box.mp4,2490,140.87,133.1,140.56,138.02
walk_the_box.mp4,2500,141.97,134.07,139.08,135.21
walk_the_box.mp4,2510,139.55,137.88,135.87,137.49
walk_the_box.mp4,2520,141.11,138.09,138.0,137.63
walk_the_box.mp4,2530,140.19,136.5,135.68,134.56
walk_the_box.mp4,2540,140.78,138.55,136.36,137.79
walk_the_box.mp4,2550,139.22,136.1,138.82,136.74
walk_the_box.mp4,2560,135.55,129.51,134.1,130.96
walk_the_box.mp4,2570,137.62,135.35,135.75,135.98
walk_the_box.mp4,2580,138.28,134.51,135.9,134.43
walk_the_box.mp4,2590,139.12,134.25,139.1,135.85
walk_the_box.mp4,2600,137.95,135.08,138.41,136.56
walk_the_box.mp4,2610,136.07,133.75,136.37,134.65
walk_the_box.mp4,2620,134.16,126.29,130.14,128.89
walk_the_box.mp4,2630,140.42,134.95,137.37,137.39
walk_the_box.mp4,2640,142.06,137.85,139.03,137.42
walk_the_box.mp4,2650,142.38,133.11,139.0,135.88
walk_the_box.mp4,2660,139.55,131.88,136.85,134.16
walk_the_box.mp4,2670,139.79,134.57,135.59,136.22
walk_the_box.mp4,2680,140.32,133.22,138.47,137.41
walk_the_box.mp4,2690,139.93,136.36,136.78,136.93
walk_the_box.mp4,2700,140.3,137.1,136.45,137.26
walk_the_box.mp4,2710,140.97,138.57,138.37,137.31
walk_the_box.mp4,2720,138.79,134.17,133.83,131.67
walk_the_box.mp4,2730,138.99,138.05,135.46,135.17
walk_the_box.mp4,2740,137.46,136.02,134.42,135.15
walk_the_box.mp4,2750,138.43,137.72,134.84,135.14
walk_the_box.mp4,2760,138.95,137.79,133.01,132.04
walk_the_box.mp4,2770,140.91,140.36,133.34,135.06
walk_the_box.mp4,2780,139.32,137.06,134.74,134.09
walk_the_box.mp4,2790,142.23,137.4,134.56,133.76
walk_the_box.mp4,2800,140.95,138.52,134.83,135.09
walk_the_box.mp4,2810,140.77,136.46,132.61,133.25
walk_the_box.mp4,2820,139.61,135.91,129.59,131.26
walk_the_box.mp4,2830,140.94,137.09,133.07,131.47
walk_the_box.mp4,2840,140.33,137.35,132.35,133.27
walk_the_box.mp4,2850,139.36,137.52,129.95,131.81
walk_the_box.mp4,2860,143.17,141.08,127.91,133.09
walk_the_box.mp4,2870,142.95,139.91,136.56,139.05
walk_the_box.mp4,2880,141.55,141.31,136.81,137.8
walk_the_box.mp4,2890,143.26,140.42,138.14,138.02
walk_the_box.mp4,2900,139.03,133.46,131.09,128.79
walk_the_box.mp4,2910,138.64,132.04,129.07,126.78
walk_the_box.mp4,2920,141.28,140.55,135.41,135.57
walk_the_box.mp4,2930,143.88,141.2,141.66,138.73
walk_the_box.mp4,2940,143.87,141.81,140.31,139.1
walk_the_box.mp4,2950,144.69,141.29,141.2,139.51
walk_the_box.mp4,2960,140.5,137.25,132.26,130.66
walk_the_box.mp4,2970,140.15,136.37,132.57,132.25
walk_the_box.mp4,2980,141.37,140.2,135.0,136.77
walk_the_box.mp4,2990,143.16,142.79,139.84,140.79
walk_the_box.mp4,3000,143.77,141.12,140.25,140.18
walk_the_box.mp4,3010,143.22,140.55,139.72,139.05
walk_the_box.mp4,3020,144.24,130.68,137.19,131.56
walk_the_box.mp4,3030,143.44,127.26,135.04,128.88
walk_the_box.mp4,3040,142.38,139.18,136.21,136.22
walk_the_box.mp4,3050,144.7,139.78,138.73,137.7
walk_the_box.mp4,3060,140.44,131.81,135.99,132.25
walk_the_box.mp4,3070,142.19,131.16,134.19,130.78
walk_the_box.mp4,3080,142.45,117.96,134.33,126.27
walk_the_box.mp4,3090,142.27,114.29,136.8,125.95
walk_the_box.mp4,3100,140.58,106.25,132.33,118.19
walk_the_box.mp4,3110,141.26,129.81,134.9,132.33
walk_the_box.mp4,3120,136.65,114.86,129.04,124.44
walk_the_box.mp4,3130,130.39,82.14,114.92,105.5
walk_the_box.mp4,3140,131.82,97.57,112.19,107.89
walk_the_box.mp4,3150,134.23,102.42,121.38,117.3
walk_the_box.mp4,3160,136.85,106.61,128.5,121.82
walk_the_box.mp4,3170,141.08,120.77,134.3,126.23
walk_the_box.mp4,3180,138.96,121.74,130.55,128.05
walk_the_box.mp4,3190,139.91,120.51,129.97,128.96
walk_the_box.mp4,3200,140.97,123.43,131.34,130.81
walk_the_box.mp4,3210,139.74,104.66,133.51,125.78
walk_the_box.mp4,3220,138.68,88.44,133.46,119.56
walk_the_box.mp4,3230,141.57,101.39,133.95,122.39
walk_the_box.mp4,3240,139.98,114.74,126.71,123.8
walk_the_box.mp4,3250,140.29,119.39,128.89,128.63
walk_the_box.mp4,3260,142.33,130.95,133.03,134.12
walk_the_box.mp4,3270,137.72,116.1,123.59,123.99
walk_the_box.mp4,3280,141.35,122.59,127.16,129.13
walk_the_box.mp4,3290,143.33,123.2,134.01,132.09
walk_the_box.mp4,3300,141.83,117.93,131.04,129.05
walk_the_box.mp4,3310,144.99,134.62,138.75,138.7
walk_the_box.mp4,3320,144.3,135.09,140.57,138.42
walk_the_box.mp4,3330,142.15,123.63,136.33,130.46
walk_the_box.mp4,3340,138.63,105.87,126.68,120.91
walk_the_box.mp4,3350,136.41,87.54,126.84,115.19
walk_the_box.mp4,3360,139.1,105.13,131.69,123.11
walk_the_box.mp4,3370,141.43,126.49,137.24,132.26
walk_the_box.mp4,3380,143.78,134.2,143.2,137.06
walk_the_box.mp4,3390,143.94,135.2,139.42,134.51
walk_the_box.mp4,3400,141.4,132.59,138.46,133.6
walk_the_box.mp4,3410,139.48,101.62,132.48,119.67
walk_the_box.mp4,3420,139.89,116.62,135.17,126.63
walk_the_box.mp4,3430,137.58,133.85,134.78,134.38
walk_the_box.mp4,3440,144.48,139.86,139.02,138.63
walk_the_box.mp4,3450,141.45,130.03,139.23,132.68
walk_the_box.mp4,3460,139.88,130.13,137.79,133.94
walk_the_box.mp4,3470,142.22,139.28,136.87,136.79
walk_the_box.mp4,3480,141.83,130.39,135.4,131.69
walk_the_box.mp4,3490,141.96,136.39,136.91,136.44
walk_the_box.mp4,3500,137.95,132.94,135.63,133.23
walk_the_box.mp4,3510,141.35,131.86,139.47,135.55
walk_the_box.mp4,3520,138.05,119.79,139.03,130.09
walk_the_box.mp4,3530,141.46,135.98,138.89,136.75
walk_the_box.mp4,3540,143.72,127.65,137.82,129.68
walk_the_box.mp4,3550,142.95,126.17,135.96,127.87
walk_the_box.mp4,3560,141.21,132.13,135.25,133.73
walk_the_box.mp4,3570,141.3,137.32,134.82,134.26
walk_the_box.mp4,3580,142.29,135.83,137.1,135.45
walk_the_box.mp4,3590,148.46,138.88,137.65,136.04
walk_the_box.mp4,3600,142.25,133.37,138.6,135.11
walk_the_box.mp4,3610,145.29,131.1,134.57,129.87
walk_the_box.mp4,3620,143.15,137.2,135.19,135.34
walk_the_box.mp4,3630,142.14,137.27,134.18,137.1
walk_the_box.mp4,3640,143.3,140.93,139.93,139.33
walk_the_box.mp4,3650,141.55,139.9,135.77,137.88
walk_the_box.mp4,3660,142.57,139.26,130.4,134.84
walk_the_box.mp4,3670,141.72,136.63,134.7,131.93
walk_the_box.mp4,3680,137.34,136.06,122.02,129.11
walk_the_box.mp4,3690,142.13,138.44,130.58,133.83
walk_the_box.mp4,3700,145.97,139.63,134.57,136.16
walk_the_box.mp4,3710,143.42,139.45,134.23,134.42
walk_the_box.mp4,3720,142.76,140.6,130.73,133.06
walk_the_box.mp4,3730,143.34,139.17,133.44,132.75
walk_the_box.mp4,3740,144.04,137.12,134.77,134.17
walk_the_box.mp4,3750,144.52,138.94,135.38,136.03
walk_the_box.mp4,3760,143.98,136.9,131.31,133.29
walk_the_box.mp4,3770,142.14,139.03,124.84,131.72
walk_the_box.mp4,3780,140.62,138.95,122.21,131.95
walk_the_box.mp4,3790,144.2,140.25,134.82,136.42
walk_the_box.mp4,3800,144.65,142.46,141.04,140.12
walk_the_box.mp4,3810,144.81,139.53,139.52,137.42
walk_the_box.mp4,3820,143.87,132.5,136.06,132.16
walk_the_box.mp4,3830,141.16,134.6,131.69,129.69
walk_the_box.mp4,3840,140.8,141.36,130.71,133.49
walk_the_box.mp4,3850,141.53,134.96,136.43,135.02
walk_the_box.mp4,3860,143.64,142.22,140.66,138.34
walk_the_box.mp4,3870,144.94,138.04,133.79,133.25
walk_the_box.mp4,3880,144.51,132.78,134.48,130.89
walk_the_box.mp4,3890,144.77,136.65,137.02,133.88
walk_the_box.mp4,3900,142.46,138.87,133.49,133.92
walk_the_box.mp4,3910,146.08,141.27,142.59,139.03
walk_the_box.mp4,3920,144.18,142.05,140.84,139.38
walk_the_box.mp4,3930,142.64,134.74,130.42,131.33
walk_the_box.mp4,3940,144.68,131.16,132.07,127.39
walk_the_box.mp4,3950,141.78,131.59,133.34,130.24
walk_the_box.mp4,3960,143.16,138.1,134.41,136.1
walk_the_box.mp4,3970,142.53,128.03,129.09,128.61
walk_the_box.mp4,3980,141.22,129.22,130.43,130.21
walk_the_box.mp4,3990,130.69,106.19,108.06,104.16
walk_the_box.mp4,4000,134.94,114.01,119.54,116.1
walk_the_box.mp4,4010,136.6,108.46,121.91,117.35
walk_the_box.mp4,4020,140.69,118.43,126.64,124.37
walk_the_box.mp4,4030,143.46,132.6,129.59,126.54
walk_the_box.mp4,4040,136.85,124.75,122.59,121.29
walk_the_box.mp4,4050,134.82,129.55,112.82,117.48
walk_the_box.mp4,4060,133.62,126.49,113.15,114.26
walk_the_box.mp4,4070,142.34,124.61,130.49,125.76
walk_the_box.mp4,4080,140.82,120.87,126.85,122.46
walk_the_box.mp4,4090,142.28,130.81,130.14,127.46
walk_the_box.mp4,4100,141.66,131.16,130.82,130.54
walk_the_box.mp4,4110,139.21,131.03,128.99,129.78
walk_the_box.mp4,4120,138.11,123.48,122.62,122.89
walk_the_box.mp4,4130,139.83,116.56,123.21,121.69
walk_the_box.mp4,4140,139.04,106.18,123.46,116.57
walk_the_box.mp4,4150,140.52,100.66,125.62,117.16
walk_the_box.mp4,4160,142.65,124.66,132.33,129.48
walk_the_box.mp4,4170,138.84,112.55,125.5,121.65
walk_the_box.mp4,4180,138.52,116.12,124.62,123.55
walk_the_box.mp4,4190,136.8,117.14,126.36,126.24
walk_the_box.mp4,4200,139.31,119.47,126.71,127.53
walk_the_box.mp4,4210,142.13,115.52,130.09,127.25
walk_the_box.mp4,4220,143.74,121.89,131.95,129.1
walk_the_box.mp4,4230,144.53,122.38,131.42,131.49
walk_the_box.mp4,4240,143.49,120.78,131.53,128.88
walk_the_box.mp4,4250,143.5,121.65,132.24,129.39
walk_the_box.mp4,4260,146.61,137.33,139.13,137.6
walk_the_box.mp4,4270,140.5,120.95,135.02,128.16
walk_the_box.mp4,4280,142.47,131.71,137.34,135.91
walk_the_box.mp4,4290,138.41,102.79,126.18,119.02
walk_the_box.mp4,4300,137.61,73.13,122.14,107.77
walk_the_box.mp4,4310,140.56,107.73,132.18,124.64
walk_the_box.mp4,4320,143.06,138.29,140.05,138.25
walk_the_box.mp4,4330,139.38,126.6,136.55,130.64
walk_the_box.mp4,4340,142.54,137.43,140.14,138.42
walk_the_box.mp4,4350,143.08,128.89,135.33,132.05
walk_the_box.mp4,4360,141.47,115.99,129.11,123.48
walk_the_box.mp4,4370,141.14,118.73,130.0,124.97
walk_the_box.mp4,4380,142.47,134.45,130.2,132.32
walk_the_box.mp4,4390,139.6,127.27,134.0,132.05
walk_the_box.mp4,4400,142.2,136.6,136.48,133.81
walk_the_box.mp4,4410,136.9,130.95,127.57,128.93
walk_the_box.mp4,4420,134.01,116.19,125.77,120.38
walk_the_box.mp4,4430,138.69,130.33,134.59,130.66
walk_the_box.mp4,4440,140.01,136.87,134.7,132.74
walk_the_box.mp4,4450,139.96,137.57,135.51,135.02
walk_the_box.mp4,4460,144.38,133.39,136.09,132.57
walk_the_box.mp4,4470,141.95,134.72,136.71,134.24
walk_the_box.mp4,4480,142.46,134.53,137.4,134.37
walk_the_box.mp4,4490,143.97,129.97,139.12,131.86
walk_the_box.mp4,4500,141.54,136.26,137.93,134.52
walk_the_box.mp4,4510,140.25,134.9,134.68,135.24
walk_the_box.mp4,4520,141.09,132.67,135.79,134.08
walk_the_box.mp4,4530,142.65,135.13,138.9,136.9
walk_the_box.mp4,4540,139.7,137.85,135.65,136.96
walk_the_box.mp4,4550,143.08,139.15,136.21,136.74
walk_the_box.mp4,4560,141.89,139.1,135.29,135.09
walk_the_box.mp4,4570,144.12,139.5,132.84,134.45
walk_the_box.mp4,4580,144.57,140.95,136.01,138.1
walk_the_box.mp4,4590,140.34,136.64,132.24,133.06
walk_the_box.mp4,4600,139.97,138.69,129.77,132.07
walk_the_box.mp4,4610,137.62,137.93,129.45,130.73
walk_the_box.mp4,4620,141.02,136.24,131.87,131.05
walk_the_box.mp4,4630,141.75,137.11,133.72,131.98
walk_the_box.mp4,4640,143.11,136.43,131.61,131.6
walk_the_box.mp4,4650,139.31,136.34,133.26,132.7
walk_the_box.mp4,4660,146.4,138.51,134.98,136.21
walk_the_box.mp4,4670,143.41,139.33,134.5,134.61
walk_the_box.mp4,4680,142.26,137.95,133.6,132.11
walk_the_box.mp4,4690,141.84,137.95,133.47,133.02
walk_the_box.mp4,4700,145.17,140.45,133.97,135.05
walk_the_box.mp4,4710,143.33,140.15,127.66,132.06
walk_the_box.mp4,4720,139.11,138.93,122.27,130.59
walk_the_box.mp4,4730,140.44,138.9,129.42,131.5
walk_the_box.mp4,4740,142.27,139.93,134.24,135.61
walk_the_box.mp4,4750,140.39,138.13,126.33,129.76
walk_the_box.mp4,4760,139.76,135.57,127.88,128.47
walk_the_box.mp4,4770,144.24,137.17,124.9,127.73
walk_the_box.mp4,4780,143.26,141.65,127.28,132.71
walk_the_box.mp4,4790,144.0,142.19,130.93,134.03
walk_the_box.mp4,4800,138.19,137.54,122.76,123.36
walk_the_box.mp4,4810,140.3,140.7,129.22,132.08
walk_the_box.mp4,4820,140.55,135.17,128.17,129.26
walk_the_box.mp4,4830,142.25,136.9,128.7,129.44
walk_the_box.mp4,4840,142.22,134.7,126.82,129.23
walk_the_box.mp4,4850,132.89,140.2,118.74,132.95
walk_the_box.mp4,4860,141.6,139.38,130.95,131.13
walk_the_box.mp4,4870,141.73,138.27,128.34,131.08
walk_the_box.mp4,4880,142.35,139.12,133.53,135.77
walk_the_box.mp4,4890,142.25,129.21,127.94,127.05
walk_the_box.mp4,4900,141.15,131.57,124.23,127.54
walk_the_box.mp4,4910,143.34,136.49,128.41,132.34
walk_the_box.mp4,4920,146.13,138.98,129.95,134.38
walk_the_box.mp4,4930,144.09,136.05,131.18,132.64
walk_the_box.mp4,4940,133.97,108.32,116.96,113.44
walk_the_box.mp4,4950,139.24,104.21,130.4,120.66
walk_the_box.mp4,4960,137.79,105.46,128.54,122.21
walk_the_box.mp4,4970,140.58,125.96,127.34,125.53
walk_the_box.mp4,4980,133.82,118.7,122.64,120.78
walk_the_box.mp4,4990,137.36,114.96,126.67,120.91
walk_the_box.mp4,5000,136.03,123.84,116.81,120.03
walk_the_box.mp4,5010,137.75,109.64,122.54,116.68
walk_the_box.mp4,5020,138.94,113.4,124.83,118.76
walk_the_box.mp4,5030,137.33,112.58,122.61,117.03
walk_the_box.mp4,5040,138.35,123.05,126.3,125.11
walk_the_box.mp4,5050,133.24,98.23,113.82,109.95
walk_the_box.mp4,5060,138.65,115.21,128.42,123.32
walk_the_box.mp4,5070,136.13,89.13,121.82,111.49
walk_the_box.mp4,5080,138.11,100.5,130.23,121.97
walk_the_box.mp4,5090,134.36,84.05,121.54,110.02
walk_the_box.mp4,5100,136.21,101.7,126.64,118.89
walk_the_box.mp4,5110,140.27,93.52,128.46,118.66
walk_the_box.mp4,5120,140.05,80.11,127.08,115.04
walk_the_box.mp4,5130,139.18,112.87,131.26,123.74
walk_the_box.mp4,5140,139.09,114.21,135.71,128.82
walk_the_box.mp4,5150,142.63,113.66,138.45,128.43
walk_the_box.mp4,5160,136.37,108.89,134.1,125.44
walk_the_box.mp4,5170,139.14,80.58,129.37,112.24
walk_the_box.mp4,5180,141.36,78.6,130.6,111.09
walk_the_box.mp4,5190,139.08,94.92,131.71,118.82
walk_the_box.mp4,5200,143.57,130.7,138.67,134.73
walk_the_box.mp4,5210,146.31,140.92,133.0,132.52
walk_the_box.mp4,5220,139.52,127.59,81.5,88.83
walk_the_box.mp4,5230,108.44,117.04,31.02,59.98
walk_the_box.mp4,5240,68.13,107.54,48.58,28.38
walk_the_box.mp4,5250,81.24,112.37,29.23,28.76
walk_the_box.mp4,5260,83.8,111.4,25.43,24.3
walk_the_box.mp4,5270,84.78,118.02,32.78,20.84
walk_the_box.mp4,5280,83.87,119.6,30.55,23.9
walk_the_box.mp4,5290,82.5,107.52,27.57,22.42
walk_the_box.mp4,5300,82.87,105.73,24.95,21.17
walk_the_box.mp4,5310,82.85,114.56,29.73,23.37
walk_the_box.mp4,5320,84.86,116.74,26.86,24.74
walk_the_box.mp4,5330,82.5,113.77,31.02,22.46
walk_the_box.mp4,5340,82.34,118.44,29.65,25.63
walk_the_box.mp4,5350,81.02,118.76,31.61,26.08
walk_the_box.mp4,5360,81.59,114.35,27.45,24.88
walk_the_box.mp4,5370,82.26,116.54,32.46,23.48
warmup_1.mp4,10,85.27,117.78,29.74,24.56
warmup_1.mp4,20,87.97,118.26,27.27,23.56
warmup_1.mp4,30,87.17,117.46,27.46,23.83
warmup_1.mp4,40,87.29,119.47,27.28,25.17
warmup_1.mp4,50,85.91,118.45,27.08,25.4
warmup_1.mp4,60,85.96,121.09,30.59,25.79
warmup_1.mp4,70,86.03,120.64,28.53,26.11
warmup_1.mp4,80,86.23,117.48,28.41,21.99
warmup_1.mp4,90,81.91,112.7,25.19,22.42
warmup_1.mp4,100,78.74,111.14,17.99,23.5
warmup_1.mp4,110,74.45,113.84,13.88,40.13
warmup_1.mp4,120,71.28,143.9,20.11,79.76
warmup_1.mp4,130,84.08,160.5,39.46,98.23
warmup_1.mp4,140,178.4,148.97,14.59,81.6
warmup_1.mp4,150,163.49,160.13,22.26,90.71
warmup_1.mp4,160,136.96,149.97,25.0,112.49
warmup_1.mp4,170,77.28,171.86,35.14,128.16
warmup_1.mp4,180,77.71,163.18,52.4,133.3
warmup_1.mp4,190,87.18,166.94,62.81,135.81
warmup_1.mp4,200,94.91,164.3,70.7,145.01
warmup_1.mp4,210,84.59,159.25,64.07,135.88
warmup_1.mp4,220,71.19,172.07,58.33,147.0
warmup_1.mp4,230,67.41,162.15,49.09,136.72
warmup_1.mp4,240,75.51,173.15,58.19,153.06
warmup_1.mp4,250,83.34,165.04,67.61,149.1
warmup_1.mp4,260,75.7,157.42,55.38,124.8
warmup_1.mp4,270,86.51,153.45,48.85,123.58
warmup_1.mp4,280,87.23,158.85,46.78,118.43
warmup_1.mp4,290,86.95,160.54,36.87,115.73
warmup_1.mp4,300,85.03,161.65,34.79,116.67
warmup_1.mp4,310,84.94,160.98,44.52,115.39
warmup_1.mp4,320,89.52,160.2,45.16,111.87
warmup_1.mp4,330,72.17,165.97,47.93,129.68
warmup_1.mp4,340,72.59,160.29,51.85,137.79
warmup_1.mp4,350,75.15,134.21,57.54,109.42
warmup_1.mp4,360,91.13,160.69,75.88,139.06
warmup_1.mp4,370,72.49,170.2,60.37,153.62
warmup_1.mp4,380,70.66,167.82,51.15,144.72
warmup_1.mp4,390,70.43,172.49,55.23,140.25
warmup_1.mp4,400,82.84,155.1,59.39,131.37
warmup_1.mp4,410,83.6,168.55,61.91,139.85
warmup_1.mp4,420,86.89,168.01,64.56,133.8
warmup_1.mp4,430,92.27,139.19,65.07,106.45
warmup_1.mp4,440,87.49,152.23,59.36,116.0
warmup_1.mp4,450,109.34,164.42,66.22,99.99
warmup_1.mp4,460,89.12,136.96,39.65,73.89
warmup_1.mp4,470,83.22,128.2,20.98,47.09
warmup_1.mp4,480,82.08,115.64,29.96,19.74
warmup_1.mp4,490,86.48,118.66,24.1,25.22
warmup_1.mp4,500,86.73,117.86,20.87,27.09
warmup_1.mp4,510,87.01,119.24,23.28,25.28
warmup_1.mp4,520,87.61,114.08,20.1,23.85
warmup_1.mp4,530,88.59,115.85,17.75,23.7
warmup_1.mp4,540,79.96,110.75,16.33,23.7
warmup_1.mp4,550,73.57,115.89,19.4,46.87
warmup_1.mp4,560,72.64,151.25,27.22,84.25
warmup_1.mp4,570,112.06,165.9,30.44,96.05
warmup_1.mp4,580,69.74,143.85,47.43,86.99
warmup_1.mp4,590,82.23,164.5,60.43,117.03
warmup_1.mp4,600,93.63,165.38,72.42,130.63
warmup_1.mp4,610,93.62,166.59,70.03,143.75
warmup_1.mp4,620,89.18,160.67,66.84,141.93
warmup_1.mp4,630,81.98,154.34,64.66,125.85
warmup_1.mp4,640,68.73,169.16,53.62,154.01
warmup_1.mp4,650,71.65,171.2,47.25,141.77
warmup_1.mp4,660,78.56,171.72,62.32,153.16
warmup_1.mp4,670,86.79,166.81,70.41,152.67
warmup_1.mp4,680,83.4,160.02,62.35,138.4
warmup_1.mp4,690,78.5,149.57,56.43,121.72
warmup_1.mp4,700,81.24,167.66,51.16,125.72
warmup_1.mp4,710,82.78,163.51,48.03,114.13
warmup_1.mp4,720,88.66,163.57,47.69,112.97
warmup_1.mp4,730,87.1,164.12,42.95,117.66
warmup_1.mp4,740,93.66,161.24,41.34,111.2
warmup_1.mp4,750,86.19,164.94,45.09,107.77
warmup_1.mp4,760,84.18,168.8,52.85,129.14
warmup_1.mp4,770,77.25,167.42,54.27,138.66
warmup_1.mp4,780,77.57,159.37,58.32,152.58
warmup_1.mp4,790,79.84,117.5,58.36,83.92
warmup_1.mp4,800,85.31,158.12,72.44,132.83
warmup_1.mp4,810,78.56,159.36,65.45,146.31
warmup_1.mp4,820,73.03,165.58,52.57,135.88
warmup_1.mp4,830,78.27,156.11,49.3,121.84
warmup_1.mp4,840,77.5,147.07,54.44,119.28
warmup_1.mp4,850,84.32,161.35,60.0,126.15
warmup_1.mp4,860,85.43,163.96,64.84,139.33
warmup_1.mp4,870,92.33,143.79,69.01,113.7
warmup_1.mp4,880,95.33,158.04,72.76,118.19
warmup_1.mp4,890,88.26,131.51,61.47,69.75
warmup_1.mp4,900,105.27,163.67,56.1,98.84
warmup_1.mp4,910,88.21,129.17,33.78,59.91
warmup_1.mp4,920,85.22,126.82,22.46,45.78
warmup_1.mp4,930,86.83,111.53,21.27,19.42
warmup_1.mp4,940,84.07,110.34,26.74,15.82
warmup_1.mp4,950,84.82,113.92,29.14,19.49
warmup_1.mp4,960,86.46,112.72,25.95,19.64
warmup_1.mp4,970,87.86,115.67,20.86,23.03
warmup_1.mp4,980,88.77,113.94,18.06,23.28
warmup_1.mp4,990,87.1,116.22,21.98,21.3
warmup_1.mp4,1000,75.85,106.88,13.62,30.41
warmup_1.mp4,1010,78.71,126.19,25.51,62.74
warmup_1.mp4,1020,89.17,156.37,41.55,97.32
warmup_1.mp4,1030,122.91,149.14,89.94,116.28
warmup_1.mp4,1040,78.67,159.95,51.23,99.91
warmup_1.mp4,1050,82.57,167.79,57.45,121.61
warmup_1.mp4,1060,89.43,153.53,69.3,107.2
warmup_1.mp4,1070,86.95,159.83,64.88,135.25
warmup_1.mp4,1080,86.89,153.48,63.79,130.17
warmup_1.mp4,1090,79.07,146.31,60.94,119.44
warmup_1.mp4,1100,67.33,166.98,54.14,144.19
warmup_1.mp4,1110,77.95,166.59,47.51,138.21
warmup_1.mp4,1120,83.86,168.0,72.97,142.89
warmup_1.mp4,1130,87.74,168.72,70.06,142.9
warmup_1.mp4,1140,79.97,140.71,58.38,110.61
warmup_1.mp4,1150,76.4,163.33,48.5,126.16
warmup_1.mp4,1160,81.01,166.18,54.2,120.18
warmup_1.mp4,1170,90.22,163.75,50.25,110.35
warmup_1.mp4,1180,89.14,165.38,49.23,111.92
warmup_1.mp4,1190,90.37,165.38,47.68,110.7
warmup_1.mp4,1200,86.84,166.56,45.44,117.78
warmup_1.mp4,1210,73.96,160.55,54.55,129.89
warmup_1.mp4,1220,82.76,161.34,62.96,146.12
warmup_1.mp4,1230,80.46,168.85,63.54,147.01
warmup_1.mp4,1240,86.44,165.3,71.69,146.42
warmup_1.mp4,1250,70.19,166.74,50.77,137.71
warmup_1.mp4,1260,66.31,167.68,55.03,137.42
warmup_1.mp4,1270,70.02,175.7,49.77,147.49
warmup_1.mp4,1280,73.46,149.31,58.13,126.57
warmup_1.mp4,1290,87.72,155.94,67.39,131.79
warmup_1.mp4,1300,85.05,164.25,63.43,136.93
warmup_1.mp4,1310,98.01,150.28,76.88,127.23
warmup_1.mp4,1320,90.62,144.34,64.78,110.28
warmup_1.mp4,1330,85.41,160.58,61.7,119.51
warmup_1.mp4,1340,127.96,165.44,42.97,64.29
warmup_1.mp4,1350,78.81,142.13,33.66,84.25
warmup_1.mp4,1360,84.58,126.27,24.61,51.67
warmup_1.mp4,1370,80.74,112.73,18.73,31.99
warmup_1.mp4,1380,88.28,111.38,20.99,19.42
warmup_1.mp4,1390,85.99,113.67,20.96,19.28
warmup_1.mp4,1400,89.01,113.41,21.12,19.15
warmup_1.mp4,1410,87.69,113.25,21.83,19.36
warmup_1.mp4,1420,87.7,113.71,18.32,21.81
warmup_1.mp4,1430,90.21,116.4,18.61,21.26
warmup_1.mp4,1440,87.36,112.5,14.39,25.96
warmup_1.mp4,1450,86.05,123.31,27.68,52.57
warmup_1.mp4,1460,76.9,159.57,27.92,89.14
warmup_1.mp4,1470,94.55,153.86,52.04,85.96
warmup_1.mp4,1480,75.22,145.36,48.21,48.3
warmup_1.mp4,1490,94.61,168.35,71.19,126.16
warmup_1.mp4,1500,93.41,160.04,70.34,136.14
warmup_1.mp4,1510,93.17,165.19,71.18,143.92
warmup_1.mp4,1520,91.71,163.91,74.89,154.72
warmup_1.mp4,1530,75.88,165.5,59.35,146.49
warmup_1.mp4,1540,70.01,172.51,55.51,148.55
warmup_1.mp4,1550,75.09,169.54,48.19,141.04
warmup_1.mp4,1560,78.63,171.12,63.06,151.54
warmup_1.mp4,1570,82.43,165.78,68.12,142.92
warmup_1.mp4,1580,88.21,165.94,70.17,142.55
warmup_1.mp4,1590,79.37,160.76,55.39,128.51
warmup_1.mp4,1600,79.54,165.67,55.23,127.74
warmup_1.mp4,1610,88.73,161.22,56.39,113.75
warmup_1.mp4,1620,83.11,156.11,47.38,113.48
warmup_1.mp4,1630,85.81,154.84,45.52,114.57
warmup_1.mp4,1640,87.73,156.19,41.59,115.49
warmup_1.mp4,1650,82.69,161.95,40.0,122.39
warmup_1.mp4,1660,79.19,169.97,49.36,125.34
warmup_1.mp4,1670,81.57,165.75,59.21,129.06
warmup_1.mp4,1680,82.34,156.58,62.49,140.56
warmup_1.mp4,1690,85.36,156.15,66.25,134.64
warmup_1.mp4,1700,87.05,154.46,71.86,130.41
warmup_1.mp4,1710,78.32,169.76,66.31,154.62
warmup_1.mp4,1720,67.09,166.36,53.97,142.21
warmup_1.mp4,1730,67.35,171.08,58.14,143.56
warmup_1.mp4,1740,72.33,159.43,57.11,143.94
warmup_1.mp4,1750,83.18,163.06,61.71,126.48
warmup_1.mp4,1760,94.49,167.53,75.66,144.43
warmup_1.mp4,1770,94.19,171.9,73.49,140.23
warmup_1.mp4,1780,99.16,157.47,75.11,116.16
warmup_1.mp4,1790,141.47,158.93,79.82,147.9
warmup_1.mp4,1800,83.49,147.81,37.63,87.18
warmup_1.mp4,1810,84.06,124.6,31.3,58.31
warmup_1.mp4,1820,81.33,122.05,17.99,39.39
warmup_1.mp4,1830,85.9,118.75,21.8,21.42
warmup_1.mp4,1840,84.3,116.9,25.68,19.08
warmup_1.mp4,1850,85.99,117.42,25.6,20.62
warmup_1.mp4,1860,85.92,117.58,26.78,20.38
warmup_1.mp4,1870,84.55,117.42,26.23,19.57
warmup_1.mp4,1880,87.48,118.43,24.51,20.39
warmup_1.mp4,1890,84.94,123.93,18.2,30.18
warmup_1.mp4,1900,78.86,118.23,26.23,55.05
warmup_1.mp4,1910,74.7,158.68,30.0,89.67
warmup_1.mp4,1920,91.33,141.57,65.71,94.99
warmup_1.mp4,1930,81.47,138.26,50.49,85.93
warmup_1.mp4,1940,84.84,161.26,62.87,114.73
warmup_1.mp4,1950,90.48,157.93,69.3,105.92
warmup_1.mp4,1960,90.45,153.73,70.85,137.14
warmup_1.mp4,1970,82.67,152.88,65.11,129.4
warmup_1.mp4,1980,75.74,160.46,59.68,152.02
warmup_1.mp4,1990,69.23,166.45,52.68,143.59
warmup_1.mp4,2000,75.0,165.42,46.51,138.81
warmup_1.mp4,2010,76.2,173.5,57.36,147.73
warmup_1.mp4,2020,88.77,171.96,66.86,151.93
warmup_1.mp4,2030,79.48,161.34,60.0,131.66
warmup_1.mp4,2040,76.66,147.62,54.41,116.93
warmup_1.mp4,2050,79.63,160.94,49.39,119.34
warmup_1.mp4,2060,91.02,162.91,52.1,112.41
warmup_1.mp4,2070,86.37,164.3,47.95,114.56
warmup_1.mp4,2080,84.68,167.39,50.09,120.72
warmup_1.mp4,2090,75.77,157.9,51.08,128.39
warmup_1.mp4,2100,87.12,162.37,62.09,132.22
warmup_1.mp4,2110,83.01,167.05,64.15,149.44
warmup_1.mp4,2120,79.77,170.82,59.48,153.98
warmup_1.mp4,2130,66.7,164.25,48.15,137.76
warmup_1.mp4,2140,69.95,168.13,51.81,140.11
warmup_1.mp4,2150,71.33,169.27,56.59,149.73
warmup_1.mp4,2160,78.01,159.86,60.18,145.37
warmup_1.mp4,2170,85.65,155.61,70.95,137.52
warmup_1.mp4,2180,89.53,159.83,74.18,138.68
warmup_1.mp4,2190,85.91,153.77,68.28,112.86
warmup_1.mp4,2200,80.16,173.36,59.69,131.43
warmup_1.mp4,2210,101.85,154.45,76.47,122.2
warmup_1.mp4,2220,103.16,150.36,67.3,81.16
warmup_1.mp4,2230,91.14,152.39,47.12,90.82
warmup_1.mp4,2240,86.95,132.1,32.18,57.45
warmup_1.mp4,2250,81.93,119.16,21.99,40.34
warmup_1.mp4,2260,86.02,109.95,22.39,19.66
warmup_1.mp4,2270,83.75,107.61,25.56,17.21
warmup_1.mp4,2280,83.39,111.03,24.76,22.72
warmup_1.mp4,2290,84.4,111.05,25.59,22.32
warmup_1.mp4,2300,83.8,112.56,26.33,23.43
warmup_1.mp4,2310,87.91,115.6,24.08,23.09
warmup_1.mp4,2320,86.25,113.62,24.04,21.61
warmup_1.mp4,2330,87.03,113.54,23.96,20.36
warmup_1.mp4,2340,87.02,113.22,22.24,21.98
warmup_10.mp4,10,132.42,164.42,28.42,29.17
warmup_10.mp4,20,132.07,165.22,32.6,34.93
warmup_10.mp4,30,131.35,161.81,30.02,29.6
warmup_10.mp4,40,134.54,165.27,30.03,32.22
warmup_10.mp4,50,133.1,168.25,24.12,27.95
warmup_10.mp4,60,132.09,167.48,29.78,29.76
warmup_10.mp4,70,133.94,170.01,26.59,27.88
warmup_10.mp4,80,130.77,162.05,23.22,30.54
warmup_10.mp4,90,141.39,146.98,51.6,81.18
warmup_10.mp4,100,142.04,150.96,80.45,88.1
warmup_10.mp4,110,137.18,140.5,93.17,87.73
warmup_10.mp4,120,135.2,132.93,99.6,101.4
warmup_10.mp4,130,133.35,128.12,106.9,98.88
warmup_10.mp4,140,125.76,127.68,100.45,94.34
warmup_10.mp4,150,141.02,135.31,88.43,88.32
warmup_10.mp4,160,136.65,130.56,104.31,99.51
warmup_10.mp4,170,169.88,164.45,95.68,95.36
warmup_10.mp4,180,165.91,154.53,87.61,84.82
warmup_10.mp4,190,136.73,166.61,75.08,80.49
warmup_10.mp4,200,168.26,158.03,88.24,92.33
warmup_10.mp4,210,171.35,159.59,91.02,95.95
warmup_10.mp4,220,163.02,162.2,81.18,83.56
warmup_10.mp4,230,173.18,162.56,92.98,99.0
warmup_10.mp4,240,150.7,151.18,97.69,112.9
warmup_10.mp4,250,143.54,143.2,103.2,101.82
warmup_10.mp4,260,140.0,142.59,98.85,99.97
warmup_10.mp4,270,135.47,132.03,98.11,100.63
warmup_10.mp4,280,135.71,136.2,97.0,94.68
warmup_10.mp4,290,139.11,130.0,99.86,99.9
warmup_10.mp4,300,136.86,131.06,104.8,100.2
warmup_10.mp4,310,124.41,146.02,81.18,100.67
warmup_10.mp4,320,168.18,165.21,90.0,90.23
warmup_10.mp4,330,163.95,169.09,80.84,85.25
warmup_10.mp4,340,170.61,154.49,88.82,87.32
warmup_10.mp4,350,167.29,156.36,92.63,94.15
warmup_10.mp4,360,168.29,164.94,83.38,88.36
warmup_10.mp4,370,165.78,163.06,86.56,93.06
warmup_10.mp4,380,95.48,145.75,89.32,106.51
warmup_10.mp4,390,143.08,143.79,105.75,106.69
warmup_10.mp4,400,134.65,132.97,104.4,103.95
warmup_10.mp4,410,135.6,137.74,95.05,99.06
warmup_10.mp4,420,129.99,128.81,102.3,97.07
warmup_10.mp4,430,135.53,128.56,106.08,101.11
warmup_10.mp4,440,138.5,138.37,101.62,103.25
warmup_10.mp4,450,128.56,130.24,101.86,93.12
warmup_10.mp4,460,143.97,142.14,92.35,95.93
warmup_10.mp4,470,161.97,154.61,87.48,87.64
warmup_10.mp4,480,170.84,166.96,70.12,77.89
warmup_10.mp4,490,164.43,166.42,89.76,98.05
warmup_10.mp4,500,162.6,159.57,88.55,94.03
warmup_10.mp4,510,169.06,162.88,82.41,85.42
warmup_10.mp4,520,171.32,166.8,90.67,96.28
warmup_10.mp4,530,137.39,142.18,102.55,104.57
warmup_10.mp4,540,145.0,144.09,102.87,103.63
warmup_10.mp4,550,138.81,134.06,106.7,103.12
warmup_10.mp4,560,136.58,133.07,103.86,101.21
warmup_10.mp4,570,136.26,138.41,100.86,97.1
warmup_10.mp4,580,127.52,126.69,103.04,96.2
warmup_10.mp4,590,141.83,142.65,102.04,99.66
warmup_10.mp4,600,130.12,130.61,99.12,93.04
warmup_10.mp4,610,135.9,142.78,101.51,97.39
warmup_10.mp4,620,171.62,168.18,95.46,97.94
warmup_10.mp4,630,167.08,168.86,79.25,86.96
warmup_10.mp4,640,165.19,153.1,90.63,88.61
warmup_10.mp4,650,169.69,162.25,94.34,96.0
warmup_10.mp4,660,170.89,158.98,89.33,90.8
warmup_10.mp4,670,164.19,162.4,86.01,85.97
warmup_10.mp4,680,172.01,154.08,92.86,101.09
warmup_10.mp4,690,140.3,148.1,100.3,103.01
warmup_10.mp4,700,113.09,112.78,96.27,93.82
warmup_10.mp4,710,125.93,143.03,83.17,104.13
warmup_10.mp4,720,129.9,127.95,97.88,97.81
warmup_10.mp4,730,128.02,128.22,99.86,95.18
warmup_10.mp4,740,139.57,137.02,100.19,103.18
warmup_10.mp4,750,133.69,130.45,96.46,99.06
warmup_10.mp4,760,130.72,141.63,96.6,93.77
warmup_10.mp4,770,100.73,146.74,87.45,100.33
warmup_10.mp4,780,164.15,164.14,88.2,90.0
warmup_10.mp4,790,155.59,171.97,80.94,86.89
warmup_10.mp4,800,167.44,158.36,91.5,96.32
warmup_10.mp4,810,169.24,159.35,95.5,96.48
warmup_10.mp4,820,162.68,163.85,80.82,90.65
warmup_10.mp4,830,159.82,159.77,86.18,90.76
warmup_10.mp4,840,161.36,141.8,79.49,82.46
warmup_10.mp4,850,134.1,151.79,48.78,74.98
warmup_10.mp4,860,128.29,162.89,24.82,32.45
warmup_10.mp4,870,141.12,173.37,26.53,18.78
warmup_10.mp4,880,134.45,165.94,23.25,24.75
warmup_10.mp4,890,133.79,158.74,23.11,34.5
warmup_10.mp4,900,136.07,155.87,22.38,43.27
warmup_10.mp4,910,136.07,158.86,21.52,34.24
warmup_11.mp4,10,170.24,142.06,17.42,17.35
warmup_11.mp4,20,168.85,141.57,17.44,17.28
warmup_11.mp4,30,168.98,143.09,18.09,17.51
warmup_11.mp4,40,170.31,139.64,18.94,18.26
warmup_11.mp4,50,168.24,139.93,17.76,17.27
warmup_11.mp4,60,168.49,138.82,19.23,16.93
warmup_11.mp4,70,149.95,128.47,28.14,15.92
warmup_11.mp4,80,122.98,124.79,59.75,33.54
warmup_11.mp4,90,133.8,132.75,79.4,69.36
warmup_11.mp4,100,131.81,127.35,78.8,63.12
warmup_11.mp4,110,133.22,129.96,76.01,60.58
warmup_11.mp4,120,132.77,130.67,78.09,63.24
warmup_11.mp4,130,133.72,128.27,76.39,60.84
warmup_11.mp4,140,133.25,129.32,75.47,58.74
warmup_11.mp4,150,132.83,129.45,74.97,58.85
warmup_11.mp4,160,133.86,127.95,76.3,60.01
warmup_11.mp4,170,135.8,133.48,77.8,61.88
warmup_11.mp4,180,138.66,137.64,77.56,65.39
warmup_11.mp4,190,136.96,132.27,73.36,61.74
warmup_11.mp4,200,139.97,134.84,74.23,62.82
warmup_11.mp4,210,142.09,121.65,82.89,69.19
warmup_11.mp4,220,144.07,118.51,88.13,69.22
warmup_11.mp4,230,144.07,123.13,84.72,63.26
warmup_11.mp4,240,143.97,129.56,87.01,74.15
warmup_11.mp4,250,144.43,130.57,85.5,73.25
warmup_11.mp4,260,143.72,123.32,82.83,67.51
warmup_11.mp4,270,150.51,139.62,85.61,76.16
warmup_11.mp4,280,144.7,129.2,80.28,66.76
warmup_11.mp4,290,145.29,130.44,78.41,65.84
warmup_11.mp4,300,146.47,128.4,84.85,71.67
warmup_11.mp4,310,140.85,118.09,84.37,70.37
warmup_11.mp4,320,144.98,126.46,82.78,69.91
warmup_11.mp4,330,141.78,117.81,82.87,66.03
warmup_11.mp4,340,142.67,123.09,77.4,63.97
warmup_11.mp4,350,144.26,125.91,82.85,66.96
warmup_11.mp4,360,148.2,128.59,89.5,75.02
warmup_11.mp4,370,147.87,126.78,87.48,73.19
warmup_11.mp4,380,143.75,126.23,83.49,72.72
warmup_11.mp4,390,137.29,110.91,82.97,63.77
warmup_11.mp4,400,139.67,118.65,77.62,63.47
warmup_11.mp4,410,146.24,128.16,83.97,72.12
warmup_11.mp4,420,146.13,130.61,82.65,72.63
warmup_11.mp4,430,146.46,127.21,84.13,71.36
warmup_11.mp4,440,142.86,111.93,86.1,65.9
warmup_11.mp4,450,144.85,122.02,85.71,69.91
warmup_11.mp4,460,144.81,123.13,86.04,71.44
warmup_11.mp4,470,140.78,123.72,78.33,72.76
warmup_11.mp4,480,143.89,123.27,86.0,71.44
warmup_11.mp4,490,144.53,122.44,84.88,72.6
warmup_11.mp4,500,146.75,123.7,86.86,74.86
warmup_11.mp4,510,145.05,136.02,79.82,74.31
warmup_11.mp4,520,147.7,133.51,82.72,68.93
warmup_11.mp4,530,147.17,128.06,83.3,66.48
warmup_11.mp4,540,144.75,128.98,82.21,65.3
warmup_11.mp4,550,146.64,134.75,85.94,77.2
warmup_11.mp4,560,143.69,121.51,83.78,67.54
warmup_11.mp4,570,146.4,126.66,89.86,77.76
warmup_11.mp4,580,147.51,134.85,85.75,78.31
warmup_11.mp4,590,148.13,138.38,84.03,76.76
warmup_11.mp4,600,144.41,125.78,85.18,73.99
warmup_11.mp4,610,143.52,119.69,84.37,66.78
warmup_11.mp4,620,145.59,127.05,86.57,72.9
warmup_11.mp4,630,147.38,129.71,86.73,74.02
warmup_11.mp4,640,147.12,138.21,80.55,73.5
warmup_11.mp4,650,144.18,131.06,83.58,72.79
warmup_11.mp4,660,143.62,113.92,86.04,58.13
warmup_11.mp4,670,146.64,125.94,89.62,74.53
warmup_11.mp4,680,146.96,128.61,87.22,77.5
warmup_11.mp4,690,146.72,139.19,80.81,73.93
warmup_11.mp4,700,143.61,118.55,86.93,68.43
warmup_11.mp4,710,138.93,119.83,78.61,68.71
warmup_11.mp4,720,146.5,129.35,88.69,77.93
warmup_11.mp4,730,145.56,119.02,86.81,69.35
warmup_11.mp4,740,142.46,118.22,90.25,74.47
warmup_11.mp4,750,144.82,136.95,83.06,78.24
warmup_11.mp4,760,148.23,135.16,87.09,76.39
warmup_11.mp4,770,149.02,130.43,88.04,73.27
warmup_11.mp4,780,148.29,135.84,85.75,73.26
warmup_11.mp4,790,147.11,133.58,83.87,69.79
warmup_11.mp4,800,135.27,135.25,71.15,60.19
warmup_11.mp4,810,114.08,117.04,54.49,29.12
warmup_11.mp4,820,137.53,130.1,27.11,22.5
warmup_11.mp4,830,161.83,139.6,26.82,20.14
warmup_11.mp4,840,160.87,139.21,28.55,19.03
warmup_11.mp4,850,162.75,140.58,26.02,17.08
warmup_11.mp4,860,160.74,141.96,25.45,17.24
warmup_11.mp4,870,159.05,138.27,25.41,18.25
warmup_11.mp4,880,159.4,141.82,26.44,16.38
warmup_11.mp4,890,158.87,143.72,27.98,19.22
warmup_11.mp4,900,159.35,143.4,26.78,17.34
warmup_12.mp4,10,125.61,165.02,35.07,26.33
warmup_12.mp4,20,128.39,164.93,32.75,24.06
warmup_12.mp4,30,126.89,165.05,38.77,27.5
warmup_12.mp4,40,128.24,167.22,36.25,30.23
warmup_12.mp4,50,125.35,165.13,37.27,27.41
warmup_12.mp4,60,129.81,139.61,27.0,58.56
warmup_12.mp4,70,130.53,114.14,68.6,76.53
warmup_12.mp4,80,131.1,91.63,87.75,72.78
warmup_12.mp4,90,104.71,85.48,73.82,53.03
warmup_12.mp4,100,115.22,76.36,79.89,54.96
warmup_12.mp4,110,120.34,78.86,77.17,58.31
warmup_12.mp4,120,115.21,81.1,70.13,58.27
warmup_12.mp4,130,100.46,96.44,59.45,49.69
warmup_12.mp4,140,103.93,89.71,71.73,52.98
warmup_12.mp4,150,70.2,131.0,46.75,33.33
warmup_12.mp4,170,154.35,169.03,27.44,14.97
warmup_12.mp4,180,144.82,138.66,25.38,29.85
warmup_12.mp4,190,109.51,80.11,43.43,50.22
warmup_12.mp4,200,131.38,113.02,45.24,43.43
warmup_12.mp4,210,94.3,85.31,72.68,43.25
warmup_12.mp4,220,100.68,90.12,68.48,45.2
warmup_12.mp4,230,128.64,97.82,75.07,73.71
warmup_12.mp4,240,115.72,92.78,60.89,53.35
warmup_12.mp4,250,90.05,100.0,47.57,49.67
warmup_12.mp4,260,83.59,76.68,65.29,68.38
warmup_12.mp4,290,126.9,146.47,34.14,30.06
warmup_12.mp4,300,129.56,108.43,34.5,36.77
warmup_12.mp4,310,76.61,84.5,58.31,45.57
warmup_12.mp4,320,109.06,86.44,74.26,44.41
warmup_12.mp4,330,118.54,84.08,72.93,49.81
warmup_12.mp4,340,130.97,111.1,58.22,66.06
warmup_12.mp4,350,116.77,88.77,57.34,59.32
warmup_12.mp4,360,95.35,90.84,45.84,52.74
warmup_12.mp4,400,106.73,108.65,37.23,38.5
warmup_12.mp4,410,130.91,123.92,32.25,31.79
warmup_12.mp4,420,79.93,91.22,64.45,42.5
warmup_12.mp4,430,110.31,91.27,71.09,44.61
warmup_12.mp4,440,121.86,100.64,56.49,59.32
warmup_12.mp4,450,112.4,92.45,41.39,54.77
warmup_12.mp4,460,126.69,129.7,74.9,92.86
warmup_12.mp4,470,92.59,98.43,51.5,64.59
warmup_12.mp4,510,62.29,80.44,54.3,47.75
warmup_12.mp4,520,119.18,105.9,35.53,34.31
warmup_12.mp4,530,83.81,94.17,63.6,38.43
warmup_12.mp4,540,110.78,92.46,67.65,41.32
warmup_12.mp4,550,121.8,94.08,58.95,58.15
warmup_12.mp4,560,131.87,117.69,46.59,69.67
warmup_12.mp4,570,128.51,109.71,64.77,67.49
warmup_12.mp4,580,84.72,149.68,38.18,26.73
warmup_12.mp4,610,143.15,149.91,25.65,34.65
warmup_12.mp4,620,117.55,103.96,34.38,39.61
warmup_12.mp4,630,135.23,108.46,35.09,37.44
warmup_12.mp4,640,109.07,85.24,85.62,44.46
warmup_12.mp4,650,119.55,83.77,74.07,41.58
warmup_12.mp4,660,133.26,97.9,70.12,59.16
warmup_12.mp4,670,123.56,89.16,64.47,59.83
warmup_12.mp4,680,131.58,115.2,62.14,70.27
warmup_12.mp4,690,119.81,84.63,70.25,43.23
warmup_12.mp4,700,96.89,95.92,74.1,39.6
warmup_12.mp4,710,125.17,105.53,32.64,31.51
warmup_12.mp4,720,137.35,142.69,74.91,50.29
warmup_12.mp4,740,132.11,140.63,30.21,34.61
warmup_12.mp4,750,141.95,140.83,23.5,37.44
warmup_12.mp4,760,76.17,86.31,46.86,64.37
warmup_12.mp4,770,105.62,82.48,59.48,56.25
warmup_12.mp4,780,131.01,107.8,67.58,71.71
warmup_12.mp4,790,128.27,88.13,83.02,60.8
warmup_12.mp4,800,130.1,85.1,87.3,49.85
warmup_12.mp4,810,95.0,79.78,75.99,54.88
warmup_12.mp4,820,137.79,138.46,25.67,24.33
warmup_12.mp4,830,141.93,113.3,36.84,50.44
warmup_12.mp4,840,150.66,132.49,26.23,38.98
warmup_12.mp4,850,120.49,136.98,36.48,39.69
warmup_12.mp4,860,131.82,124.15,27.08,35.89
warmup_12.mp4,870,95.25,92.84,46.65,52.72
warmup_12.mp4,880,130.17,106.55,66.01,71.7
warmup_12.mp4,890,129.14,117.33,65.96,70.54
warmup_12.mp4,900,131.0,100.15,69.65,55.65
warmup_12.mp4,910,133.04,91.07,92.33,55.2
warmup_12.mp4,920,125.36,98.03,39.35,37.87
warmup_12.mp4,930,124.12,159.95,49.54,156.12
warmup_12.mp4,940,119.73,132.26,39.48,38.72
warmup_12.mp4,950,124.85,153.17,38.23,23.44
warmup_12.mp4,970,68.65,102.88,56.15,46.47
warmup_12.mp4,980,91.01,85.26,44.92,56.04
warmup_12.mp4,990,133.75,113.1,68.61,73.99
warmup_12.mp4,1000,127.9,104.43,77.6,69.8
warmup_12.mp4,1010,120.97,77.31,72.55,46.77
warmup_12.mp4,1020,119.25,86.11,86.4,55.54
warmup_12.mp4,1030,129.51,111.91,42.29,41.25
warmup_12.mp4,1040,108.28,137.8,50.75,133.4
warmup_12.mp4,1060,147.71,165.6,32.77,27.75
warmup_12.mp4,1070,73.45,135.02,60.57,53.33
warmup_12.mp4,1080,70.65,78.62,39.24,62.45
warmup_12.mp4,1090,101.23,88.61,56.9,52.24
warmup_12.mp4,1100,127.72,113.22,67.15,78.29
warmup_12.mp4,1110,131.87,107.69,77.67,72.61
warmup_12.mp4,1120,126.18,88.42,75.37,53.42
warmup_12.mp4,1130,130.81,100.87,92.11,63.71
warmup_12.mp4,1140,135.52,107.74,55.71,54.76
warmup_12.mp4,1160,135.27,142.86,25.96,23.54
warmup_12.mp4,1170,150.43,173.05,31.61,24.54
warmup_12.mp4,1180,81.22,105.94,51.95,54.13
warmup_12.mp4,1190,72.68,104.72,38.32,45.65
warmup_12.mp4,1200,128.28,112.82,84.29,81.91
warmup_12.mp4,1210,132.64,114.97,69.82,76.11
warmup_12.mp4,1220,130.47,115.77,64.63,78.78
warmup_12.mp4,1230,134.84,98.37,78.51,70.33
warmup_12.mp4,1240,137.03,112.1,66.71,64.23
warmup_12.mp4,1250,128.84,146.83,29.45,62.35
warmup_12.mp4,1260,135.97,167.15,28.4,34.79
warmup_12.mp4,1270,133.85,168.39,33.77,34.59
warmup_12.mp4,1280,138.09,169.06,35.99,49.04
warmup_12.mp4,1290,131.01,166.96,38.37,44.63
warmup_12.mp4,1300,131.35,167.36,35.5,44.62
warmup_13.mp4,10,134.94,173.64,26.62,21.21
warmup_13.mp4,20,134.26,175.09,27.86,21.82
warmup_13.mp4,30,133.25,172.81,32.0,20.6
warmup_13.mp4,40,132.69,169.66,29.93,22.55
warmup_13.mp4,50,135.82,170.68,26.11,22.81
warmup_13.mp4,60,134.8,168.58,27.8,22.01
warmup_13.mp4,70,136.71,175.93,29.14,13.63
warmup_13.mp4,80,134.24,175.54,27.37,13.59
warmup_13.mp4,90,134.63,171.37,32.67,28.49
warmup_13.mp4,100,134.09,171.05,38.39,23.64
warmup_13.mp4,110,136.08,171.99,26.14,21.59
warmup_13.mp4,120,137.95,165.15,25.23,32.43
warmup_13.mp4,130,137.32,158.93,24.14,43.19
warmup_13.mp4,140,135.48,156.31,33.36,79.11
warmup_13.mp4,150,142.4,166.78,91.12,112.55
warmup_13.mp4,160,145.78,133.24,146.14,118.74
warmup_13.mp4,170,150.11,125.99,151.75,123.38
warmup_13.mp4,180,148.43,143.13,159.41,113.02
warmup_13.mp4,190,158.59,124.69,159.19,119.09
warmup_13.mp4,200,134.01,121.59,172.72,121.15
warmup_13.mp4,210,153.25,160.73,118.54,119.3
warmup_13.mp4,220,143.5,158.5,81.89,100.85
warmup_13.mp4,320,137.12,160.08,75.89,106.9
warmup_13.mp4,330,151.38,161.43,89.75,113.76
warmup_13.mp4,340,131.35,147.39,133.19,123.04
warmup_13.mp4,350,150.79,140.77,164.62,108.53
warmup_13.mp4,360,164.13,144.76,150.1,112.15
warmup_13.mp4,370,167.06,136.82,151.2,103.29
warmup_13.mp4,380,160.46,137.08,170.98,111.46
warmup_13.mp4,390,137.53,121.85,160.26,123.16
warmup_13.mp4,400,153.99,163.93,120.79,123.5
warmup_13.mp4,410,125.45,153.45,65.1,106.1
warmup_13.mp4,510,130.92,160.26,25.46,77.01
warmup_13.mp4,520,147.51,154.27,75.58,100.62
warmup_13.mp4,530,153.95,162.6,105.68,116.11
warmup_13.mp4,540,167.81,152.22,150.42,94.98
warmup_13.mp4,550,156.88,120.18,175.51,118.07
warmup_13.mp4,560,156.4,137.47,175.79,109.38
warmup_13.mp4,570,170.05,142.48,152.08,112.46
warmup_13.mp4,580,165.1,123.47,153.29,114.48
warmup_13.mp4,590,132.73,162.41,144.26,129.17
warmup_13.mp4,600,143.39,112.18,110.32,89.47
warmup_13.mp4,690,69.15,107.07,97.44,69.15
warmup_13.mp4,700,132.84,164.49,26.71,81.19
warmup_13.mp4,710,147.77,150.6,83.46,100.55
warmup_13.mp4,720,165.74,167.83,104.44,116.72
warmup_13.mp4,730,163.89,156.46,153.08,97.47
warmup_13.mp4,740,159.83,126.6,167.36,117.54
warmup_13.mp4,750,167.63,143.28,148.19,108.08
warmup_13.mp4,760,165.56,129.06,162.84,120.66
warmup_13.mp4,770,162.87,139.42,157.42,107.57
warmup_13.mp4,780,113.47,151.95,136.78,130.91
warmup_13.mp4,790,153.44,159.92,79.82,108.31
warmup_13.mp4,830,140.76,130.39,125.86,121.17
warmup_13.mp4,860,101.28,63.73,27.95,31.95
warmup_13.mp4,870,132.02,76.49,35.2,54.19
warmup_13.mp4,890,138.52,117.23,15.62,24.79
warmup_13.mp4,900,130.53,157.62,42.8,84.86
warmup_13.mp4,910,161.23,160.39,69.99,100.5
warmup_13.mp4,920,148.16,161.0,142.81,121.48
warmup_13.mp4,930,166.3,130.32,154.12,110.79
warmup_13.mp4,940,169.76,136.61,149.49,113.51
warmup_13.mp4,950,172.75,143.63,152.22,97.38
warmup_13.mp4,960,168.01,123.61,162.86,117.34
warmup_13.mp4,970,144.68,133.07,160.18,115.7
warmup_13.mp4,980,126.3,161.12,143.71,121.69
warmup_13.mp4,990,145.24,151.06,100.98,100.85
warmup_13.mp4,1010,100.82,94.36,64.3,68.74
warmup_13.mp4,1040,116.92,139.35,85.73,132.07
warmup_13.mp4,1050,132.52,162.37,155.91,154.95
warmup_13.mp4,1070,139.65,176.05,42.06,48.09
warmup_13.mp4,1080,68.13,74.47,25.97,57.02
warmup_13.mp4,1090,135.9,161.95,49.02,94.88
warmup_13.mp4,1100,136.56,164.32,31.6,71.23
warmup_13.mp4,1110,136.85,163.58,29.91,54.69
warmup_13.mp4,1120,132.68,163.97,26.01,43.02
warmup_13.mp4,1130,135.13,166.72,23.01,32.5
warmup_13.mp4,1140,135.79,169.55,26.26,29.55
warmup_13.mp4,1150,134.83,167.57,22.92,30.41
warmup_13.mp4,1160,134.77,164.23,23.04,32.94
warmup_13.mp4,1170,135.19,168.9,25.43,36.17
warmup_13.mp4,1180,135.43,164.59,23.42,36.07
warmup_13.mp4,1190,132.92,165.92,21.69,32.31
warmup_14.mp4,10,130.57,166.28,31.83,29.25
warmup_14.mp4,20,129.38,166.85,28.81,28.08
warmup_14.mp4,30,130.54,163.02,30.27,29.85
warmup_14.mp4,40,130.09,164.2,27.13,28.76
warmup_14.mp4,50,130.21,163.98,27.96,30.22
warmup_14.mp4,60,129.88,166.57,28.89,32.04
warmup_14.mp4,70,133.43,165.73,20.27,37.85
warmup_14.mp4,80,128.43,164.29,31.28,33.77
warmup_14.mp4,90,124.76,161.56,40.74,31.84
warmup_14.mp4,100,125.98,160.77,38.17,28.16
warmup_14.mp4,110,135.41,155.51,37.91,34.75
warmup_14.mp4,120,141.01,148.79,26.95,32.62
warmup_14.mp4,130,151.27,141.85,41.32,36.89
warmup_14.mp4,140,144.29,132.23,36.3,32.65
warmup_14.mp4,150,155.67,145.86,33.83,29.51
warmup_14.mp4,160,158.5,143.17,33.51,28.98
warmup_14.mp4,170,145.53,141.26,33.67,33.33
warmup_14.mp4,180,138.46,137.99,37.94,64.97
warmup_14.mp4,190,136.38,141.1,28.55,54.27
warmup_14.mp4,200,125.28,144.61,18.85,32.05
warmup_14.mp4,210,109.68,137.4,51.4,44.57
warmup_14.mp4,220,125.07,120.33,46.15,69.07
warmup_14.mp4,230,137.02,100.83,85.42,53.8
warmup_14.mp4,240,139.23,104.65,91.93,46.46
warmup_14.mp4,250,126.2,106.22,88.01,32.86
warmup_14.mp4,260,131.12,122.32,78.86,29.98
warmup_14.mp4,270,122.76,136.76,47.48,53.52
warmup_14.mp4,280,113.99,153.09,40.09,32.45
warmup_14.mp4,290,124.62,158.27,41.43,26.58
warmup_14.mp4,300,137.66,151.06,29.25,35.82
warmup_14.mp4,310,164.25,143.64,28.77,46.1
warmup_14.mp4,320,158.01,130.23,34.92,32.92
warmup_14.mp4,330,167.9,143.91,35.21,24.47
warmup_14.mp4,340,163.33,143.92,30.63,20.4
warmup_14.mp4,350,166.98,144.87,29.91,29.5
warmup_14.mp4,360,146.83,129.62,35.17,43.11
warmup_14.mp4,370,146.93,133.42,27.8,48.78
warmup_14.mp4,380,119.89,150.12,26.58,40.25
warmup_14.mp4,390,101.34,127.66,47.67,31.98
warmup_14.mp4,400,109.02,115.16,55.47,57.72
warmup_14.mp4,410,149.85,110.22,86.65,49.63
warmup_14.mp4,420,129.85,105.81,89.51,33.55
warmup_14.mp4,430,138.25,116.7,89.96,32.05
warmup_14.mp4,440,130.91,124.03,76.92,28.66
warmup_14.mp4,450,122.6,134.75,41.95,53.69
warmup_14.mp4,460,111.44,143.96,32.71,40.71
warmup_14.mp4,470,122.93,154.3,29.85,29.18
warmup_14.mp4,480,130.35,148.79,29.26,41.32
warmup_14.mp4,490,162.9,154.27,41.74,36.36
warmup_14.mp4,500,162.09,144.01,37.51,30.9
warmup_14.mp4,510,163.87,136.99,39.55,28.52
warmup_14.mp4,520,156.18,144.85,32.95,27.14
warmup_14.mp4,530,157.68,135.18,36.12,38.48
warmup_14.mp4,540,161.59,133.44,36.15,37.06
warmup_14.mp4,550,143.53,127.6,35.21,39.37
warmup_14.mp4,560,133.19,149.81,21.0,33.62
warmup_14.mp4,570,105.79,140.68,54.65,30.31
warmup_14.mp4,580,117.52,138.35,67.41,36.95
warmup_14.mp4,590,141.2,117.85,62.21,50.37
warmup_14.mp4,600,144.68,117.46,89.23,31.94
warmup_14.mp4,610,142.46,124.87,82.98,29.79
warmup_14.mp4,620,131.8,115.48,68.35,34.08
warmup_14.mp4,630,119.75,129.82,44.35,47.51
warmup_14.mp4,640,108.34,135.11,35.55,53.23
warmup_14.mp4,650,113.6,148.03,44.51,29.81
warmup_14.mp4,660,120.5,153.21,34.88,36.53
warmup_14.mp4,670,146.04,148.01,25.35,46.38
warmup_14.mp4,680,151.27,136.35,29.87,33.69
warmup_14.mp4,690,175.2,142.4,32.64,34.28
warmup_14.mp4,700,158.74,129.34,39.99,41.35
warmup_14.mp4,710,153.36,135.4,38.6,39.76
warmup_14.mp4,720,167.0,135.21,33.49,29.96
warmup_14.mp4,730,146.1,122.93,36.86,40.69
warmup_14.mp4,740,141.3,138.36,36.38,38.03
warmup_14.mp4,750,117.02,153.74,37.92,32.78
warmup_14.mp4,760,105.39,146.28,47.37,33.27
warmup_14.mp4,770,117.8,141.54,45.55,42.76
warmup_14.mp4,780,141.67,113.71,75.34,41.88
warmup_14.mp4,790,139.36,118.67,78.24,31.48
warmup_14.mp4,800,128.55,113.78,65.25,34.15
warmup_14.mp4,810,122.62,133.72,57.78,41.66
warmup_14.mp4,820,119.41,137.37,41.79,50.46
warmup_14.mp4,830,111.63,142.38,45.3,36.43
warmup_14.mp4,840,120.97,151.15,51.35,30.57
warmup_14.mp4,850,129.99,154.38,21.53,35.82
warmup_14.mp4,860,159.74,143.2,26.9,32.83
warmup_14.mp4,870,165.84,135.0,35.89,30.74
warmup_14.mp4,880,173.71,133.85,35.15,33.77
warmup_14.mp4,890,153.45,141.87,34.95,25.91
warmup_14.mp4,900,155.43,142.44,34.2,33.46
warmup_14.mp4,910,169.08,136.63,31.29,36.74
warmup_14.mp4,920,150.36,124.41,30.91,36.16
warmup_14.mp4,930,139.26,142.07,24.14,39.64
warmup_14.mp4,940,121.39,153.69,19.58,42.89
warmup_14.mp4,950,115.32,175.61,17.88,50.74
warmup_14.mp4,960,125.28,175.31,29.17,65.63
warmup_14.mp4,970,125.55,156.93,40.72,65.19
warmup_14.mp4,980,125.79,153.86,43.35,53.63
warmup_14.mp4,990,127.28,148.32,31.6,45.54
warmup_14.mp4,1000,124.87,150.3,34.21,41.05
warmup_14.mp4,1010,122.47,144.31,31.1,36.68
warmup_14.mp4,1020,119.48,141.94,30.13,42.36
warmup_14.mp4,1030,119.4,146.43,40.39,30.54
warmup_14.mp4,1040,119.51,162.95,34.91,34.57
warmup_14.mp4,1050,124.35,167.37,34.31,27.97
warmup_14.mp4,1060,132.55,164.33,21.79,24.59
warmup_14.mp4,1070,133.87,163.75,18.56,21.17
warmup_14.mp4,1080,130.71,164.63,28.69,28.89
warmup_14.mp4,1090,133.56,157.74,42.01,22.27
warmup_14.mp4,1100,132.59,144.46,50.88,20.83
warmup_14.mp4,1110,128.53,131.86,58.4,22.49
warmup_14.mp4,1120,124.96,135.41,53.17,31.62
warmup_14.mp4,1130,139.35,123.07,65.81,46.49
warmup_14.mp4,1140,131.46,118.64,65.5,45.83
warmup_14.mp4,1150,136.76,122.2,59.72,46.41
warmup_14.mp4,1160,130.75,134.78,49.58,41.32
warmup_14.mp4,1170,123.23,149.38,39.77,28.03
warmup_14.mp4,1180,143.64,157.37,41.92,44.5
warmup_14.mp4,1190,151.97,163.19,31.45,77.7
warmup_14.mp4,1200,150.8,121.92,39.92,33.32
warmup_14.mp4,1210,154.47,127.11,31.84,47.14
warmup_14.mp4,1220,167.46,137.13,24.65,33.6
warmup_14.mp4,1230,165.3,136.91,25.9,36.78
warmup_14.mp4,1240,163.2,133.41,27.67,37.9
warmup_14.mp4,1250,166.34,127.03,24.97,28.76
warmup_14.mp4,1260,151.0,175.88,35.03,41.54
warmup_14.mp4,1270,142.41,159.44,39.35,21.14
warmup_14.mp4,1280,124.1,140.82,48.63,17.56
warmup_14.mp4,1290,144.36,123.22,72.08,48.37
warmup_14.mp4,1300,141.17,124.56,75.39,37.28
warmup_14.mp4,1310,141.92,118.84,74.49,41.43
warmup_14.mp4,1320,143.1,120.71,76.36,37.08
warmup_14.mp4,1330,149.53,129.14,75.96,43.68
warmup_14.mp4,1340,132.84,145.52,56.91,29.34
warmup_14.mp4,1350,139.91,159.76,43.45,46.45
warmup_14.mp4,1360,143.68,154.3,32.79,48.28
warmup_14.mp4,1370,147.13,132.5,49.08,26.47
warmup_14.mp4,1380,161.67,123.4,30.0,27.37
warmup_14.mp4,1390,165.96,135.05,28.63,27.0
warmup_14.mp4,1400,169.31,136.95,25.45,27.21
warmup_14.mp4,1410,169.06,133.25,24.51,30.8
warmup_14.mp4,1420,162.56,125.71,26.32,30.84
warmup_14.mp4,1430,147.92,143.16,25.53,29.81
warmup_14.mp4,1440,153.46,163.53,33.87,43.25
warmup_14.mp4,1450,132.49,147.22,39.16,29.81
warmup_14.mp4,1460,123.51,138.54,43.66,25.77
warmup_14.mp4,1470,127.65,110.71,68.23,34.87
warmup_14.mp4,1480,135.49,118.14,74.72,28.88
warmup_14.mp4,1490,132.97,116.31,73.58,21.29
warmup_14.mp4,1500,134.52,116.31,70.21,35.9
warmup_14.mp4,1510,127.88,139.15,49.28,31.8
warmup_14.mp4,1520,144.53,162.78,31.65,37.95
warmup_14.mp4,1530,147.69,168.14,35.2,64.45
warmup_14.mp4,1540,151.72,140.94,37.36,50.21
warmup_14.mp4,1550,155.66,129.39,41.57,25.34
warmup_14.mp4,1560,158.7,140.37,33.88,28.59
warmup_14.mp4,1570,161.34,142.3,29.61,30.07
warmup_14.mp4,1580,167.09,146.07,29.34,38.77
warmup_14.mp4,1590,164.92,140.11,31.28,46.49
warmup_14.mp4,1600,144.05,117.18,43.63,35.61
warmup_14.mp4,1610,148.06,174.15,44.97,43.55
warmup_14.mp4,1620,144.61,153.36,48.26,38.42
warmup_14.mp4,1630,130.13,133.11,54.7,29.3
warmup_14.mp4,1640,133.81,116.89,64.71,30.87
warmup_14.mp4,1650,132.42,113.98,80.18,21.17
warmup_14.mp4,1660,135.18,113.48,73.17,36.06
warmup_14.mp4,1670,135.87,113.81,76.21,31.94
warmup_14.mp4,1680,142.12,118.91,72.92,46.64
warmup_14.mp4,1690,133.18,134.73,41.4,37.43
warmup_14.mp4,1700,134.84,154.67,31.17,29.05
warmup_14.mp4,1710,132.82,175.69,35.65,33.86
warmup_14.mp4,1720,147.97,137.66,41.31,41.22
warmup_14.mp4,1730,146.45,124.01,37.01,31.63
warmup_14.mp4,1740,164.98,141.86,26.97,26.43
warmup_14.mp4,1750,165.5,144.03,26.98,26.23
warmup_14.mp4,1760,168.92,138.73,25.98,24.81
warmup_14.mp4,1770,168.82,140.88,25.55,28.03
warmup_14.mp4,1780,157.09,132.39,35.76,33.88
warmup_14.mp4,1790,149.33,142.47,32.05,40.26
warmup_14.mp4,1800,157.43,166.44,47.38,69.31
warmup_14.mp4,1810,141.31,154.31,37.39,27.56
warmup_14.mp4,1820,133.73,140.02,49.8,30.36
warmup_14.mp4,1830,137.85,118.45,66.09,34.2
warmup_14.mp4,1840,143.87,122.41,75.43,36.64
warmup_14.mp4,1850,136.37,119.97,69.68,33.9
warmup_14.mp4,1860,137.86,117.96,69.93,33.71
warmup_14.mp4,1870,132.2,137.73,56.06,31.21
warmup_14.mp4,1880,135.52,145.66,37.42,26.77
warmup_14.mp4,1890,146.25,171.85,37.23,54.02
warmup_14.mp4,1900,148.54,166.31,44.31,71.01
warmup_14.mp4,1910,150.23,131.82,48.9,29.83
warmup_14.mp4,1920,159.85,121.97,28.67,27.19
warmup_14.mp4,1930,162.97,132.05,26.06,26.82
warmup_14.mp4,1940,163.36,139.86,24.4,22.62
warmup_14.mp4,1950,166.48,142.98,25.19,23.22
warmup_14.mp4,1960,164.82,124.62,30.24,23.92
warmup_14.mp4,1970,156.87,133.69,41.75,23.1
warmup_14.mp4,1980,147.28,163.17,31.26,31.64
warmup_14.mp4,1990,134.27,177.45,27.94,20.02
warmup_14.mp4,2000,130.46,174.08,32.99,36.55
warmup_14.mp4,2010,129.61,161.73,38.53,43.49
warmup_14.mp4,2020,130.56,160.63,24.05,46.65
warmup_14.mp4,2030,133.56,167.19,26.18,62.84
warmup_14.mp4,2040,132.83,169.36,32.49,51.0
warmup_14.mp4,2050,133.21,172.27,28.03,39.03
warmup_14.mp4,2060,134.78,167.77,22.97,50.07
warmup_14.mp4,2070,134.79,167.63,20.88,60.5
warmup_14.mp4,2080,134.81,172.53,21.39,57.17
warmup_15.mp4,10,164.75,137.47,25.25,22.3
warmup_15.mp4,20,162.22,136.28,24.24,21.35
warmup_15.mp4,30,162.03,134.94,22.89,21.48
warmup_15.mp4,40,162.98,134.28,24.51,21.49
warmup_15.mp4,50,163.94,137.67,26.67,21.54
warmup_15.mp4,60,162.7,139.1,28.48,22.11
warmup_15.mp4,70,161.92,136.94,24.19,20.31
warmup_15.mp4,80,164.31,136.21,26.77,21.58
warmup_15.mp4,90,158.12,139.5,26.2,20.56
warmup_15.mp4,100,153.89,140.05,27.84,29.73
warmup_15.mp4,110,156.92,138.69,28.13,32.27
warmup_15.mp4,120,157.06,128.31,29.34,22.22
warmup_15.mp4,130,160.91,126.72,41.98,35.0
warmup_15.mp4,140,153.66,124.15,30.23,30.01
warmup_15.mp4,150,150.29,131.71,28.4,27.08
warmup_15.mp4,160,154.34,132.86,28.66,24.21
warmup_15.mp4,170,163.17,122.98,32.86,24.81
warmup_15.mp4,180,155.72,124.51,35.07,25.99
warmup_15.mp4,190,152.95,128.61,27.68,23.66
warmup_15.mp4,200,153.26,140.61,29.77,30.96
warmup_15.mp4,210,155.6,130.32,29.11,21.51
warmup_15.mp4,220,160.25,125.96,35.78,25.63
warmup_15.mp4,230,162.16,126.39,33.63,26.52
warmup_15.mp4,240,160.02,130.1,31.6,33.44
warmup_15.mp4,250,150.37,141.13,27.04,25.89
warmup_15.mp4,260,154.04,137.36,30.73,26.15
warmup_15.mp4,270,162.81,128.01,38.24,30.44
warmup_15.mp4,280,152.15,122.12,31.67,28.4
warmup_15.mp4,290,157.57,130.84,34.72,36.32
warmup_15.mp4,300,152.41,138.25,28.88,31.48
warmup_15.mp4,310,151.34,133.59,27.77,24.92
warmup_15.mp4,320,162.16,127.12,33.18,29.11
warmup_15.mp4,330,164.45,123.33,35.51,31.82
warmup_15.mp4,340,160.37,126.09,40.06,37.11
warmup_15.mp4,350,160.47,127.74,30.8,42.37
warmup_15.mp4,360,154.28,141.16,29.69,28.49
warmup_15.mp4,370,157.56,133.01,30.4,30.82
warmup_15.mp4,380,154.52,127.69,30.27,29.01
warmup_15.mp4,390,155.2,128.19,28.78,31.52
warmup_15.mp4,400,151.83,135.12,29.17,32.21
warmup_15.mp4,410,154.68,128.89,31.52,38.18
warmup_15.mp4,420,153.25,120.68,33.24,36.13
warmup_15.mp4,430,158.45,125.35,30.06,30.71
warmup_15.mp4,440,157.23,131.01,30.87,30.81
warmup_15.mp4,450,147.64,134.34,26.05,31.41
warmup_15.mp4,460,157.38,131.47,27.68,30.69
warmup_15.mp4,470,159.55,125.54,32.49,34.66
warmup_15.mp4,480,167.15,125.27,34.44,30.29
warmup_15.mp4,490,159.08,129.23,30.76,29.3
warmup_15.mp4,500,149.9,135.21,28.17,30.07
warmup_15.mp4,510,144.0,134.6,27.59,28.01
warmup_15.mp4,520,151.16,130.91,28.0,35.99
warmup_15.mp4,530,167.16,128.73,41.33,37.54
warmup_15.mp4,540,162.58,128.6,33.14,27.34
warmup_15.mp4,550,153.63,130.0,28.95,29.3
warmup_15.mp4,560,149.45,132.57,26.4,30.17
warmup_15.mp4,570,156.97,129.97,29.58,33.2
warmup_15.mp4,580,166.24,129.22,48.07,44.73
warmup_15.mp4,590,169.5,133.0,41.65,38.65
warmup_15.mp4,600,156.1,136.83,31.82,29.79
warmup_15.mp4,610,148.94,133.75,26.43,29.69
warmup_15.mp4,620,145.9,129.99,29.02,29.67
warmup_15.mp4,630,167.14,130.8,46.36,43.91
warmup_15.mp4,640,169.82,124.81,47.86,35.71
warmup_15.mp4,650,168.81,130.53,40.12,34.48
warmup_15.mp4,660,157.83,132.29,27.77,30.85
warmup_15.mp4,670,152.48,135.47,25.07,30.5
warmup_15.mp4,680,149.58,138.62,26.98,25.42
warmup_15.mp4,690,158.52,140.36,27.78,22.61
warmup_15.mp4,700,152.68,136.28,25.12,23.0
warmup_15.mp4,710,158.18,134.41,26.63,23.46
warmup_15.mp4,720,158.8,135.63,27.38,31.87
warmup_15.mp4,730,155.04,136.96,27.51,35.82
warmup_15.mp4,740,160.04,138.49,28.54,34.91
warmup_15.mp4,750,162.57,134.23,25.88,20.53
warmup_15.mp4,760,158.8,128.94,25.76,31.27
warmup_15.mp4,770,158.68,130.13,27.97,42.92
warmup_15.mp4,780,163.04,135.09,28.89,26.94
warmup_15.mp4,790,162.43,135.34,27.13,26.53
warmup_15.mp4,800,160.08,130.9,28.12,26.94
warmup_15.mp4,810,156.14,127.26,25.83,37.7
warmup_15.mp4,820,154.7,131.19,26.42,27.82
warmup_15.mp4,830,160.56,129.38,26.51,22.09
warmup_15.mp4,840,155.44,132.49,25.07,18.1
warmup_15.mp4,850,157.87,133.16,26.26,32.85
warmup_15.mp4,860,154.83,131.05,27.19,38.59
warmup_15.mp4,870,163.89,130.38,26.31,25.39
warmup_15.mp4,880,158.0,132.9,25.43,18.14
warmup_15.mp4,890,160.47,133.35,25.13,20.35
warmup_15.mp4,900,159.52,126.84,23.78,35.42
warmup_15.mp4,910,160.38,128.35,25.98,42.81
warmup_15.mp4,920,160.9,132.96,27.17,38.53
warmup_15.mp4,930,165.62,131.88,24.01,19.04
warmup_15.mp4,940,160.46,133.82,23.85,25.55
warmup_15.mp4,950,157.24,131.14,25.21,27.3
warmup_15.mp4,960,163.89,133.19,24.59,23.33
warmup_15.mp4,970,160.96,135.16,24.64,32.44
warmup_15.mp4,980,160.03,132.48,26.99,35.69
warmup_15.mp4,990,154.38,126.64,30.35,41.7
warmup_15.mp4,1000,157.01,129.71,33.37,34.21
warmup_15.mp4,1010,160.36,133.14,29.28,28.33
warmup_15.mp4,1020,158.57,130.71,28.15,28.23
warmup_15.mp4,1030,155.44,124.87,29.5,35.75
warmup_15.mp4,1040,155.05,126.96,28.55,41.2
warmup_15.mp4,1050,159.49,131.92,29.75,35.75
warmup_15.mp4,1060,158.58,131.8,26.31,27.88
warmup_15.mp4,1070,156.48,128.59,27.01,23.59
warmup_15.mp4,1080,155.83,129.24,25.86,31.68
warmup_15.mp4,1090,153.98,127.65,30.97,42.4
warmup_15.mp4,1100,157.02,128.98,30.27,41.04
warmup_15.mp4,1110,156.95,132.74,26.9,32.58
warmup_15.mp4,1120,158.37,134.22,25.6,32.21
warmup_15.mp4,1130,154.43,128.06,27.34,38.74
warmup_15.mp4,1140,153.67,129.9,29.13,45.91
warmup_15.mp4,1150,155.44,133.03,26.64,32.12
warmup_15.mp4,1160,158.21,132.79,27.37,33.17
warmup_15.mp4,1170,158.31,128.42,25.09,28.52
warmup_15.mp4,1180,156.72,127.86,27.32,35.1
warmup_15.mp4,1190,154.14,125.78,33.54,49.29
warmup_15.mp4,1200,154.33,125.71,33.47,44.69
warmup_15.mp4,1210,155.87,131.21,31.44,38.37
warmup_15.mp4,1220,151.5,131.24,28.06,45.8
warmup_15.mp4,1230,159.39,127.78,28.56,34.06
warmup_15.mp4,1240,158.31,132.36,26.4,24.9
warmup_15.mp4,1250,158.24,129.77,26.61,25.17
warmup_15.mp4,1260,156.61,134.5,25.05,17.22
warmup_15.mp4,1270,158.16,137.0,25.64,23.87
warmup_15.mp4,1280,155.74,134.24,25.54,27.19
warmup_15.mp4,1290,165.74,138.56,22.5,17.91
warmup_15.mp4,1300,164.68,136.98,25.9,19.01
warmup_15.mp4,1310,163.86,136.44,23.87,19.7
warmup_15.mp4,1320,162.51,135.99,24.79,17.8
warmup_15.mp4,1330,162.92,135.92,25.72,19.05
warmup_16.mp4,10,161.94,137.99,22.58,17.55
warmup_16.mp4,20,164.78,140.82,22.86,16.99
warmup_16.mp4,30,163.02,139.34,22.78,16.98
warmup_16.mp4,40,163.27,136.85,22.13,16.72
warmup_16.mp4,50,162.87,137.74,21.43,17.1
warmup_16.mp4,60,161.92,137.98,21.26,15.93
warmup_16.mp4,70,161.16,136.69,22.16,18.76
warmup_16.mp4,80,171.29,131.65,22.36,22.97
warmup_16.mp4,90,165.1,134.04,27.59,35.91
warmup_16.mp4,100,170.48,132.26,27.61,32.61
warmup_16.mp4,110,167.67,130.17,33.86,40.98
warmup_16.mp4,120,161.24,132.97,34.6,25.96
warmup_16.mp4,130,159.81,144.69,33.12,69.38
warmup_16.mp4,140,141.36,146.74,34.72,66.4
warmup_16.mp4,150,143.43,137.7,35.16,65.61
warmup_16.mp4,160,134.4,142.44,27.21,84.24
warmup_16.mp4,170,141.92,159.95,35.5,80.54
warmup_16.mp4,180,114.91,136.19,63.73,26.41
warmup_16.mp4,190,126.03,153.2,59.53,64.28
warmup_16.mp4,200,148.38,142.39,95.92,39.98
warmup_16.mp4,210,145.43,151.97,88.57,37.66
warmup_16.mp4,220,143.66,149.1,87.78,42.42
warmup_16.mp4,230,128.1,158.77,37.96,50.91
warmup_16.mp4,240,159.96,145.67,30.48,48.64
warmup_16.mp4,250,156.26,141.15,35.69,47.97
warmup_16.mp4,260,164.56,139.25,54.57,23.19
warmup_16.mp4,270,167.01,136.52,58.46,42.68
warmup_16.mp4,280,149.96,129.5,26.57,34.62
warmup_16.mp4,290,163.66,132.88,15.41,17.21
warmup_16.mp4,300,170.2,138.55,11.16,15.44
warmup_16.mp4,310,168.43,140.18,21.77,15.33
warmup_16.mp4,320,165.13,137.97,24.88,20.0
warmup_16.mp4,330,158.0,136.62,23.27,28.28
warmup_16.mp4,340,158.25,133.83,26.9,50.21
warmup_16.mp4,350,158.6,153.43,44.51,63.01
warmup_16.mp4,360,156.12,164.76,37.54,55.41
warmup_16.mp4,370,163.46,142.12,21.32,38.64
warmup_16.mp4,380,147.31,109.06,30.11,14.61
warmup_16.mp4,390,126.12,92.81,92.39,14.39
warmup_16.mp4,400,141.16,100.19,93.43,50.81
warmup_16.mp4,410,120.31,118.94,73.15,78.47
warmup_16.mp4,420,134.82,135.47,84.2,90.75
warmup_16.mp4,430,83.75,115.09,80.37,84.45
warmup_16.mp4,440,81.82,91.12,63.91,69.4
warmup_16.mp4,450,94.1,85.42,58.63,83.47
warmup_16.mp4,460,84.56,89.68,61.59,83.25
warmup_16.mp4,470,126.4,125.32,80.35,86.82
warmup_16.mp4,480,134.84,99.76,89.94,57.47
warmup_16.mp4,490,97.53,91.69,69.37,38.0
warmup_16.mp4,500,124.93,125.28,35.87,33.13
warmup_16.mp4,510,144.16,135.39,39.47,43.04
warmup_16.mp4,520,150.92,133.69,28.19,22.96
warmup_16.mp4,530,163.12,134.27,22.24,26.68
warmup_16.mp4,540,158.26,134.06,22.1,21.47
warmup_16.mp4,550,162.88,136.49,21.2,20.65
warmup_16.mp4,560,165.59,135.99,23.36,22.58
warmup_16.mp4,570,164.89,140.44,35.0,36.53
warmup_16.mp4,580,165.82,141.53,33.6,21.88
warmup_16.mp4,590,168.68,137.9,34.78,41.02
warmup_16.mp4,600,170.35,138.16,25.77,83.53
warmup_16.mp4,610,135.77,148.77,34.82,111.78
warmup_16.mp4,620,127.83,136.74,45.69,97.49
warmup_16.mp4,630,143.12,137.09,29.74,82.73
warmup_16.mp4,640,173.75,171.33,22.27,35.97
warmup_16.mp4,650,114.58,159.26,42.79,73.21
warmup_16.mp4,660,113.96,163.85,57.53,56.11
warmup_16.mp4,670,123.76,154.41,42.39,60.44
warmup_16.mp4,680,114.41,150.83,51.85,45.49
warmup_16.mp4,690,122.99,150.4,34.86,60.82
warmup_16.mp4,700,158.66,140.87,30.89,89.34
warmup_16.mp4,710,157.69,140.13,24.62,83.25
warmup_16.mp4,720,144.56,147.77,43.84,93.94
warmup_16.mp4,730,142.06,125.19,41.35,47.28
warmup_16.mp4,740,152.24,127.82,44.09,32.2
warmup_16.mp4,750,167.61,127.9,27.58,27.99
warmup_16.mp4,760,162.02,131.32,23.5,17.67
warmup_16.mp4,770,159.96,128.99,20.49,26.46
warmup_16.mp4,780,153.26,128.88,28.07,21.3
warmup_16.mp4,790,162.76,127.74,26.47,22.66
warmup_16.mp4,800,162.99,132.38,24.0,21.2
warmup_16.mp4,810,161.3,131.21,26.99,34.45
warmup_16.mp4,820,164.0,132.48,25.06,53.92
warmup_16.mp4,830,141.64,142.96,26.76,61.94
warmup_16.mp4,840,136.65,147.74,25.29,60.58
warmup_16.mp4,850,150.93,127.77,19.84,50.52
warmup_16.mp4,860,109.4,97.8,52.04,23.64
warmup_16.mp4,870,126.23,96.31,85.53,26.36
warmup_16.mp4,880,132.96,101.46,78.63,43.73
warmup_16.mp4,890,104.44,112.14,69.45,65.84
warmup_16.mp4,900,88.0,108.65,59.67,75.09
warmup_16.mp4,910,84.35,98.64,72.7,61.54
warmup_16.mp4,920,90.53,92.97,72.62,55.95
warmup_16.mp4,930,85.16,92.19,56.38,78.83
warmup_16.mp4,940,81.86,96.26,57.18,73.7
warmup_16.mp4,950,105.93,105.57,53.33,53.53
warmup_16.mp4,960,138.27,112.47,83.17,29.18
warmup_16.mp4,970,118.75,129.5,69.52,47.03
warmup_16.mp4,980,158.41,140.12,33.79,39.22
warmup_16.mp4,990,161.07,135.79,28.56,23.01
warmup_16.mp4,1000,157.23,139.01,25.76,21.01
warmup_16.mp4,1010,157.1,140.6,24.93,20.81
warmup_16.mp4,1020,156.21,135.92,23.9,28.89
warmup_16.mp4,1030,161.89,139.12,23.46,24.25
warmup_16.mp4,1040,158.89,134.84,24.07,23.44
warmup_16.mp4,1050,166.71,131.03,26.69,21.9
warmup_16.mp4,1060,166.51,136.33,32.87,23.59
warmup_16.mp4,1070,173.26,140.03,37.69,26.99
warmup_16.mp4,1080,163.36,144.97,31.21,64.76
warmup_16.mp4,1090,155.56,138.67,29.32,88.79
warmup_16.mp4,1100,144.06,136.21,32.11,70.45
warmup_16.mp4,1110,139.96,137.74,33.01,63.84
warmup_16.mp4,1120,143.82,146.07,25.45,88.63
warmup_16.mp4,1130,149.31,144.41,59.36,79.48
warmup_16.mp4,1140,162.4,144.21,33.41,106.12
warmup_16.mp4,1150,125.97,157.06,21.51,65.88
warmup_16.mp4,1160,137.34,159.92,46.16,76.45
warmup_16.mp4,1170,136.72,156.0,48.75,76.78
warmup_16.mp4,1180,122.47,162.13,48.24,55.47
warmup_16.mp4,1190,132.34,152.54,40.62,73.38
warmup_16.mp4,1200,174.08,136.35,36.17,81.4
warmup_16.mp4,1210,168.56,126.01,45.57,54.14
warmup_16.mp4,1220,157.54,148.6,35.34,55.76
warmup_16.mp4,1230,157.63,131.92,32.05,42.74
warmup_16.mp4,1240,153.15,128.85,23.03,29.9
warmup_16.mp4,1250,160.79,126.52,25.23,28.71
warmup_16.mp4,1260,162.68,132.78,21.01,15.31
warmup_16.mp4,1270,154.8,132.91,22.13,18.83
warmup_16.mp4,1280,162.72,137.81,22.45,18.48
warmup_16.mp4,1290,165.46,128.04,25.73,30.76
warmup_16.mp4,1300,160.69,143.55,30.66,56.58
warmup_16.mp4,1310,150.24,153.4,49.02,63.23
warmup_16.mp4,1320,149.55,162.24,34.81,61.93
warmup_16.mp4,1330,148.09,123.34,18.29,23.02
warmup_16.mp4,1340,138.72,95.8,102.16,22.28
warmup_16.mp4,1350,145.12,92.05,95.82,41.69
warmup_16.mp4,1360,91.24,111.94,52.89,70.93
warmup_16.mp4,1370,88.87,107.66,64.43,61.91
warmup_16.mp4,1380,87.39,104.12,66.12,60.55
warmup_16.mp4,1390,89.54,102.08,79.24,66.22
warmup_16.mp4,1400,85.27,101.13,66.07,63.29
warmup_16.mp4,1410,93.75,109.64,56.82,79.53
warmup_16.mp4,1420,142.86,99.64,96.23,41.71
warmup_16.mp4,1430,117.85,123.84,49.91,34.73
warmup_16.mp4,1440,156.7,142.92,37.47,43.8
warmup_16.mp4,1450,158.6,135.3,37.52,35.5
warmup_16.mp4,1460,159.28,137.0,23.68,20.34
warmup_16.mp4,1470,160.58,138.13,22.08,19.66
warmup_16.mp4,1480,160.65,128.3,21.45,20.68
warmup_16.mp4,1490,161.46,135.55,22.68,23.69
warmup_16.mp4,1500,163.7,136.03,24.71,23.12
warmup_16.mp4,1510,168.65,144.06,47.12,34.75
warmup_16.mp4,1520,168.49,152.19,38.77,20.96
warmup_16.mp4,1530,165.67,138.42,39.52,29.7
warmup_16.mp4,1540,160.88,131.34,31.3,42.74
warmup_16.mp4,1550,146.64,148.42,46.95,83.15
warmup_16.mp4,1560,140.25,146.17,39.79,85.66
warmup_16.mp4,1570,147.0,137.61,38.62,68.41
warmup_16.mp4,1580,141.28,132.51,33.23,68.37
warmup_16.mp4,1590,143.25,149.87,26.93,62.19
warmup_16.mp4,1600,138.24,161.04,27.74,62.37
warmup_16.mp4,1610,122.21,157.53,41.97,54.51
warmup_16.mp4,1620,122.39,155.59,67.66,48.93
warmup_16.mp4,1630,128.76,156.96,32.46,59.57
warmup_16.mp4,1640,138.01,148.82,24.5,54.93
warmup_16.mp4,1650,161.21,141.67,23.05,89.97
warmup_16.mp4,1660,155.11,143.31,33.13,61.2
warmup_16.mp4,1670,168.73,144.84,52.33,39.7
warmup_16.mp4,1680,155.91,139.46,28.74,17.39
warmup_16.mp4,1690,157.52,132.74,25.91,19.87
warmup_16.mp4,1700,161.25,137.75,24.5,17.23
warmup_16.mp4,1710,160.04,137.23,25.18,19.8
warmup_16.mp4,1720,163.91,133.31,29.98,45.71
warmup_16.mp4,1730,161.8,136.28,31.0,48.06
warmup_16.mp4,1740,152.18,157.99,51.18,61.99
warmup_16.mp4,1750,148.33,159.55,40.47,64.9
warmup_16.mp4,1760,149.42,140.49,24.63,53.74
warmup_16.mp4,1770,135.07,93.51,101.69,18.74
warmup_16.mp4,1780,108.35,97.37,69.71,56.96
warmup_16.mp4,1790,135.1,98.65,78.82,50.75
warmup_16.mp4,1800,107.5,109.63,71.88,72.11
warmup_16.mp4,1810,91.66,124.39,67.14,84.36
warmup_16.mp4,1820,84.43,113.22,65.23,79.79
warmup_16.mp4,1830,81.99,93.43,61.7,78.7
warmup_16.mp4,1840,91.38,100.67,71.87,67.16
warmup_16.mp4,1850,90.14,108.02,52.72,70.05
warmup_16.mp4,1860,155.67,113.97,79.11,39.48
warmup_16.mp4,1870,120.22,123.2,67.98,42.64
warmup_16.mp4,1880,160.78,134.71,29.42,38.48
warmup_16.mp4,1890,151.14,130.68,27.69,22.49
warmup_16.mp4,1900,159.23,134.92,23.44,23.65
warmup_16.mp4,1910,156.48,135.95,24.49,25.06
warmup_16.mp4,1920,148.48,132.9,27.35,24.86
warmup_16.mp4,1930,156.98,131.1,24.36,22.61
warmup_16.mp4,1940,166.69,132.48,33.78,25.37
warmup_16.mp4,1950,164.48,137.57,28.72,24.39
warmup_16.mp4,1960,171.06,144.36,34.68,19.98
warmup_16.mp4,1970,167.41,137.43,36.09,25.5
warmup_16.mp4,1980,161.49,140.83,33.67,31.84
warmup_16.mp4,1990,140.6,141.02,41.9,89.95
warmup_16.mp4,2000,140.42,145.99,32.89,77.0
warmup_16.mp4,2010,146.71,140.67,29.39,79.78
warmup_16.mp4,2020,146.46,158.98,28.76,84.62
warmup_16.mp4,2030,128.67,164.93,38.81,67.21
warmup_16.mp4,2040,123.54,161.11,36.6,47.31
warmup_16.mp4,2050,122.95,147.66,36.67,44.93
warmup_16.mp4,2060,127.15,164.35,26.47,58.03
warmup_16.mp4,2070,145.08,153.95,30.3,76.58
warmup_16.mp4,2080,174.9,133.81,28.08,95.02
warmup_16.mp4,2090,161.87,145.09,34.26,65.9
warmup_16.mp4,2100,162.84,138.41,37.41,34.63
warmup_16.mp4,2110,158.1,135.66,25.51,20.7
warmup_16.mp4,2120,158.06,132.63,20.97,22.92
warmup_16.mp4,2130,162.63,133.53,20.25,17.84
warmup_16.mp4,2140,164.55,133.62,20.48,17.05
warmup_16.mp4,2150,161.29,136.53,21.98,16.53
warmup_16.mp4,2160,163.25,141.06,24.63,16.96
warmup_16.mp4,2170,165.41,135.06,24.83,32.34
warmup_16.mp4,2180,165.43,134.71,25.74,52.49
warmup_16.mp4,2190,143.86,150.53,41.71,68.71
warmup_16.mp4,2200,150.14,155.12,34.17,53.63
warmup_16.mp4,2210,158.25,141.16,44.43,30.83
warmup_16.mp4,2220,133.96,94.91,106.39,18.72
warmup_16.mp4,2230,97.25,94.92,70.72,59.92
warmup_16.mp4,2240,127.73,114.99,73.14,62.88
warmup_16.mp4,2250,95.26,115.12,68.19,72.57
warmup_16.mp4,2260,85.1,112.26,44.71,94.36
warmup_16.mp4,2270,90.36,97.55,45.38,88.96
warmup_16.mp4,2280,92.09,95.1,49.13,87.51
warmup_16.mp4,2290,88.16,101.19,66.23,64.15
warmup_16.mp4,2300,94.41,105.68,55.09,65.73
warmup_16.mp4,2310,146.58,118.39,86.58,24.9
warmup_16.mp4,2320,121.11,116.79,70.62,37.6
warmup_16.mp4,2330,162.11,142.51,28.41,44.23
warmup_16.mp4,2340,160.9,139.39,26.21,22.95
warmup_16.mp4,2350,161.9,150.58,24.45,18.34
warmup_16.mp4,2360,150.95,139.96,25.1,16.98
warmup_16.mp4,2370,155.14,141.46,24.3,22.83
warmup_16.mp4,2380,160.45,135.42,21.44,21.05
warmup_16.mp4,2390,160.49,140.02,21.28,17.16
warmup_16.mp4,2400,160.02,140.55,21.12,15.71
warmup_16.mp4,2410,160.51,135.93,20.26,18.67
warmup_16.mp4,2420,161.68,135.74,20.3,18.88
warmup_16.mp4,2430,159.48,141.92,20.81,18.31
warmup_16.mp4,2440,160.7,140.46,20.61,17.78
warmup_16.mp4,2450,163.04,140.2,20.31,15.93
warmup_16.mp4,2460,161.33,139.53,20.78,18.3
warmup_17.mp4,10,86.12,117.21,23.51,24.33
warmup_17.mp4,20,87.52,116.39,22.3,23.32
warmup_17.mp4,30,84.87,116.31,21.77,24.47
warmup_17.mp4,40,86.42,117.4,21.86,25.2
warmup_17.mp4,50,86.89,118.19,24.89,22.26
warmup_17.mp4,60,83.95,116.71,26.0,26.79
warmup_17.mp4,70,111.93,147.02,46.13,58.9
warmup_17.mp4,80,110.79,147.24,85.76,96.85
warmup_17.mp4,90,131.98,144.32,106.05,101.52
warmup_17.mp4,100,133.48,140.72,146.47,133.78
warmup_17.mp4,110,138.34,149.17,150.61,138.94
warmup_17.mp4,120,151.89,160.03,97.09,115.19
warmup_17.mp4,130,143.77,128.89,49.03,41.11
warmup_17.mp4,140,88.18,118.95,14.29,43.57
warmup_17.mp4,150,83.15,119.78,20.94,37.98
warmup_17.mp4,160,157.6,156.2,65.18,71.75
warmup_17.mp4,170,141.35,151.57,106.38,103.35
warmup_17.mp4,180,136.77,148.57,159.28,140.15
warmup_17.mp4,190,126.17,134.04,123.13,111.5
warmup_17.mp4,200,157.09,151.59,51.84,58.77
warmup_17.mp4,210,87.56,116.54,13.77,40.04
warmup_17.mp4,220,98.29,120.67,28.53,22.84
warmup_17.mp4,230,161.29,166.39,102.93,119.68
warmup_17.mp4,240,144.13,145.68,156.81,149.62
warmup_17.mp4,250,144.43,146.88,168.3,157.18
warmup_17.mp4,260,133.73,137.03,127.78,117.49
warmup_17.mp4,270,150.86,156.67,54.16,68.64
warmup_17.mp4,280,86.53,110.95,13.33,32.7
warmup_17.mp4,290,93.29,119.39,30.01,24.63
warmup_17.mp4,300,162.89,157.45,99.0,119.3
warmup_17.mp4,310,142.28,142.67,162.42,165.87
warmup_17.mp4,320,148.87,145.86,171.09,161.71
warmup_17.mp4,330,131.21,139.91,114.18,106.4
warmup_17.mp4,340,148.51,151.77,46.04,52.51
warmup_17.mp4,350,86.49,115.57,15.36,39.05
warmup_17.mp4,360,141.2,148.13,35.49,40.08
warmup_17.mp4,370,162.47,163.73,103.45,125.23
warmup_17.mp4,380,150.68,146.98,167.42,162.2
warmup_17.mp4,390,146.77,148.21,170.49,165.24
warmup_17.mp4,400,135.34,139.36,129.3,117.45
warmup_17.mp4,410,154.33,134.43,54.04,55.48
warmup_17.mp4,420,93.11,119.97,15.86,39.99
warmup_17.mp4,430,88.53,119.81,23.03,30.61
warmup_17.mp4,440,95.21,115.62,33.58,18.56
warmup_17.mp4,450,75.99,105.29,43.25,27.09
warmup_17.mp4,460,73.98,100.04,30.74,30.19
warmup_17.mp4,470,80.95,105.41,19.71,26.86
warmup_17.mp4,480,81.21,107.93,19.85,24.73
warmup_17.mp4,490,81.04,105.06,20.63,22.96
warmup_17.mp4,500,81.3,108.92,23.05,23.77
warmup_17.mp4,510,80.29,107.98,21.2,26.26
warmup_18.mp4,10,83.17,105.6,18.05,22.72
warmup_18.mp4,20,81.64,107.34,19.36,23.49
warmup_18.mp4,30,81.14,106.86,19.93,24.04
warmup_18.mp4,40,80.91,105.43,19.62,23.95
warmup_18.mp4,50,83.42,113.84,21.46,27.13
warmup_18.mp4,60,82.96,111.94,17.67,25.17
warmup_18.mp4,70,82.37,102.02,17.82,20.48
warmup_18.mp4,80,82.4,99.61,17.85,19.77
warmup_18.mp4,90,79.07,106.42,19.33,29.69
warmup_18.mp4,100,81.0,120.38,34.46,39.09
warmup_18.mp4,110,155.39,150.84,48.07,65.99
warmup_18.mp4,120,146.03,151.37,84.69,117.94
warmup_18.mp4,130,141.09,165.3,125.91,117.2
warmup_18.mp4,140,136.93,156.98,138.93,126.2
warmup_18.mp4,150,145.59,155.19,110.27,125.14
warmup_18.mp4,160,123.41,148.43,93.93,112.64
warmup_18.mp4,170,138.14,162.26,84.88,106.61
warmup_18.mp4,180,133.66,157.16,79.64,99.8
warmup_18.mp4,190,92.74,142.26,47.26,89.94
warmup_18.mp4,200,162.5,158.59,105.68,124.27
warmup_18.mp4,210,146.92,159.62,135.73,127.91
warmup_18.mp4,220,144.79,160.92,151.1,139.38
warmup_18.mp4,230,134.78,151.06,116.86,117.64
warmup_18.mp4,240,156.75,147.7,138.17,130.73
warmup_18.mp4,250,127.95,158.84,76.98,104.86
warmup_18.mp4,260,129.81,157.66,80.47,102.45
warmup_18.mp4,270,105.32,145.0,62.12,94.36
warmup_18.mp4,280,169.98,163.54,92.79,112.86
warmup_18.mp4,290,148.17,156.22,119.49,126.33
warmup_18.mp4,300,146.76,153.58,161.07,152.58
warmup_18.mp4,310,145.49,164.35,131.96,124.66
warmup_18.mp4,320,146.53,144.47,121.19,137.82
warmup_18.mp4,330,107.5,150.98,64.66,104.38
warmup_18.mp4,340,122.59,154.15,69.36,94.79
warmup_18.mp4,350,132.09,160.01,74.06,102.85
warmup_18.mp4,360,89.52,141.72,42.28,91.12
warmup_18.mp4,370,162.1,158.11,106.81,128.18
warmup_18.mp4,380,146.77,146.23,164.01,158.36
warmup_18.mp4,390,144.35,151.55,150.14,137.12
warmup_18.mp4,400,145.11,161.69,152.62,143.14
warmup_18.mp4,410,150.13,148.24,127.4,140.12
warmup_18.mp4,420,116.78,155.27,71.8,107.49
warmup_18.mp4,430,140.31,158.18,88.19,105.28
warmup_18.mp4,440,130.57,156.49,76.39,102.49
warmup_18.mp4,450,95.17,141.47,55.47,95.4
warmup_18.mp4,460,163.46,158.72,107.17,125.88
warmup_18.mp4,470,145.53,151.75,161.66,163.33
warmup_18.mp4,480,145.57,155.45,143.33,133.59
warmup_18.mp4,490,140.86,155.75,136.93,126.25
warmup_18.mp4,500,157.78,155.15,138.56,144.03
warmup_18.mp4,510,122.64,151.65,71.61,104.18
warmup_18.mp4,520,143.68,157.55,91.45,106.85
warmup_18.mp4,530,144.23,159.77,87.86,107.87
warmup_18.mp4,540,123.05,138.33,85.43,95.81
warmup_18.mp4,550,152.62,150.42,76.98,95.18
warmup_18.mp4,560,147.98,160.89,103.91,117.38
warmup_18.mp4,570,140.19,137.62,68.41,67.89
warmup_18.mp4,580,64.29,111.21,66.7,30.21
warmup_18.mp4,590,85.33,116.36,19.2,25.31
warmup_18.mp4,600,86.16,113.33,17.53,22.95
warmup_18.mp4,610,83.55,109.19,26.73,22.02
warmup_18.mp4,620,81.69,114.84,37.46,23.8
warmup_18.mp4,630,84.57,116.01,31.22,23.71
warmup_18.mp4,640,82.87,114.79,34.1,21.67
warmup_18.mp4,650,82.96,114.53,32.32,21.13
warmup_19.mp4,10,167.48,136.1,23.76,26.38
warmup_19.mp4,20,168.44,135.99,20.74,26.24
warmup_19.mp4,30,167.96,137.2,21.55,26.84
warmup_19.mp4,40,167.08,138.06,23.26,29.2
warmup_19.mp4,50,169.09,139.47,22.12,26.79
warmup_19.mp4,60,142.95,120.02,31.01,19.99
warmup_19.mp4,70,155.83,140.31,90.81,71.98
warmup_19.mp4,80,151.74,125.56,137.88,140.41
warmup_19.mp4,90,145.57,120.17,177.61,169.24
warmup_19.mp4,100,132.63,126.18,170.34,167.0
warmup_19.mp4,110,129.26,119.39,155.21,142.18
warmup_19.mp4,120,157.66,147.23,130.46,119.82
warmup_19.mp4,130,164.56,148.69,38.54,27.74
warmup_19.mp4,140,158.53,139.8,34.41,51.61
warmup_19.mp4,150,152.54,131.62,113.22,88.05
warmup_19.mp4,160,166.7,149.45,134.32,130.56
warmup_19.mp4,170,122.71,127.2,168.49,148.85
warmup_19.mp4,180,119.69,138.35,158.18,158.33
warmup_19.mp4,190,158.5,116.68,129.83,141.44
warmup_19.mp4,200,142.25,117.96,93.77,53.47
warmup_19.mp4,210,154.35,147.94,44.31,46.03
warmup_19.mp4,220,141.49,120.44,106.84,69.53
warmup_19.mp4,230,163.37,152.4,107.02,97.3
warmup_19.mp4,240,131.15,121.19,171.86,155.18
warmup_19.mp4,250,138.23,139.28,177.76,160.33
warmup_19.mp4,260,137.2,134.23,147.54,153.38
warmup_19.mp4,270,166.6,154.24,120.05,110.02
warmup_19.mp4,280,147.91,124.52,31.98,44.42
warmup_19.mp4,290,158.76,178.52,25.59,13.55
warmup_19.mp4,300,128.41,109.05,78.94,44.39
warmup_19.mp4,310,165.9,151.16,115.04,103.9
warmup_19.mp4,320,134.06,121.05,167.39,153.5
warmup_19.mp4,330,129.23,134.59,164.34,155.44
warmup_19.mp4,340,131.63,117.02,128.6,158.2
warmup_19.mp4,350,152.97,135.8,112.87,98.81
warmup_19.mp4,360,156.99,161.13,35.19,11.35
warmup_19.mp4,370,157.45,147.02,40.71,27.13
warmup_19.mp4,380,158.89,137.16,122.53,99.15
warmup_19.mp4,390,173.44,128.59,143.96,140.19
warmup_19.mp4,400,139.69,141.17,166.44,160.06
warmup_19.mp4,410,110.46,129.47,155.91,146.83
warmup_19.mp4,420,167.93,149.06,127.57,124.15
warmup_19.mp4,430,125.81,117.74,19.43,25.69
warmup_19.mp4,440,153.58,174.46,39.84,11.63
warmup_19.mp4,450,150.99,123.92,35.17,37.04
warmup_19.mp4,460,161.89,83.23,116.57,24.67
warmup_19.mp4,470,133.8,114.94,141.27,119.01
warmup_19.mp4,480,122.66,122.79,161.43,157.92
warmup_19.mp4,490,112.88,115.17,133.91,135.31
warmup_19.mp4,500,143.12,125.93,70.32,38.87
warmup_19.mp4,510,164.39,133.83,26.4,27.01
warmup_19.mp4,520,166.15,141.26,28.56,10.78
warmup_19.mp4,530,160.36,131.43,24.5,20.7
warmup_19.mp4,540,144.14,123.1,42.42,21.14
warmup_19.mp4,550,149.5,123.67,35.41,22.43
warmup_19.mp4,560,163.31,132.02,17.76,23.62
warmup_19.mp4,570,168.61,138.23,17.75,20.36
warmup_19.mp4,580,161.85,132.9,20.01,19.86
warmup_19.mp4,590,161.97,133.02,19.55,17.05
warmup_2.mp4,10,109.23,74.47,27.93,14.96
warmup_2.mp4,20,110.18,73.9,28.58,14.09
warmup_2.mp4,30,115.5,74.19,32.17,16.04
warmup_2.mp4,40,112.28,74.25,30.37,13.71
warmup_2.mp4,50,113.99,74.47,30.38,14.79
warmup_2.mp4,60,112.17,74.65,30.52,12.62
warmup_2.mp4,70,111.62,74.7,29.05,13.91
warmup_2.mp4,80,113.88,74.56,31.55,14.39
warmup_2.mp4,90,105.39,73.15,27.31,12.71
warmup_2.mp4,100,108.91,71.74,36.86,10.04
warmup_2.mp4,110,101.55,70.64,32.57,8.59
warmup_2.mp4,120,104.4,67.47,34.94,5.32
warmup_2.mp4,130,99.46,69.45,30.72,7.43
warmup_2.mp4,140,129.9,98.16,60.19,33.88
warmup_2.mp4,150,124.78,101.89,57.1,50.8
warmup_2.mp4,160,172.21,99.68,105.9,83.29
warmup_2.mp4,170,171.9,137.5,144.65,103.06
warmup_2.mp4,180,172.48,133.89,167.88,117.3
warmup_2.mp4,190,169.47,138.51,175.09,122.83
warmup_2.mp4,200,169.2,129.31,176.0,122.57
warmup_2.mp4,210,169.54,117.85,175.91,111.75
warmup_2.mp4,220,166.02,120.86,176.98,117.28
warmup_2.mp4,230,165.89,121.37,176.07,118.97
warmup_2.mp4,240,168.85,138.42,176.66,129.92
warmup_2.mp4,250,170.17,146.14,170.84,128.47
warmup_2.mp4,260,157.94,119.61,139.68,100.45
warmup_2.mp4,270,132.27,64.28,90.91,48.11
warmup_2.mp4,280,96.31,76.01,42.48,12.53
warmup_2.mp4,290,99.32,72.68,32.84,11.73
warmup_2.mp4,300,102.44,75.78,32.13,19.9
warmup_2.mp4,310,101.02,77.77,30.17,20.85
warmup_2.mp4,320,108.43,74.61,34.11,14.23
warmup_2.mp4,330,115.81,75.37,37.05,12.54
warmup_2.mp4,340,113.51,75.55,36.79,12.01
warmup_2.mp4,350,114.61,76.44,34.49,12.7
warmup_2.mp4,360,111.08,77.68,32.84,13.44
warmup_2.mp4,370,111.96,76.68,35.68,13.07
warmup_2.mp4,380,106.7,76.07,31.27,13.33
warmup_2.mp4,390,114.48,74.03,42.49,12.59
warmup_2.mp4,400,108.4,74.16,34.17,10.09
warmup_2.mp4,410,113.89,71.83,36.22,9.03
warmup_2.mp4,420,109.82,75.51,35.94,12.43
warmup_2.mp4,430,125.33,94.26,55.25,30.31
warmup_2.mp4,440,157.4,98.1,92.22,62.6
warmup_2.mp4,450,172.24,128.37,130.94,94.7
warmup_2.mp4,460,170.15,138.29,160.3,119.42
warmup_2.mp4,470,172.37,152.18,172.69,141.34
warmup_2.mp4,480,166.98,161.52,174.22,156.32
warmup_2.mp4,490,169.9,155.07,176.27,146.34
warmup_2.mp4,500,166.88,146.59,175.98,141.78
warmup_2.mp4,510,168.57,147.78,175.02,142.23
warmup_2.mp4,520,166.24,147.28,175.15,143.48
warmup_2.mp4,530,168.34,152.95,171.46,143.2
warmup_2.mp4,540,157.11,113.12,135.64,88.12
warmup_2.mp4,550,105.73,68.25,60.17,32.12
warmup_2.mp4,560,109.74,75.45,35.37,5.53
warmup_2.mp4,570,105.64,73.53,34.51,10.26
warmup_2.mp4,580,100.94,75.61,29.02,18.43
warmup_2.mp4,590,100.48,73.58,28.61,19.52
warmup_2.mp4,600,106.55,75.56,30.7,15.51
warmup_2.mp4,610,108.81,76.61,30.3,13.8
warmup_2.mp4,620,112.18,76.63,30.05,11.83
warmup_2.mp4,630,110.41,78.1,31.92,13.63
warmup_2.mp4,640,113.24,76.66,35.81,13.99
warmup_2.mp4,650,109.78,76.01,33.54,13.65
warmup_2.mp4,660,108.89,78.99,34.65,15.17
warmup_2.mp4,670,112.88,72.75,42.83,12.64
warmup_2.mp4,680,107.01,73.63,36.49,11.75
warmup_2.mp4,690,116.99,67.77,40.3,13.51
warmup_2.mp4,700,107.08,78.91,35.73,21.05
warmup_2.mp4,710,164.03,96.63,99.36,62.97
warmup_2.mp4,720,170.22,136.87,140.92,95.58
warmup_2.mp4,730,170.29,144.39,165.62,130.36
warmup_2.mp4,740,165.57,164.72,173.72,160.37
warmup_2.mp4,750,164.71,158.87,176.88,153.65
warmup_2.mp4,760,164.73,134.84,176.2,131.48
warmup_2.mp4,770,165.7,134.29,176.82,129.03
warmup_2.mp4,780,165.44,141.15,175.55,131.95
warmup_2.mp4,790,163.83,155.28,177.02,148.95
warmup_2.mp4,800,162.7,129.48,149.02,110.17
warmup_2.mp4,810,148.69,84.42,97.37,48.82
warmup_2.mp4,820,90.32,68.97,35.46,11.14
warmup_2.mp4,830,96.66,73.53,28.89,7.67
warmup_2.mp4,840,102.74,73.79,32.49,14.04
warmup_2.mp4,850,107.59,74.0,29.5,16.96
warmup_2.mp4,860,107.04,70.72,33.2,16.06
warmup_2.mp4,870,114.49,75.81,36.28,13.4
warmup_2.mp4,880,111.36,78.01,33.81,12.34
warmup_2.mp4,890,113.36,77.27,36.34,12.57
warmup_2.mp4,900,112.62,75.81,36.84,13.69
warmup_2.mp4,910,108.64,78.13,32.05,13.58
warmup_2.mp4,920,109.29,70.5,40.92,12.16
warmup_2.mp4,930,107.41,74.28,37.14,13.61
warmup_2.mp4,940,110.06,67.87,33.7,13.41
warmup_2.mp4,950,103.86,77.41,33.12,17.56
warmup_2.mp4,960,122.18,94.65,59.68,36.61
warmup_2.mp4,970,169.27,106.25,102.37,73.61
warmup_2.mp4,980,172.28,126.89,132.86,98.82
warmup_2.mp4,990,171.15,147.39,160.63,131.0
warmup_2.mp4,1000,170.9,161.59,172.57,153.75
warmup_2.mp4,1010,162.84,156.57,175.82,152.44
warmup_2.mp4,1020,165.72,148.08,175.19,144.42
warmup_2.mp4,1030,163.36,151.85,176.21,150.25
warmup_2.mp4,1040,163.69,139.41,176.27,136.57
warmup_2.mp4,1050,164.6,155.15,177.08,151.05
warmup_2.mp4,1060,164.67,138.76,157.74,121.21
warmup_2.mp4,1070,153.94,93.88,113.57,64.15
warmup_2.mp4,1080,78.33,70.64,32.77,14.89
warmup_2.mp4,1090,94.68,73.18,29.29,12.09
warmup_2.mp4,1100,103.71,75.5,29.5,14.01
warmup_2.mp4,1110,100.46,72.96,28.19,18.01
warmup_2.mp4,1120,101.35,74.12,29.96,15.87
warmup_2.mp4,1130,106.25,74.53,32.76,12.04
warmup_2.mp4,1140,105.0,74.72,31.55,11.47
warmup_2.mp4,1150,106.0,78.44,28.82,12.77
warmup_2.mp4,1160,105.62,78.2,29.04,13.34
warmup_2.mp4,1170,107.37,79.59,30.97,14.02
warmup_2.mp4,1180,105.26,78.45,30.43,13.97
warmup_2.mp4,1190,110.25,78.24,32.65,13.03
warmup_2.mp4,1200,106.81,72.1,35.63,11.74
warmup_2.mp4,1210,109.14,69.85,35.9,9.21
warmup_2.mp4,1220,107.31,67.72,31.91,11.09
warmup_2.mp4,1230,107.98,79.04,34.83,16.94
warmup_2.mp4,1240,134.67,87.64,65.07,34.9
warmup_2.mp4,1250,172.52,108.0,102.78,83.54
warmup_2.mp4,1260,170.11,140.04,143.4,109.47
warmup_2.mp4,1270,170.14,145.08,163.95,131.15
warmup_2.mp4,1280,167.12,161.7,172.7,155.73
warmup_2.mp4,1290,165.71,131.18,173.02,125.95
warmup_2.mp4,1300,162.13,123.94,174.64,119.61
warmup_2.mp4,1310,164.07,139.82,175.74,131.94
warmup_2.mp4,1320,162.22,131.85,176.45,126.09
warmup_2.mp4,1330,164.54,135.8,173.9,128.71
warmup_2.mp4,1340,161.29,111.96,147.12,101.21
warmup_2.mp4,1350,143.8,104.08,93.46,34.4
warmup_2.mp4,1360,97.45,71.32,31.85,9.21
warmup_2.mp4,1370,105.05,73.59,34.51,11.61
warmup_2.mp4,1380,105.85,76.81,34.86,18.13
warmup_2.mp4,1390,101.63,69.41,27.23,18.19
warmup_2.mp4,1400,100.93,73.35,30.93,15.37
warmup_2.mp4,1410,107.41,75.77,31.01,13.66
warmup_2.mp4,1420,105.71,75.86,28.09,12.55
warmup_2.mp4,1430,108.49,77.71,30.74,13.91
warmup_2.mp4,1440,103.11,73.55,29.7,13.5
warmup_2.mp4,1450,101.0,73.93,28.24,13.25
warmup_2.mp4,1460,105.73,74.34,30.4,12.99
warmup_2.mp4,1470,105.26,74.34,28.94,13.93
warmup_3.mp4,10,109.57,77.28,31.7,13.69
warmup_3.mp4,20,112.92,77.4,33.16,13.27
warmup_3.mp4,30,110.88,77.89,31.85,12.98
warmup_3.mp4,40,107.14,78.65,28.35,13.19
warmup_3.mp4,50,109.1,78.87,29.94,12.97
warmup_3.mp4,60,106.07,78.0,27.23,13.26
warmup_3.mp4,70,109.37,77.89,32.84,13.36
warmup_3.mp4,80,109.14,77.79,31.0,12.59
warmup_3.mp4,90,103.61,76.87,26.19,13.07
warmup_3.mp4,100,108.32,76.05,28.91,13.1
warmup_3.mp4,110,110.14,76.02,32.97,12.61
warmup_3.mp4,120,107.32,73.79,34.55,11.26
warmup_3.mp4,130,107.76,69.47,34.09,16.25
warmup_3.mp4,140,109.9,86.51,51.24,19.68
warmup_3.mp4,150,144.99,147.64,97.59,80.8
warmup_3.mp4,160,152.03,161.44,112.9,94.1
warmup_3.mp4,170,152.81,171.45,145.52,130.83
warmup_3.mp4,180,154.49,173.72,148.9,140.7
warmup_3.mp4,190,156.85,172.67,147.29,138.72
warmup_3.mp4,200,155.04,173.23,148.15,140.57
warmup_3.mp4,210,151.53,172.14,147.09,138.36
warmup_3.mp4,220,154.36,171.74,147.41,139.33
warmup_3.mp4,230,148.67,170.95,145.42,137.41
warmup_3.mp4,240,142.28,157.66,102.54,89.06
warmup_3.mp4,250,111.87,60.99,73.08,40.19
warmup_3.mp4,260,87.49,67.09,31.59,15.73
warmup_3.mp4,270,95.2,71.82,28.06,14.36
warmup_3.mp4,280,103.78,72.71,28.45,17.62
warmup_3.mp4,290,108.97,70.62,27.54,21.76
warmup_3.mp4,300,103.83,69.3,29.33,18.63
warmup_3.mp4,310,112.0,73.19,31.57,17.43
warmup_3.mp4,320,115.41,73.18,33.17,15.1
warmup_3.mp4,330,112.71,74.86,33.61,13.54
warmup_3.mp4,340,110.86,75.46,33.76,14.72
warmup_3.mp4,350,107.02,75.93,33.51,14.93
warmup_3.mp4,360,114.7,75.84,34.06,13.46
warmup_3.mp4,370,112.85,76.81,41.23,13.82
warmup_3.mp4,380,105.27,74.73,30.92,12.06
warmup_3.mp4,390,107.81,73.05,30.3,14.52
warmup_3.mp4,400,94.64,64.15,30.15,26.29
warmup_3.mp4,410,160.67,165.5,97.6,74.13
warmup_3.mp4,420,147.79,163.04,123.99,104.6
warmup_3.mp4,430,159.11,171.95,144.19,130.92
warmup_3.mp4,440,150.61,173.46,143.73,135.85
warmup_3.mp4,450,148.39,172.97,144.6,139.69
warmup_3.mp4,460,152.22,174.02,143.84,138.48
warmup_3.mp4,470,152.63,174.56,142.67,135.64
warmup_3.mp4,480,149.47,172.76,141.5,134.53
warmup_3.mp4,490,156.72,172.51,148.01,140.13
warmup_3.mp4,500,139.88,151.48,93.14,83.8
warmup_3.mp4,510,120.73,59.28,75.55,46.62
warmup_3.mp4,520,92.88,69.62,30.94,15.5
warmup_3.mp4,530,98.89,75.6,27.85,14.45
warmup_3.mp4,540,107.61,79.66,33.3,16.62
warmup_3.mp4,550,106.03,78.19,25.86,17.11
warmup_3.mp4,560,108.44,75.37,28.9,17.75
warmup_3.mp4,570,111.12,75.79,30.67,14.64
warmup_3.mp4,580,119.25,79.19,34.02,14.03
warmup_3.mp4,590,111.61,76.21,31.58,13.55
warmup_3.mp4,600,110.43,77.16,29.82,15.59
warmup_3.mp4,610,107.35,76.34,29.75,14.13
warmup_3.mp4,620,109.32,75.05,33.59,13.44
warmup_3.mp4,630,102.54,73.83,31.5,11.48
warmup_3.mp4,640,104.72,71.75,32.33,10.52
warmup_3.mp4,650,93.55,64.54,30.54,23.13
warmup_3.mp4,660,147.87,154.07,91.87,79.25
warmup_3.mp4,670,151.3,163.15,111.59,91.59
warmup_3.mp4,680,157.17,172.44,141.86,132.42
warmup_3.mp4,690,156.05,172.8,145.8,136.22
warmup_3.mp4,700,157.85,173.14,146.16,139.33
warmup_3.mp4,710,158.5,172.63,148.72,140.53
warmup_3.mp4,720,159.23,172.0,150.75,141.85
warmup_3.mp4,730,155.77,174.07,150.55,142.92
warmup_3.mp4,740,156.42,172.77,150.31,141.3
warmup_3.mp4,750,158.6,171.54,147.87,139.53
warmup_3.mp4,760,148.14,162.66,127.64,115.35
warmup_3.mp4,770,141.27,158.3,104.9,93.4
warmup_3.mp4,780,92.95,59.82,39.67,35.06
warmup_3.mp4,790,97.86,71.87,27.53,9.14
warmup_3.mp4,800,99.72,78.53,28.21,15.58
warmup_3.mp4,810,106.73,76.33,29.22,14.77
warmup_3.mp4,820,107.4,75.94,29.79,16.37
warmup_3.mp4,830,109.72,76.36,28.42,14.16
warmup_3.mp4,840,108.02,77.88,28.07,12.64
warmup_3.mp4,850,115.96,77.29,32.2,12.67
warmup_3.mp4,860,109.92,74.32,31.98,12.81
warmup_3.mp4,870,106.66,77.17,27.87,14.01
warmup_3.mp4,880,108.48,78.48,28.59,13.2
warmup_3.mp4,890,108.19,74.85,34.74,13.78
warmup_3.mp4,900,109.58,75.08,33.02,10.44
warmup_3.mp4,910,106.56,71.33,30.45,11.0
warmup_3.mp4,920,95.97,66.73,30.92,17.74
warmup_3.mp4,930,147.62,157.49,97.78,92.64
warmup_3.mp4,940,150.89,161.4,105.3,81.37
warmup_3.mp4,950,153.94,164.34,135.15,116.97
warmup_3.mp4,960,158.41,172.57,143.48,130.4
warmup_3.mp4,970,153.78,174.39,139.44,131.4
warmup_3.mp4,980,151.01,173.32,145.92,136.85
warmup_3.mp4,990,154.69,173.03,147.98,139.39
warmup_3.mp4,1000,152.97,174.1,145.35,138.21
warmup_3.mp4,1010,152.94,174.47,145.91,137.97
warmup_3.mp4,1020,148.48,173.73,144.76,137.45
warmup_3.mp4,1030,147.03,163.54,110.45,96.05
warmup_3.mp4,1040,123.48,76.82,73.07,43.81
warmup_3.mp4,1050,94.9,67.64,30.87,16.62
warmup_3.mp4,1060,103.72,74.66,30.65,11.17
warmup_3.mp4,1070,101.75,74.0,31.4,14.54
warmup_3.mp4,1080,102.29,73.65,27.94,15.68
warmup_3.mp4,1090,107.56,73.18,27.29,17.2
warmup_3.mp4,1100,112.7,74.6,33.48,15.08
warmup_3.mp4,1110,111.92,76.47,31.82,12.29
warmup_3.mp4,1120,113.73,74.57,33.74,12.63
warmup_3.mp4,1130,111.84,74.72,30.54,14.14
warmup_3.mp4,1140,107.57,74.01,29.46,13.89
warmup_3.mp4,1150,108.77,73.44,31.59,13.99
warmup_3.mp4,1160,106.25,70.58,35.06,10.21
warmup_3.mp4,1170,102.36,70.86,31.53,9.14
warmup_3.mp4,1180,106.42,69.04,33.61,13.19
warmup_3.mp4,1190,114.05,90.11,63.15,35.58
warmup_3.mp4,1200,155.24,75.73,108.62,62.51
warmup_3.mp4,1210,148.84,164.99,124.89,105.68
warmup_3.mp4,1220,151.9,174.43,145.99,136.51
warmup_3.mp4,1230,151.19,172.81,151.13,144.24
warmup_3.mp4,1240,151.4,173.53,149.99,143.82
warmup_3.mp4,1250,151.6,172.46,153.51,147.36
warmup_3.mp4,1260,149.81,173.13,149.15,143.05
warmup_3.mp4,1270,151.76,173.82,148.5,144.44
warmup_3.mp4,1280,152.35,172.78,151.04,145.01
warmup_3.mp4,1290,147.3,165.92,134.81,120.64
warmup_3.mp4,1300,131.54,153.53,87.52,89.38
warmup_3.mp4,1310,85.27,65.06,34.86,18.37
warmup_3.mp4,1320,101.56,71.19,36.79,10.8
warmup_3.mp4,1330,102.65,73.71,33.48,13.8
warmup_3.mp4,1340,101.38,75.74,26.38,16.2
warmup_3.mp4,1350,103.22,71.79,24.86,18.76
warmup_3.mp4,1360,104.42,71.69,28.98,14.94
warmup_3.mp4,1370,111.05,77.52,32.21,12.66
warmup_3.mp4,1380,112.05,79.84,30.41,11.45
warmup_3.mp4,1390,111.89,78.5,30.95,12.31
warmup_3.mp4,1400,106.68,75.98,28.5,12.83
warmup_3.mp4,1410,107.07,76.17,27.45,13.51
warmup_3.mp4,1420,106.87,77.01,28.84,12.63
warmup_3.mp4,1430,107.69,75.03,29.15,13.23
warmup_3.mp4,1440,107.9,75.41,27.95,14.06
warmup_3.mp4,1450,106.17,76.12,26.38,14.4
warmup_3.mp4,1460,105.86,78.51,27.67,13.93
warmup_4.mp4,10,83.22,120.97,22.04,30.07
warmup_4.mp4,20,84.0,115.85,19.78,28.37
warmup_4.mp4,30,83.18,120.98,21.34,32.4
warmup_4.mp4,40,84.77,123.63,23.73,32.48
warmup_4.mp4,50,83.03,119.97,22.58,32.43
warmup_4.mp4,60,81.84,122.18,24.28,33.35
warmup_4.mp4,70,83.84,124.08,29.26,31.41
warmup_4.mp4,80,81.13,118.72,23.26,31.83
warmup_4.mp4,90,82.64,118.82,27.83,30.47
warmup_4.mp4,100,85.54,121.35,37.2,43.49
warmup_4.mp4,110,96.69,139.89,67.08,85.99
warmup_4.mp4,120,137.03,101.31,124.82,50.58
warmup_4.mp4,130,157.92,85.52,166.51,23.77
warmup_4.mp4,140,97.3,67.09,152.94,61.89
warmup_4.mp4,150,113.4,88.48,145.76,33.15
warmup_4.mp4,160,140.76,90.83,140.47,30.29
warmup_4.mp4,170,138.65,103.36,137.23,21.57
warmup_4.mp4,180,123.25,83.67,136.48,40.74
warmup_4.mp4,190,126.43,72.21,143.17,67.91
warmup_4.mp4,200,88.66,86.41,156.32,12.38
warmup_4.mp4,210,168.89,120.02,151.76,36.01
warmup_4.mp4,220,119.69,122.51,107.72,62.34
warmup_4.mp4,230,85.53,147.99,68.9,82.74
warmup_4.mp4,240,85.05,140.89,54.56,59.57
warmup_4.mp4,250,80.64,131.48,44.25,38.77
warmup_4.mp4,260,83.18,144.53,42.81,40.69
warmup_4.mp4,270,85.32,148.58,42.6,41.55
warmup_4.mp4,280,84.26,146.47,40.19,46.57
warmup_4.mp4,290,84.68,143.24,46.65,39.85
warmup_4.mp4,300,85.13,133.23,45.1,42.06
warmup_4.mp4,310,93.91,144.24,66.23,78.32
warmup_4.mp4,320,126.67,116.58,112.13,71.15
warmup_4.mp4,330,157.17,100.83,174.44,33.11
warmup_4.mp4,340,129.58,73.91,148.48,37.82
warmup_4.mp4,350,151.69,104.26,125.89,18.9
warmup_4.mp4,360,116.96,126.38,101.35,23.34
warmup_4.mp4,370,118.63,131.02,104.98,26.28
warmup_4.mp4,380,146.63,128.29,120.79,18.29
warmup_4.mp4,390,151.06,100.4,127.39,23.01
warmup_4.mp4,400,141.76,109.5,143.36,19.84
warmup_4.mp4,410,145.5,105.94,153.26,16.53
warmup_4.mp4,420,169.01,134.03,160.65,58.71
warmup_4.mp4,430,113.9,134.15,118.47,55.01
warmup_4.mp4,440,85.22,150.51,79.69,70.44
warmup_4.mp4,450,79.06,140.54,59.57,53.81
warmup_4.mp4,460,83.27,146.69,47.31,41.98
warmup_4.mp4,470,83.56,152.65,54.33,41.87
warmup_4.mp4,480,81.25,151.99,49.68,43.34
warmup_4.mp4,490,84.56,154.24,52.1,43.51
warmup_4.mp4,500,79.73,137.13,54.18,45.77
warmup_4.mp4,510,89.08,157.6,70.35,72.71
warmup_4.mp4,520,107.3,154.29,88.77,98.74
warmup_4.mp4,530,156.81,117.8,151.5,65.71
warmup_4.mp4,540,166.23,90.47,158.61,25.37
warmup_4.mp4,550,142.41,64.92,143.08,92.81
warmup_4.mp4,560,153.88,110.57,128.27,38.22
warmup_4.mp4,570,111.64,123.84,99.09,41.6
warmup_4.mp4,580,111.79,130.19,89.67,37.72
warmup_4.mp4,590,110.45,122.7,102.24,35.66
warmup_4.mp4,600,153.35,119.29,124.15,37.53
warmup_4.mp4,610,138.2,89.17,135.81,36.36
warmup_4.mp4,620,128.7,100.22,151.17,11.49
warmup_4.mp4,630,166.08,125.11,150.49,43.03
warmup_4.mp4,640,148.66,138.21,138.83,53.51
warmup_4.mp4,650,91.26,150.4,78.89,81.86
warmup_4.mp4,660,83.97,150.61,62.62,71.03
warmup_4.mp4,670,81.72,134.94,40.88,39.06
warmup_4.mp4,680,80.88,142.47,38.03,37.9
warmup_4.mp4,690,79.47,142.95,40.33,34.19
warmup_4.mp4,700,79.39,136.6,39.04,37.25
warmup_4.mp4,710,89.42,137.14,49.49,49.2
warmup_4.mp4,720,99.23,163.61,69.57,92.48
warmup_4.mp4,730,106.58,140.94,98.09,94.47
warmup_4.mp4,740,159.86,97.71,157.55,46.79
warmup_4.mp4,750,162.09,89.77,143.73,40.22
warmup_4.mp4,760,145.61,85.03,132.05,55.65
warmup_4.mp4,770,116.4,126.65,107.76,37.74
warmup_4.mp4,780,110.04,140.42,85.99,32.83
warmup_4.mp4,790,108.31,131.98,89.52,32.68
warmup_4.mp4,800,112.29,123.72,101.0,30.51
warmup_4.mp4,810,144.86,98.2,128.62,23.32
warmup_4.mp4,820,142.48,102.99,143.29,24.85
warmup_4.mp4,830,164.25,109.0,143.45,30.48
warmup_4.mp4,840,163.78,140.64,114.53,36.76
warmup_4.mp4,850,101.97,147.86,98.36,75.96
warmup_4.mp4,860,87.56,150.82,75.77,75.55
warmup_4.mp4,870,79.96,146.07,63.19,60.62
warmup_4.mp4,880,82.76,145.65,46.32,45.36
warmup_4.mp4,890,78.68,140.6,31.61,43.01
warmup_4.mp4,900,81.67,146.27,45.62,40.06
warmup_4.mp4,910,78.02,134.9,39.28,43.67
warmup_4.mp4,920,86.97,157.09,68.04,73.8
warmup_4.mp4,930,101.53,160.86,88.11,87.43
warmup_4.mp4,940,142.85,137.98,133.98,83.53
warmup_4.mp4,950,165.78,108.47,156.0,38.83
warmup_4.mp4,960,110.37,76.04,146.78,34.39
warmup_4.mp4,970,135.82,92.9,132.33,28.92
warmup_4.mp4,980,132.1,101.74,112.18,24.03
warmup_4.mp4,990,114.91,139.4,93.25,49.84
warmup_4.mp4,1000,111.6,141.92,85.73,53.62
warmup_4.mp4,1010,111.58,120.11,86.97,23.26
warmup_4.mp4,1020,135.76,99.01,110.78,30.91
warmup_4.mp4,1030,136.89,98.44,135.28,11.85
warmup_4.mp4,1040,151.08,105.22,146.46,17.61
warmup_4.mp4,1050,167.35,134.63,149.56,48.44
warmup_4.mp4,1060,149.08,140.94,132.05,54.91
warmup_4.mp4,1070,92.67,154.25,95.29,77.06
warmup_4.mp4,1080,84.3,148.37,73.64,62.48
warmup_4.mp4,1090,84.15,143.27,50.2,55.59
warmup_4.mp4,1100,80.26,135.25,34.17,39.0
warmup_4.mp4,1110,82.04,133.11,31.96,33.28
warmup_4.mp4,1120,82.1,128.6,31.42,30.33
warmup_4.mp4,1130,82.29,129.48,34.53,33.76
warmup_4.mp4,1140,82.35,129.86,29.12,33.57
warmup_4.mp4,1150,81.73,125.88,29.46,31.97
warmup_4.mp4,1160,82.09,128.09,30.78,33.85
warmup_4.mp4,1170,81.04,127.58,29.25,30.6
warmup_4.mp4,1180,79.86,128.46,30.0,31.89
warmup_4.mp4,1190,82.78,126.75,28.79,31.07
warmup_5.mp4,10,139.54,168.68,28.9,34.37
warmup_5.mp4,20,141.27,166.09,30.47,33.73
warmup_5.mp4,30,137.99,165.66,32.99,37.65
warmup_5.mp4,40,142.52,168.7,28.01,26.95
warmup_5.mp4,50,139.92,168.28,28.24,26.45
warmup_5.mp4,60,145.53,169.78,29.63,27.34
warmup_5.mp4,70,144.73,168.58,31.3,26.86
warmup_5.mp4,80,141.24,167.12,29.04,25.01
warmup_5.mp4,90,140.38,163.5,30.66,25.16
warmup_5.mp4,100,139.25,169.45,25.97,20.7
warmup_5.mp4,110,141.86,169.91,29.03,19.71
warmup_5.mp4,120,137.8,171.96,32.12,18.47
warmup_5.mp4,130,136.67,168.19,28.41,29.8
warmup_5.mp4,140,134.9,164.54,29.38,29.32
warmup_5.mp4,150,136.67,156.42,25.51,26.38
warmup_5.mp4,160,132.83,164.96,23.35,34.23
warmup_5.mp4,170,128.3,177.05,31.08,16.08
warmup_5.mp4,180,125.43,175.41,30.06,17.0
warmup_5.mp4,190,131.24,172.92,26.21,37.1
warmup_5.mp4,200,134.56,168.66,21.41,38.86
warmup_5.mp4,210,138.86,164.89,17.97,44.46
warmup_5.mp4,220,141.69,165.88,26.17,51.8
warmup_5.mp4,230,123.18,151.12,44.47,62.47
warmup_5.mp4,240,132.1,160.63,36.68,44.07
warmup_5.mp4,250,138.33,157.28,10.15,97.32
warmup_5.mp4,260,103.05,143.44,113.35,123.16
warmup_5.mp4,270,174.8,120.77,174.46,132.66
warmup_5.mp4,280,154.41,135.67,159.49,166.81
warmup_5.mp4,320,164.45,161.61,12.57,20.95
warmup_5.mp4,350,89.85,164.66,72.24,133.48
warmup_5.mp4,360,102.61,156.24,93.75,140.91
warmup_5.mp4,420,154.31,114.55,101.56,75.37
warmup_5.mp4,430,78.82,118.61,61.8,79.45
warmup_5.mp4,440,117.38,165.46,101.56,136.41
warmup_5.mp4,490,157.36,143.5,166.08,91.43
warmup_5.mp4,500,160.29,117.95,24.12,84.98
warmup_5.mp4,510,87.23,153.99,36.97,108.92
warmup_5.mp4,520,68.0,134.67,43.07,80.3
warmup_5.mp4,530,74.58,128.32,50.39,109.02
warmup_5.mp4,540,174.69,145.2,140.71,70.58
warmup_5.mp4,580,40.67,118.78,37.2,78.67
warmup_5.mp4,590,92.4,165.28,73.83,136.84
warmup_5.mp4,600,81.14,148.02,66.25,128.83
warmup_5.mp4,610,155.64,147.94,89.62,71.23
warmup_5.mp4,620,124.23,133.04,48.5,82.02
warmup_5.mp4,630,160.31,165.85,39.17,26.54
warmup_5.mp4,670,85.47,174.06,45.74,112.8
warmup_5.mp4,680,73.01,166.39,34.56,71.92
warmup_5.mp4,690,73.84,155.94,30.97,89.62
warmup_5.mp4,700,156.4,147.8,24.0,32.28
warmup_5.mp4,710,150.75,168.24,29.03,34.44
warmup_5.mp4,720,156.89,162.99,31.71,44.81
warmup_5.mp4,730,139.37,170.54,40.81,59.13
warmup_5.mp4,740,131.5,150.79,27.13,59.56
warmup_5.mp4,750,132.16,142.24,28.68,48.16
warmup_5.mp4,760,130.89,159.08,26.57,30.92
warmup_5.mp4,770,133.23,166.93,34.11,24.37
warmup_5.mp4,780,136.56,172.68,28.99,17.63
warmup_5.mp4,790,136.5,168.55,28.53,37.8
warmup_5.mp4,800,131.5,159.72,30.72,46.41
warmup_5.mp4,810,136.3,164.4,35.16,35.7
warmup_5.mp4,820,134.52,170.56,29.36,28.37
warmup_5.mp4,830,135.56,163.77,25.33,33.23
warmup_5.mp4,840,139.12,169.27,29.41,30.66
warmup_5.mp4,850,134.63,170.61,31.76,26.0
warmup_6.mp4,10,165.8,143.86,21.37,19.71
warmup_6.mp4,20,164.5,144.52,21.71,19.75
warmup_6.mp4,30,166.86,143.37,21.44,18.64
warmup_6.mp4,40,165.54,144.0,23.21,20.34
warmup_6.mp4,50,166.54,142.09,21.0,18.17
warmup_6.mp4,60,170.2,141.29,22.44,17.49
warmup_6.mp4,70,167.74,142.34,22.04,17.31
warmup_6.mp4,80,166.58,146.2,22.29,20.67
warmup_6.mp4,90,167.93,141.4,20.02,20.01
warmup_6.mp4,100,171.7,140.16,18.99,21.47
warmup_6.mp4,110,167.7,141.28,19.21,26.73
warmup_6.mp4,120,171.61,143.33,19.52,26.71
warmup_6.mp4,130,167.48,143.06,19.19,24.62
warmup_6.mp4,140,167.29,140.26,19.89,24.87
warmup_6.mp4,150,170.02,144.95,21.87,20.36
warmup_6.mp4,160,167.96,144.37,19.91,17.85
warmup_6.mp4,170,167.89,144.11,20.81,20.52
warmup_6.mp4,180,169.56,145.49,20.88,19.52
warmup_6.mp4,190,169.12,142.05,19.69,18.28
warmup_6.mp4,200,169.89,146.19,20.15,18.74
warmup_6.mp4,210,169.31,144.46,20.45,20.51
warmup_6.mp4,220,170.76,142.6,18.64,21.82
warmup_6.mp4,230,169.31,140.9,18.68,27.16
warmup_6.mp4,240,168.15,139.7,18.57,26.03
warmup_6.mp4,250,170.47,146.26,18.05,26.52
warmup_6.mp4,260,168.85,135.93,19.06,28.43
warmup_6.mp4,270,169.54,141.16,20.01,20.02
warmup_6.mp4,280,168.01,140.33,19.56,18.48
warmup_6.mp4,290,168.97,140.29,20.15,18.8
warmup_6.mp4,300,169.65,142.67,21.68,20.11
warmup_6.mp4,310,169.78,142.28,21.47,19.81
warmup_6.mp4,320,170.74,143.49,19.25,19.05
warmup_6.mp4,330,171.57,144.1,18.62,19.33
warmup_6.mp4,340,171.02,141.68,18.84,23.58
warmup_6.mp4,350,170.96,139.06,17.94,27.24
warmup_6.mp4,360,173.34,140.87,17.45,31.55
warmup_6.mp4,370,168.41,143.4,17.92,27.26
warmup_6.mp4,380,169.82,143.05,18.74,27.97
warmup_6.mp4,390,166.81,140.48,19.5,21.24
warmup_6.mp4,400,167.67,141.46,19.58,20.11
warmup_6.mp4,410,167.71,144.36,20.61,18.81
warmup_6.mp4,420,167.69,146.43,19.56,19.44
warmup_6.mp4,430,167.93,144.95,19.37,18.58
warmup_6.mp4,440,166.84,145.18,20.0,19.13
warmup_6.mp4,450,166.8,142.84,19.47,20.43
warmup_6.mp4,460,172.81,138.24,18.34,24.76
warmup_6.mp4,470,172.51,144.2,18.74,27.85
warmup_6.mp4,480,171.79,145.2,17.09,24.32
warmup_6.mp4,490,171.87,142.22,16.56,26.08
warmup_6.mp4,500,170.73,141.94,17.25,24.08
warmup_6.mp4,510,169.49,139.44,17.46,22.32
warmup_6.mp4,520,168.01,141.06,19.04,18.27
warmup_6.mp4,530,169.66,143.48,19.62,17.42
warmup_6.mp4,540,170.53,144.25,18.98,19.69
warmup_6.mp4,550,168.06,144.34,19.65,17.21
warmup_6.mp4,560,168.64,148.03,20.43,19.41
warmup_6.mp4,570,169.3,142.65,19.5,21.01
warmup_6.mp4,580,171.0,140.77,18.52,25.46
warmup_6.mp4,590,170.25,143.21,17.55,22.67
warmup_6.mp4,600,170.13,146.75,17.3,27.58
warmup_6.mp4,610,172.77,146.16,17.24,28.89
warmup_6.mp4,620,172.21,144.94,19.14,24.33
warmup_6.mp4,630,167.84,143.65,18.84,19.56
warmup_6.mp4,640,166.63,143.03,19.44,18.68
warmup_6.mp4,650,168.64,144.84,20.59,18.83
warmup_6.mp4,660,169.83,142.54,19.97,19.77
warmup_6.mp4,670,168.96,143.3,19.71,19.14
warmup_6.mp4,680,169.59,140.57,17.78,19.73
warmup_6.mp4,690,171.24,139.88,18.47,21.94
warmup_6.mp4,700,170.38,141.53,18.49,20.3
warmup_6.mp4,710,168.94,142.23,18.76,21.15
warmup_6.mp4,720,170.44,139.25,20.28,20.74
warmup_6.mp4,730,170.7,137.95,19.94,22.09
warmup_6.mp4,740,167.85,144.35,21.53,21.74
warmup_6.mp4,750,167.73,141.37,19.37,19.36
warmup_6.mp4,760,169.06,142.03,19.86,17.04
warmup_6.mp4,770,172.62,138.84,19.3,30.47
warmup_6.mp4,780,165.53,136.6,20.21,37.79
warmup_6.mp4,790,169.02,137.39,20.14,32.71
warmup_6.mp4,800,165.91,135.0,21.87,35.61
warmup_6.mp4,810,170.79,138.45,21.19,32.33
warmup_6.mp4,820,169.27,142.65,19.67,18.47
warmup_6.mp4,830,167.96,140.8,20.16,17.86
warmup_6.mp4,840,160.37,141.73,20.13,18.3
warmup_6.mp4,850,158.95,143.48,19.61,18.16
warmup_6.mp4,860,167.61,142.27,21.13,18.28
warmup_6.mp4,870,167.55,143.85,19.12,19.08
warmup_6.mp4,880,170.62,134.73,21.29,32.53
warmup_6.mp4,890,163.13,134.7,22.67,38.2
warmup_6.mp4,900,164.48,135.84,20.86,39.3
warmup_6.mp4,910,167.26,138.82,21.63,32.76
warmup_6.mp4,920,167.77,138.82,22.68,31.68
warmup_6.mp4,930,165.38,141.65,19.32,18.47
warmup_6.mp4,940,166.71,144.44,20.74,17.68
warmup_6.mp4,950,159.02,142.9,20.86,20.58
warmup_6.mp4,960,161.65,141.43,21.65,18.31
warmup_6.mp4,970,161.89,142.57,20.4,16.51
warmup_6.mp4,980,165.98,141.84,19.49,16.31
warmup_6.mp4,990,168.27,132.55,22.59,34.24
warmup_6.mp4,1000,165.51,137.93,21.62,35.86
warmup_6.mp4,1010,169.95,136.27,22.37,31.94
warmup_6.mp4,1020,172.38,134.46,23.17,31.46
warmup_6.mp4,1030,169.13,137.07,23.45,36.13
warmup_6.mp4,1040,161.87,141.07,18.79,20.1
warmup_6.mp4,1050,158.89,141.94,20.09,20.36
warmup_6.mp4,1060,160.57,142.19,18.96,20.57
warmup_6.mp4,1070,160.22,145.08,20.18,19.83
warmup_6.mp4,1080,158.98,141.94,20.45,17.9
warmup_6.mp4,1090,164.26,144.32,20.49,18.53
warmup_6.mp4,1100,169.44,136.17,20.96,29.37
warmup_6.mp4,1110,171.14,135.32,21.86,32.08
warmup_6.mp4,1120,169.5,137.03,23.56,31.5
warmup_6.mp4,1130,169.38,137.17,23.94,28.5
warmup_6.mp4,1140,170.67,136.4,25.43,35.57
warmup_6.mp4,1150,165.56,141.37,19.92,20.06
warmup_6.mp4,1160,159.6,138.34,19.78,20.54
warmup_6.mp4,1170,160.46,140.0,21.39,23.99
warmup_6.mp4,1180,158.97,140.01,21.23,23.88
warmup_6.mp4,1190,162.18,138.12,19.84,24.66
warmup_6.mp4,1200,160.72,141.05,20.43,18.21
warmup_6.mp4,1210,158.6,141.14,21.11,21.64
warmup_6.mp4,1220,170.23,139.29,22.46,34.6
warmup_6.mp4,1230,166.46,133.96,22.72,31.95
warmup_6.mp4,1240,167.98,135.41,21.44,33.34
warmup_6.mp4,1250,170.43,136.09,20.87,31.0
warmup_6.mp4,1260,167.51,139.3,19.27,22.57
warmup_6.mp4,1270,169.31,143.72,22.02,19.28
warmup_6.mp4,1280,168.38,144.01,19.88,16.84
warmup_6.mp4,1290,168.42,143.02,19.61,16.67
warmup_6.mp4,1300,168.23,143.44,18.92,18.07
warmup_6.mp4,1310,169.38,143.0,18.94,19.47
warmup_6.mp4,1320,168.63,144.8,18.9,17.17
warmup_6.mp4,1330,166.85,142.13,18.51,16.6
warmup_6.mp4,1340,165.21,142.66,18.93,17.3
warmup_6.mp4,1350,166.43,143.34,19.99,18.11
warmup_6.mp4,1360,168.19,143.19,21.1,18.18
warmup_6.mp4,1370,167.83,141.06,20.06,18.11
warmup_6.mp4,1380,168.26,139.57,19.56,17.88
warmup_6.mp4,1390,169.01,139.15,19.54,16.99
warmup_6.mp4,1400,166.71,143.46,19.42,18.69
warmup_6.mp4,1410,165.29,144.85,19.86,17.4
warmup_6.mp4,1420,165.37,143.74,21.25,17.34
warmup_6.mp4,1430,166.06,143.85,19.96,18.43
warmup_6.mp4,1440,163.66,144.22,19.67,18.16
warmup_6.mp4,1450,166.25,138.58,20.71,17.66
warmup_6.mp4,1460,167.9,144.46,19.11,19.14
warmup_6.mp4,1470,169.21,140.16,20.12,18.28
warmup_6.mp4,1480,166.07,143.01,19.07,19.05
warmup_6.mp4,1490,168.75,142.04,19.61,22.46
warmup_6.mp4,1500,168.27,140.84,18.08,20.24
warmup_6.mp4,1510,166.96,141.33,19.7,17.78
warmup_6.mp4,1520,164.92,141.08,20.88,18.01
warmup_6.mp4,1530,163.98,141.24,19.69,19.03
warmup_6.mp4,1540,166.85,141.86,19.42,15.64
warmup_6.mp4,1550,166.85,145.22,19.18,17.81
warmup_6.mp4,1560,165.61,146.05,18.67,18.54
warmup_6.mp4,1570,168.0,143.5,18.16,17.54
warmup_6.mp4,1580,166.0,143.02,19.2,18.51
warmup_6.mp4,1590,168.47,140.31,18.69,19.88
warmup_6.mp4,1600,169.48,140.86,17.96,18.03
warmup_6.mp4,1610,169.67,140.14,17.97,18.81
warmup_6.mp4,1620,167.03,141.27,18.8,19.39
warmup_6.mp4,1630,168.7,141.09,19.2,15.84
warmup_6.mp4,1640,166.28,142.02,18.44,17.92
warmup_6.mp4,1650,168.76,140.4,17.9,16.77
warmup_6.mp4,1660,171.8,139.24,19.14,19.91
warmup_6.mp4,1670,167.81,140.29,19.57,18.0
warmup_6.mp4,1680,167.57,142.0,19.05,22.15
warmup_6.mp4,1690,167.17,143.24,19.12,18.16
warmup_6.mp4,1700,170.82,138.82,20.18,21.32
warmup_6.mp4,1710,166.09,139.94,21.67,18.41
warmup_6.mp4,1720,164.2,144.03,18.32,16.72
warmup_6.mp4,1730,167.61,144.99,19.54,17.66
warmup_6.mp4,1740,170.5,141.77,19.78,19.55
warmup_6.mp4,1750,170.05,141.34,16.53,19.46
warmup_6.mp4,1760,166.34,138.83,17.24,18.47
warmup_6.mp4,1770,166.55,141.01,17.9,17.47
warmup_6.mp4,1780,167.02,143.03,18.33,16.87
warmup_6.mp4,1790,168.21,142.52,16.95,16.6
warmup_6.mp4,1800,167.78,140.45,17.28,16.8
warmup_6.mp4,1810,167.85,144.91,18.57,15.51
warmup_6.mp4,1820,169.73,142.64,19.67,17.3
warmup_7.mp4,10,88.91,115.46,23.45,22.14
warmup_7.mp4,20,88.73,114.67,24.86,20.95
warmup_7.mp4,30,87.69,118.57,27.65,23.02
warmup_7.mp4,40,87.11,117.68,25.0,22.52
warmup_7.mp4,50,88.88,114.06,20.89,22.85
warmup_7.mp4,60,81.42,107.46,28.8,24.32
warmup_7.mp4,70,70.12,135.41,69.67,80.36
warmup_7.mp4,80,123.17,155.37,84.61,134.13
warmup_7.mp4,90,132.88,168.62,133.84,124.28
warmup_7.mp4,100,164.93,155.75,88.1,110.42
warmup_7.mp4,110,118.59,155.37,36.65,39.06
warmup_7.mp4,120,83.37,107.26,20.82,27.38
warmup_7.mp4,130,76.49,138.02,67.68,86.56
warmup_7.mp4,140,99.65,151.99,99.6,140.91
warmup_7.mp4,150,135.24,169.34,132.55,118.24
warmup_7.mp4,160,157.78,149.07,71.33,95.49
warmup_7.mp4,170,85.91,141.11,51.59,39.39
warmup_7.mp4,180,87.95,107.84,27.07,35.23
warmup_7.mp4,190,83.39,144.92,67.16,102.52
warmup_7.mp4,200,109.35,159.71,109.78,151.43
warmup_7.mp4,210,145.88,172.06,115.05,110.83
warmup_7.mp4,220,157.64,144.83,59.27,84.96
warmup_7.mp4,230,80.22,132.19,50.87,35.52
warmup_7.mp4,240,90.64,110.62,29.45,34.27
warmup_7.mp4,250,90.14,148.01,66.17,105.57
warmup_7.mp4,260,116.42,162.0,119.81,152.49
warmup_7.mp4,270,156.85,172.57,97.55,99.76
warmup_7.mp4,280,151.38,137.46,52.24,76.37
warmup_7.mp4,290,80.35,125.38,37.26,36.49
warmup_7.mp4,300,86.01,116.33,40.27,50.77
warmup_7.mp4,310,95.01,146.22,70.22,121.3
warmup_7.mp4,320,133.92,166.01,130.24,163.28
warmup_7.mp4,330,156.5,171.29,93.16,98.51
warmup_7.mp4,340,157.1,147.14,57.73,79.82
warmup_7.mp4,350,80.25,123.93,34.63,32.02
warmup_7.mp4,360,79.07,101.26,20.35,24.59
warmup_7.mp4,370,77.97,107.17,27.02,28.61
warmup_7.mp4,380,80.76,106.86,26.45,22.42
warmup_7.mp4,390,81.45,114.63,28.96,27.29
warmup_7.mp4,400,83.14,115.03,33.22,20.98
warmup_7.mp4,410,87.2,112.69,22.22,22.14
warmup_7.mp4,420,85.76,113.17,27.03,18.65
warmup_7.mp4,430,85.45,109.82,24.37,19.15
warmup_7.mp4,440,86.43,111.02,24.84,20.8
warmup_7.mp4,450,86.99,114.57,26.04,19.88
warmup_8.mp4,10,117.75,74.86,30.68,18.91
warmup_8.mp4,20,111.14,75.68,26.81,15.45
warmup_8.mp4,30,110.74,78.03,25.74,15.97
warmup_8.mp4,40,111.29,74.81,26.61,16.36
warmup_8.mp4,50,111.65,74.47,27.1,16.53
warmup_8.mp4,60,111.24,75.4,25.67,16.28
warmup_8.mp4,70,111.69,74.27,27.76,16.92
warmup_8.mp4,80,109.68,72.34,27.96,16.21
warmup_8.mp4,90,107.61,68.43,24.53,24.59
warmup_8.mp4,100,109.67,67.33,30.36,41.6
warmup_8.mp4,110,117.57,65.9,36.77,29.02
warmup_8.mp4,120,115.27,69.6,34.29,22.15
warmup_8.mp4,130,108.6,74.46,31.58,14.22
warmup_8.mp4,140,108.24,72.18,25.02,18.84
warmup_8.mp4,150,105.31,64.33,24.6,35.98
warmup_8.mp4,160,112.8,63.67,30.81,34.94
warmup_8.mp4,170,117.07,66.68,34.4,23.92
warmup_8.mp4,180,115.0,72.26,36.51,14.73
warmup_8.mp4,190,111.64,76.02,28.43,15.7
warmup_8.mp4,200,107.77,68.13,24.86,23.99
warmup_8.mp4,210,112.3,72.78,31.4,23.11
warmup_8.mp4,220,114.73,65.08,36.83,25.68
warmup_8.mp4,230,121.16,71.06,37.32,19.51
warmup_8.mp4,240,115.63,73.94,35.77,14.11
warmup_8.mp4,250,112.82,73.95,29.2,16.43
warmup_8.mp4,260,112.92,80.34,26.13,22.48
warmup_8.mp4,270,118.61,62.02,37.1,30.81
warmup_8.mp4,280,120.07,70.81,37.8,20.28
warmup_8.mp4,290,120.05,75.93,40.74,13.27
warmup_8.mp4,300,119.39,77.27,36.7,12.43
warmup_8.mp4,310,116.11,67.04,34.27,28.6
warmup_8.mp4,320,117.52,63.48,41.47,29.0
warmup_8.mp4,330,118.77,68.0,36.17,23.81
warmup_8.mp4,340,120.95,72.38,40.58,16.0
warmup_8.mp4,350,119.6,74.78,38.47,14.43
warmup_8.mp4,360,118.41,74.07,38.03,14.26
warmup_8.mp4,370,123.91,70.86,37.18,25.31
warmup_8.mp4,380,116.98,66.51,33.52,27.74
warmup_8.mp4,390,111.67,72.71,30.05,21.72
warmup_8.mp4,400,116.82,75.88,38.69,15.83
warmup_8.mp4,410,120.2,73.43,39.28,14.67
warmup_8.mp4,420,112.1,72.26,35.29,17.2
warmup_8.mp4,430,120.08,66.43,35.19,35.4
warmup_8.mp4,440,114.85,68.07,35.7,24.09
warmup_8.mp4,450,103.81,74.63,26.19,18.59
warmup_8.mp4,460,114.76,73.93,37.13,16.17
warmup_8.mp4,470,119.08,71.73,40.52,17.26
warmup_8.mp4,480,119.13,66.9,38.09,24.65
warmup_8.mp4,490,115.37,65.91,33.26,27.32
warmup_8.mp4,500,104.92,72.72,27.31,25.31
warmup_8.mp4,510,111.25,74.71,36.24,15.83
warmup_8.mp4,520,115.68,73.1,37.63,16.44
warmup_8.mp4,530,118.53,73.13,33.97,23.01
warmup_8.mp4,540,120.67,70.7,33.82,32.87
warmup_8.mp4,550,112.85,67.5,30.05,33.89
warmup_8.mp4,560,101.08,73.3,29.03,21.57
warmup_8.mp4,570,112.14,73.28,37.63,14.65
warmup_8.mp4,580,121.62,72.72,39.33,22.34
warmup_8.mp4,590,121.66,71.16,34.97,28.43
warmup_8.mp4,600,122.39,66.07,34.06,33.56
warmup_8.mp4,610,110.32,71.4,30.17,21.5
warmup_8.mp4,620,107.06,74.69,28.94,21.01
warmup_8.mp4,630,114.05,75.24,34.47,17.15
warmup_8.mp4,640,116.42,74.21,32.06,18.71
warmup_8.mp4,650,120.76,73.45,37.57,17.67
warmup_8.mp4,660,114.69,73.64,30.76,17.02
warmup_8.mp4,670,115.62,74.55,33.91,15.67
warmup_8.mp4,680,117.17,75.08,33.9,16.7
warmup_8.mp4,690,113.95,75.06,29.49,17.22
warmup_8.mp4,700,116.82,74.44,31.89,18.46
warmup_8.mp4,710,115.84,73.84,31.25,17.48
warmup_8.mp4,720,112.8,73.48,28.96,15.72
warmup_9.mp4,10,133.28,164.16,32.75,29.95
warmup_9.mp4,20,135.79,162.71,33.73,33.56
warmup_9.mp4,30,132.31,162.28,31.45,35.78
warmup_9.mp4,40,134.09,159.81,31.16,31.71
warmup_9.mp4,50,135.68,161.73,33.42,36.06
warmup_9.mp4,60,155.55,150.93,22.42,62.19
warmup_9.mp4,70,152.39,157.87,28.6,90.53
warmup_9.mp4,80,150.69,146.44,10.54,142.73
warmup_9.mp4,90,169.57,168.43,37.05,124.0
warmup_9.mp4,100,138.62,155.97,20.46,129.98
warmup_9.mp4,110,135.61,161.58,20.55,135.53
warmup_9.mp4,120,148.14,164.59,20.2,159.63
warmup_9.mp4,130,149.77,154.93,12.69,132.1
warmup_9.mp4,140,155.19,163.8,20.92,140.25
warmup_9.mp4,150,108.56,163.02,56.45,95.92
warmup_9.mp4,160,81.09,158.48,99.18,59.8
warmup_9.mp4,170,105.27,145.63,144.97,43.98
warmup_9.mp4,180,102.66,127.16,160.89,28.11
warmup_9.mp4,190,106.66,127.62,152.52,39.4
warmup_9.mp4,200,99.57,131.79,153.72,41.68
warmup_9.mp4,210,103.36,119.42,163.61,26.82
warmup_9.mp4,220,101.47,116.89,166.19,33.48
warmup_9.mp4,230,111.23,149.37,132.06,69.16
warmup_9.mp4,240,114.49,155.83,89.87,79.96
warmup_9.mp4,250,132.21,168.06,36.74,127.82
warmup_9.mp4,260,147.56,162.98,18.05,140.52
warmup_9.mp4,270,140.9,167.83,19.46,152.73
warmup_9.mp4,280,135.39,161.6,32.89,162.41
warmup_9.mp4,290,136.49,164.26,26.21,151.68
warmup_9.mp4,300,147.19,165.16,27.74,156.09
warmup_9.mp4,310,136.17,158.7,23.02,130.98
warmup_9.mp4,320,136.65,169.55,59.44,133.47
warmup_9.mp4,330,108.77,162.06,91.75,103.27
warmup_9.mp4,340,115.61,152.13,145.45,50.58
warmup_9.mp4,350,105.49,124.42,162.2,28.4
warmup_9.mp4,360,99.55,123.15,159.04,31.85
warmup_9.mp4,370,104.2,128.51,150.98,43.46
warmup_9.mp4,380,110.03,124.62,159.11,34.42
warmup_9.mp4,390,98.85,126.71,164.11,29.58
warmup_9.mp4,400,105.8,128.64,160.04,37.64
warmup_9.mp4,410,106.64,163.06,128.37,84.79
warmup_9.mp4,420,132.3,163.66,52.18,104.4
warmup_9.mp4,430,136.68,157.95,26.1,151.44
warmup_9.mp4,440,158.49,166.11,13.86,143.58
warmup_9.mp4,450,150.58,159.56,16.16,145.65
warmup_9.mp4,460,132.23,165.84,28.95,157.88
warmup_9.mp4,470,143.6,164.5,16.96,130.89
warmup_9.mp4,480,147.29,150.86,12.65,133.36
warmup_9.mp4,490,137.91,162.85,25.97,153.16
warmup_9.mp4,500,144.21,163.29,61.49,112.19
warmup_9.mp4,510,137.58,158.05,94.44,92.59
warmup_9.mp4,520,105.63,141.04,145.45,44.85
warmup_9.mp4,530,104.79,120.99,162.53,30.05
warmup_9.mp4,540,104.43,133.0,157.3,33.1
warmup_9.mp4,550,112.02,130.16,150.02,39.26
warmup_9.mp4,560,109.12,128.29,165.38,24.22
warmup_9.mp4,570,98.87,117.46,164.98,20.54
warmup_9.mp4,580,114.24,144.58,132.43,60.82
warmup_9.mp4,590,130.36,158.11,69.24,95.0
warmup_9.mp4,600,134.91,168.69,31.66,123.94
warmup_9.mp4,610,149.17,157.18,13.15,129.3
warmup_9.mp4,620,140.2,169.06,17.37,134.91
warmup_9.mp4,630,131.14,167.76,39.52,174.16
warmup_9.mp4,640,132.94,164.11,22.23,151.5
warmup_9.mp4,650,145.12,166.17,26.28,163.89
warmup_9.mp4,660,140.16,157.55,21.87,127.26
warmup_9.mp4,670,125.5,167.1,51.65,144.59
warmup_9.mp4,680,144.58,158.22,68.9,102.72
warmup_9.mp4,690,122.07,154.1,138.35,62.18
warmup_9.mp4,700,103.2,132.02,159.52,34.68
warmup_9.mp4,710,110.0,119.75,166.18,21.11
warmup_9.mp4,720,107.74,136.72,148.18,49.3
warmup_9.mp4,730,109.3,125.97,163.38,31.28
warmup_9.mp4,740,105.63,123.09,167.87,21.98
warmup_9.mp4,750,97.44,139.33,155.66,43.71
warmup_9.mp4,760,122.96,154.32,103.74,88.25
warmup_9.mp4,770,137.45,158.76,48.33,105.01
warmup_9.mp4,780,152.76,163.92,20.12,146.11
warmup_9.mp4,790,164.16,166.93,21.39,153.6
warmup_9.mp4,800,141.39,166.86,24.64,119.82
warmup_9.mp4,810,132.17,161.84,46.77,174.61
warmup_9.mp4,820,138.43,157.71,32.39,132.84
warmup_9.mp4,830,146.71,158.29,24.77,131.33
warmup_9.mp4,840,129.15,156.34,36.67,158.85
warmup_9.mp4,850,139.97,162.21,63.42,102.66
warmup_9.mp4,860,112.47,156.36,137.73,74.7
warmup_9.mp4,870,112.91,126.39,152.6,36.2
warmup_9.mp4,880,106.73,129.47,164.42,32.42
warmup_9.mp4,890,92.79,147.4,143.9,57.29
warmup_9.mp4,900,106.16,131.8,154.87,43.26
warmup_9.mp4,910,100.89,124.51,167.04,24.34
warmup_9.mp4,920,99.1,128.4,157.42,40.04
warmup_9.mp4,930,107.81,160.29,122.32,79.5
warmup_9.mp4,940,115.03,151.36,59.41,77.77
warmup_9.mp4,950,132.67,152.4,30.51,69.2
warmup_9.mp4,960,145.99,164.1,23.44,24.37
warmup_9.mp4,970,142.63,173.33,23.6,19.33
warmup_9.mp4,980,132.39,160.92,23.16,28.91
warmup_9.mp4,990,135.78,159.66,23.07,40.82
warmup_9.mp4,1000,136.53,161.61,23.36,30.28
warmup_9.mp4,1010,140.45,165.11,25.18,30.02
warmup_9.mp4,1020,140.57,165.73,24.17,28.83
warmup_9.mp4,1030,139.23,161.71,27.3,29.19
w_raise.mp4,10,114.64,75.2,31.52,12.2
w_raise.mp4,20,118.6,75.58,33.71,12.24
w_raise.mp4,30,111.82,74.05,30.97,11.85
w_raise.mp4,40,111.25,73.09,30.75,12.84
w_raise.mp4,50,115.17,73.34,30.88,15.57
w_raise.mp4,60,114.2,76.23,30.64,9.37
w_raise.mp4,70,115.62,72.95,33.66,10.87
w_raise.mp4,80,112.71,73.15,34.12,9.7
w_raise.mp4,90,112.53,76.28,40.57,12.89
w_raise.mp4,100,117.33,80.66,49.99,19.93
w_raise.mp4,110,123.51,84.2,64.13,25.01
w_raise.mp4,120,128.07,74.51,74.96,23.43
w_raise.mp4,130,118.15,94.84,73.93,55.71
w_raise.mp4,140,141.33,150.18,110.65,119.87
w_raise.mp4,150,143.09,148.25,98.04,107.39
w_raise.mp4,160,150.06,150.56,95.34,107.1
w_raise.mp4,170,154.48,155.0,129.42,130.92
w_raise.mp4,180,143.13,88.9,127.78,51.15
w_raise.mp4,190,140.64,80.8,122.26,53.94
w_raise.mp4,200,146.45,88.83,128.24,51.09
w_raise.mp4,210,146.84,70.56,126.07,51.5
w_raise.mp4,220,152.62,140.78,120.7,111.96
w_raise.mp4,230,149.47,147.89,99.89,101.83
w_raise.mp4,240,138.23,141.99,93.75,99.53
w_raise.mp4,250,140.19,139.48,95.8,99.32
w_raise.mp4,260,143.49,146.17,106.21,109.91
w_raise.mp4,270,154.77,149.18,106.83,107.54
w_raise.mp4,280,155.22,142.81,125.63,118.09
w_raise.mp4,290,143.59,105.78,127.0,51.36
w_raise.mp4,300,142.57,96.89,124.34,54.12
w_raise.mp4,310,146.31,78.31,120.62,59.75
w_raise.mp4,320,156.67,94.66,138.05,75.28
w_raise.mp4,330,164.4,149.08,127.5,116.27
w_raise.mp4,340,144.65,152.39,113.48,120.2
w_raise.mp4,350,138.28,142.67,94.54,98.82
w_raise.mp4,360,137.8,140.58,98.65,100.18
w_raise.mp4,370,140.86,147.62,104.96,112.54
w_raise.mp4,380,158.91,148.7,115.46,108.2
w_raise.mp4,390,152.94,92.11,117.11,80.96
w_raise.mp4,400,142.77,73.61,119.36,70.75
w_raise.mp4,410,140.49,76.56,119.93,62.5
w_raise.mp4,420,145.35,67.78,126.64,53.3
w_raise.mp4,430,154.12,133.2,130.32,109.55
w_raise.mp4,440,157.66,153.62,113.2,112.15
w_raise.mp4,450,139.68,139.05,80.32,84.27
w_raise.mp4,460,137.1,133.54,87.11,88.19
w_raise.mp4,470,136.15,128.87,75.58,74.93
w_raise.mp4,480,136.71,136.46,82.28,85.66
w_raise.mp4,490,164.02,144.6,110.65,96.04
w_raise.mp4,500,155.4,76.8,127.98,67.06
w_raise.mp4,510,143.6,96.17,121.55,70.24
w_raise.mp4,520,150.46,119.34,127.14,57.39
w_raise.mp4,530,158.19,118.09,131.58,100.01
w_raise.mp4,540,163.73,129.51,115.57,91.98
w_raise.mp4,550,143.57,151.26,114.27,120.81
w_raise.mp4,560,137.67,135.04,94.3,92.79
w_raise.mp4,570,136.47,126.41,77.82,73.07
w_raise.mp4,580,138.54,132.93,102.88,97.2
w_raise.mp4,590,141.28,147.76,105.93,112.15
w_raise.mp4,600,156.2,139.23,111.84,100.29
w_raise.mp4,610,149.35,106.56,126.08,58.95
w_raise.mp4,620,139.5,119.18,124.51,60.78
w_raise.mp4,630,149.6,93.7,131.6,51.98
w_raise.mp4,640,155.42,77.08,136.01,53.93
w_raise.mp4,650,159.85,128.28,123.33,96.99
w_raise.mp4,660,140.82,146.89,95.21,103.87
w_raise.mp4,670,138.37,123.13,76.18,67.16
w_raise.mp4,680,112.41,72.06,59.29,26.31
w_raise.mp4,690,115.58,69.59,43.27,15.54
w_raise.mp4,700,118.27,72.39,38.95,12.2
w_raise.mp4,710,116.75,73.6,34.9,11.72
w_raise.mp4,720,110.62,77.18,28.88,11.12
w_raise.mp4,730,105.61,73.51,27.52,12.49
w_raise.mp4,740,114.42,73.69,34.75,13.5
w_raise.mp4,750,112.03,74.22,31.17,12.82
w_raise.mp4,760,118.47,75.62,32.87,13.23
w_raise.mp4,770,117.94,75.43,33.2,12.27
w_raise.mp4,780,115.49,75.82,31.36,12.7
w_raise.mp4,790,114.68,77.43,28.83,12.62
